# Snaketron classic skin — recorded canvas operations.
# Regenerate with SKIN_GOLDEN_BLESS=1 cargo test -p client skin::goldens
## palette
team=false local_snake=None local_team=None snake_team=None slot=0 count=1 index=0 -> #70bfe3 #5299bb
team=false local_snake=None local_team=None snake_team=None slot=0 count=1 index=1 -> #ff6b6b #b84444
team=false local_snake=None local_team=None snake_team=None slot=0 count=1 index=2 -> #556270 #353c47
team=false local_snake=None local_team=None snake_team=None slot=0 count=1 index=3 -> #f7b731 #a87d1f
team=false local_snake=None local_team=None snake_team=None slot=0 count=2 index=0 -> #ff6b6b #b84444
team=false local_snake=None local_team=None snake_team=None slot=0 count=2 index=1 -> #ff6b6b #b84444
team=false local_snake=None local_team=None snake_team=None slot=0 count=2 index=2 -> #ff6b6b #b84444
team=false local_snake=None local_team=None snake_team=None slot=0 count=2 index=3 -> #ff6b6b #b84444
team=false local_snake=None local_team=None snake_team=None slot=0 count=3 index=0 -> #70bfe3 #5299bb
team=false local_snake=None local_team=None snake_team=None slot=0 count=3 index=1 -> #ff6b6b #b84444
team=false local_snake=None local_team=None snake_team=None slot=0 count=3 index=2 -> #556270 #353c47
team=false local_snake=None local_team=None snake_team=None slot=0 count=3 index=3 -> #f7b731 #a87d1f
team=false local_snake=None local_team=None snake_team=None slot=0 count=4 index=0 -> #70bfe3 #5299bb
team=false local_snake=None local_team=None snake_team=None slot=0 count=4 index=1 -> #ff6b6b #b84444
team=false local_snake=None local_team=None snake_team=None slot=0 count=4 index=2 -> #556270 #353c47
team=false local_snake=None local_team=None snake_team=None slot=0 count=4 index=3 -> #f7b731 #a87d1f
team=false local_snake=None local_team=None snake_team=None slot=1 count=1 index=0 -> #70bfe3 #5299bb
team=false local_snake=None local_team=None snake_team=None slot=1 count=1 index=1 -> #ff6b6b #b84444
team=false local_snake=None local_team=None snake_team=None slot=1 count=1 index=2 -> #556270 #353c47
team=false local_snake=None local_team=None snake_team=None slot=1 count=1 index=3 -> #f7b731 #a87d1f
team=false local_snake=None local_team=None snake_team=None slot=1 count=2 index=0 -> #ff6b6b #b84444
team=false local_snake=None local_team=None snake_team=None slot=1 count=2 index=1 -> #ff6b6b #b84444
team=false local_snake=None local_team=None snake_team=None slot=1 count=2 index=2 -> #ff6b6b #b84444
team=false local_snake=None local_team=None snake_team=None slot=1 count=2 index=3 -> #ff6b6b #b84444
team=false local_snake=None local_team=None snake_team=None slot=1 count=3 index=0 -> #70bfe3 #5299bb
team=false local_snake=None local_team=None snake_team=None slot=1 count=3 index=1 -> #ff6b6b #b84444
team=false local_snake=None local_team=None snake_team=None slot=1 count=3 index=2 -> #556270 #353c47
team=false local_snake=None local_team=None snake_team=None slot=1 count=3 index=3 -> #f7b731 #a87d1f
team=false local_snake=None local_team=None snake_team=None slot=1 count=4 index=0 -> #70bfe3 #5299bb
team=false local_snake=None local_team=None snake_team=None slot=1 count=4 index=1 -> #ff6b6b #b84444
team=false local_snake=None local_team=None snake_team=None slot=1 count=4 index=2 -> #556270 #353c47
team=false local_snake=None local_team=None snake_team=None slot=1 count=4 index=3 -> #f7b731 #a87d1f
team=false local_snake=None local_team=None snake_team=None slot=2 count=1 index=0 -> #70bfe3 #5299bb
team=false local_snake=None local_team=None snake_team=None slot=2 count=1 index=1 -> #ff6b6b #b84444
team=false local_snake=None local_team=None snake_team=None slot=2 count=1 index=2 -> #556270 #353c47
team=false local_snake=None local_team=None snake_team=None slot=2 count=1 index=3 -> #f7b731 #a87d1f
team=false local_snake=None local_team=None snake_team=None slot=2 count=2 index=0 -> #ff6b6b #b84444
team=false local_snake=None local_team=None snake_team=None slot=2 count=2 index=1 -> #ff6b6b #b84444
team=false local_snake=None local_team=None snake_team=None slot=2 count=2 index=2 -> #ff6b6b #b84444
team=false local_snake=None local_team=None snake_team=None slot=2 count=2 index=3 -> #ff6b6b #b84444
team=false local_snake=None local_team=None snake_team=None slot=2 count=3 index=0 -> #70bfe3 #5299bb
team=false local_snake=None local_team=None snake_team=None slot=2 count=3 index=1 -> #ff6b6b #b84444
team=false local_snake=None local_team=None snake_team=None slot=2 count=3 index=2 -> #556270 #353c47
team=false local_snake=None local_team=None snake_team=None slot=2 count=3 index=3 -> #f7b731 #a87d1f
team=false local_snake=None local_team=None snake_team=None slot=2 count=4 index=0 -> #70bfe3 #5299bb
team=false local_snake=None local_team=None snake_team=None slot=2 count=4 index=1 -> #ff6b6b #b84444
team=false local_snake=None local_team=None snake_team=None slot=2 count=4 index=2 -> #556270 #353c47
team=false local_snake=None local_team=None snake_team=None slot=2 count=4 index=3 -> #f7b731 #a87d1f
team=false local_snake=None local_team=None snake_team=Some(0) slot=0 count=1 index=0 -> #70bfe3 #5299bb
team=false local_snake=None local_team=None snake_team=Some(0) slot=0 count=1 index=1 -> #ff6b6b #b84444
team=false local_snake=None local_team=None snake_team=Some(0) slot=0 count=1 index=2 -> #556270 #353c47
team=false local_snake=None local_team=None snake_team=Some(0) slot=0 count=1 index=3 -> #f7b731 #a87d1f
team=false local_snake=None local_team=None snake_team=Some(0) slot=0 count=2 index=0 -> #ff6b6b #b84444
team=false local_snake=None local_team=None snake_team=Some(0) slot=0 count=2 index=1 -> #ff6b6b #b84444
team=false local_snake=None local_team=None snake_team=Some(0) slot=0 count=2 index=2 -> #ff6b6b #b84444
team=false local_snake=None local_team=None snake_team=Some(0) slot=0 count=2 index=3 -> #ff6b6b #b84444
team=false local_snake=None local_team=None snake_team=Some(0) slot=0 count=3 index=0 -> #70bfe3 #5299bb
team=false local_snake=None local_team=None snake_team=Some(0) slot=0 count=3 index=1 -> #ff6b6b #b84444
team=false local_snake=None local_team=None snake_team=Some(0) slot=0 count=3 index=2 -> #556270 #353c47
team=false local_snake=None local_team=None snake_team=Some(0) slot=0 count=3 index=3 -> #f7b731 #a87d1f
team=false local_snake=None local_team=None snake_team=Some(0) slot=0 count=4 index=0 -> #70bfe3 #5299bb
team=false local_snake=None local_team=None snake_team=Some(0) slot=0 count=4 index=1 -> #ff6b6b #b84444
team=false local_snake=None local_team=None snake_team=Some(0) slot=0 count=4 index=2 -> #556270 #353c47
team=false local_snake=None local_team=None snake_team=Some(0) slot=0 count=4 index=3 -> #f7b731 #a87d1f
team=false local_snake=None local_team=None snake_team=Some(0) slot=1 count=1 index=0 -> #70bfe3 #5299bb
team=false local_snake=None local_team=None snake_team=Some(0) slot=1 count=1 index=1 -> #ff6b6b #b84444
team=false local_snake=None local_team=None snake_team=Some(0) slot=1 count=1 index=2 -> #556270 #353c47
team=false local_snake=None local_team=None snake_team=Some(0) slot=1 count=1 index=3 -> #f7b731 #a87d1f
team=false local_snake=None local_team=None snake_team=Some(0) slot=1 count=2 index=0 -> #ff6b6b #b84444
team=false local_snake=None local_team=None snake_team=Some(0) slot=1 count=2 index=1 -> #ff6b6b #b84444
team=false local_snake=None local_team=None snake_team=Some(0) slot=1 count=2 index=2 -> #ff6b6b #b84444
team=false local_snake=None local_team=None snake_team=Some(0) slot=1 count=2 index=3 -> #ff6b6b #b84444
team=false local_snake=None local_team=None snake_team=Some(0) slot=1 count=3 index=0 -> #70bfe3 #5299bb
team=false local_snake=None local_team=None snake_team=Some(0) slot=1 count=3 index=1 -> #ff6b6b #b84444
team=false local_snake=None local_team=None snake_team=Some(0) slot=1 count=3 index=2 -> #556270 #353c47
team=false local_snake=None local_team=None snake_team=Some(0) slot=1 count=3 index=3 -> #f7b731 #a87d1f
team=false local_snake=None local_team=None snake_team=Some(0) slot=1 count=4 index=0 -> #70bfe3 #5299bb
team=false local_snake=None local_team=None snake_team=Some(0) slot=1 count=4 index=1 -> #ff6b6b #b84444
team=false local_snake=None local_team=None snake_team=Some(0) slot=1 count=4 index=2 -> #556270 #353c47
team=false local_snake=None local_team=None snake_team=Some(0) slot=1 count=4 index=3 -> #f7b731 #a87d1f
team=false local_snake=None local_team=None snake_team=Some(0) slot=2 count=1 index=0 -> #70bfe3 #5299bb
team=false local_snake=None local_team=None snake_team=Some(0) slot=2 count=1 index=1 -> #ff6b6b #b84444
team=false local_snake=None local_team=None snake_team=Some(0) slot=2 count=1 index=2 -> #556270 #353c47
team=false local_snake=None local_team=None snake_team=Some(0) slot=2 count=1 index=3 -> #f7b731 #a87d1f
team=false local_snake=None local_team=None snake_team=Some(0) slot=2 count=2 index=0 -> #ff6b6b #b84444
team=false local_snake=None local_team=None snake_team=Some(0) slot=2 count=2 index=1 -> #ff6b6b #b84444
team=false local_snake=None local_team=None snake_team=Some(0) slot=2 count=2 index=2 -> #ff6b6b #b84444
team=false local_snake=None local_team=None snake_team=Some(0) slot=2 count=2 index=3 -> #ff6b6b #b84444
team=false local_snake=None local_team=None snake_team=Some(0) slot=2 count=3 index=0 -> #70bfe3 #5299bb
team=false local_snake=None local_team=None snake_team=Some(0) slot=2 count=3 index=1 -> #ff6b6b #b84444
team=false local_snake=None local_team=None snake_team=Some(0) slot=2 count=3 index=2 -> #556270 #353c47
team=false local_snake=None local_team=None snake_team=Some(0) slot=2 count=3 index=3 -> #f7b731 #a87d1f
team=false local_snake=None local_team=None snake_team=Some(0) slot=2 count=4 index=0 -> #70bfe3 #5299bb
team=false local_snake=None local_team=None snake_team=Some(0) slot=2 count=4 index=1 -> #ff6b6b #b84444
team=false local_snake=None local_team=None snake_team=Some(0) slot=2 count=4 index=2 -> #556270 #353c47
team=false local_snake=None local_team=None snake_team=Some(0) slot=2 count=4 index=3 -> #f7b731 #a87d1f
team=false local_snake=None local_team=None snake_team=Some(1) slot=0 count=1 index=0 -> #70bfe3 #5299bb
team=false local_snake=None local_team=None snake_team=Some(1) slot=0 count=1 index=1 -> #ff6b6b #b84444
team=false local_snake=None local_team=None snake_team=Some(1) slot=0 count=1 index=2 -> #556270 #353c47
team=false local_snake=None local_team=None snake_team=Some(1) slot=0 count=1 index=3 -> #f7b731 #a87d1f
team=false local_snake=None local_team=None snake_team=Some(1) slot=0 count=2 index=0 -> #ff6b6b #b84444
team=false local_snake=None local_team=None snake_team=Some(1) slot=0 count=2 index=1 -> #ff6b6b #b84444
team=false local_snake=None local_team=None snake_team=Some(1) slot=0 count=2 index=2 -> #ff6b6b #b84444
team=false local_snake=None local_team=None snake_team=Some(1) slot=0 count=2 index=3 -> #ff6b6b #b84444
team=false local_snake=None local_team=None snake_team=Some(1) slot=0 count=3 index=0 -> #70bfe3 #5299bb
team=false local_snake=None local_team=None snake_team=Some(1) slot=0 count=3 index=1 -> #ff6b6b #b84444
team=false local_snake=None local_team=None snake_team=Some(1) slot=0 count=3 index=2 -> #556270 #353c47
team=false local_snake=None local_team=None snake_team=Some(1) slot=0 count=3 index=3 -> #f7b731 #a87d1f
team=false local_snake=None local_team=None snake_team=Some(1) slot=0 count=4 index=0 -> #70bfe3 #5299bb
team=false local_snake=None local_team=None snake_team=Some(1) slot=0 count=4 index=1 -> #ff6b6b #b84444
team=false local_snake=None local_team=None snake_team=Some(1) slot=0 count=4 index=2 -> #556270 #353c47
team=false local_snake=None local_team=None snake_team=Some(1) slot=0 count=4 index=3 -> #f7b731 #a87d1f
team=false local_snake=None local_team=None snake_team=Some(1) slot=1 count=1 index=0 -> #70bfe3 #5299bb
team=false local_snake=None local_team=None snake_team=Some(1) slot=1 count=1 index=1 -> #ff6b6b #b84444
team=false local_snake=None local_team=None snake_team=Some(1) slot=1 count=1 index=2 -> #556270 #353c47
team=false local_snake=None local_team=None snake_team=Some(1) slot=1 count=1 index=3 -> #f7b731 #a87d1f
team=false local_snake=None local_team=None snake_team=Some(1) slot=1 count=2 index=0 -> #ff6b6b #b84444
team=false local_snake=None local_team=None snake_team=Some(1) slot=1 count=2 index=1 -> #ff6b6b #b84444
team=false local_snake=None local_team=None snake_team=Some(1) slot=1 count=2 index=2 -> #ff6b6b #b84444
team=false local_snake=None local_team=None snake_team=Some(1) slot=1 count=2 index=3 -> #ff6b6b #b84444
team=false local_snake=None local_team=None snake_team=Some(1) slot=1 count=3 index=0 -> #70bfe3 #5299bb
team=false local_snake=None local_team=None snake_team=Some(1) slot=1 count=3 index=1 -> #ff6b6b #b84444
team=false local_snake=None local_team=None snake_team=Some(1) slot=1 count=3 index=2 -> #556270 #353c47
team=false local_snake=None local_team=None snake_team=Some(1) slot=1 count=3 index=3 -> #f7b731 #a87d1f
team=false local_snake=None local_team=None snake_team=Some(1) slot=1 count=4 index=0 -> #70bfe3 #5299bb
team=false local_snake=None local_team=None snake_team=Some(1) slot=1 count=4 index=1 -> #ff6b6b #b84444
team=false local_snake=None local_team=None snake_team=Some(1) slot=1 count=4 index=2 -> #556270 #353c47
team=false local_snake=None local_team=None snake_team=Some(1) slot=1 count=4 index=3 -> #f7b731 #a87d1f
team=false local_snake=None local_team=None snake_team=Some(1) slot=2 count=1 index=0 -> #70bfe3 #5299bb
team=false local_snake=None local_team=None snake_team=Some(1) slot=2 count=1 index=1 -> #ff6b6b #b84444
team=false local_snake=None local_team=None snake_team=Some(1) slot=2 count=1 index=2 -> #556270 #353c47
team=false local_snake=None local_team=None snake_team=Some(1) slot=2 count=1 index=3 -> #f7b731 #a87d1f
team=false local_snake=None local_team=None snake_team=Some(1) slot=2 count=2 index=0 -> #ff6b6b #b84444
team=false local_snake=None local_team=None snake_team=Some(1) slot=2 count=2 index=1 -> #ff6b6b #b84444
team=false local_snake=None local_team=None snake_team=Some(1) slot=2 count=2 index=2 -> #ff6b6b #b84444
team=false local_snake=None local_team=None snake_team=Some(1) slot=2 count=2 index=3 -> #ff6b6b #b84444
team=false local_snake=None local_team=None snake_team=Some(1) slot=2 count=3 index=0 -> #70bfe3 #5299bb
team=false local_snake=None local_team=None snake_team=Some(1) slot=2 count=3 index=1 -> #ff6b6b #b84444
team=false local_snake=None local_team=None snake_team=Some(1) slot=2 count=3 index=2 -> #556270 #353c47
team=false local_snake=None local_team=None snake_team=Some(1) slot=2 count=3 index=3 -> #f7b731 #a87d1f
team=false local_snake=None local_team=None snake_team=Some(1) slot=2 count=4 index=0 -> #70bfe3 #5299bb
team=false local_snake=None local_team=None snake_team=Some(1) slot=2 count=4 index=1 -> #ff6b6b #b84444
team=false local_snake=None local_team=None snake_team=Some(1) slot=2 count=4 index=2 -> #556270 #353c47
team=false local_snake=None local_team=None snake_team=Some(1) slot=2 count=4 index=3 -> #f7b731 #a87d1f
team=false local_snake=None local_team=Some(0) snake_team=None slot=0 count=1 index=0 -> #70bfe3 #5299bb
team=false local_snake=None local_team=Some(0) snake_team=None slot=0 count=1 index=1 -> #ff6b6b #b84444
team=false local_snake=None local_team=Some(0) snake_team=None slot=0 count=1 index=2 -> #556270 #353c47
team=false local_snake=None local_team=Some(0) snake_team=None slot=0 count=1 index=3 -> #f7b731 #a87d1f
team=false local_snake=None local_team=Some(0) snake_team=None slot=0 count=2 index=0 -> #ff6b6b #b84444
team=false local_snake=None local_team=Some(0) snake_team=None slot=0 count=2 index=1 -> #ff6b6b #b84444
team=false local_snake=None local_team=Some(0) snake_team=None slot=0 count=2 index=2 -> #ff6b6b #b84444
team=false local_snake=None local_team=Some(0) snake_team=None slot=0 count=2 index=3 -> #ff6b6b #b84444
team=false local_snake=None local_team=Some(0) snake_team=None slot=0 count=3 index=0 -> #70bfe3 #5299bb
team=false local_snake=None local_team=Some(0) snake_team=None slot=0 count=3 index=1 -> #ff6b6b #b84444
team=false local_snake=None local_team=Some(0) snake_team=None slot=0 count=3 index=2 -> #556270 #353c47
team=false local_snake=None local_team=Some(0) snake_team=None slot=0 count=3 index=3 -> #f7b731 #a87d1f
team=false local_snake=None local_team=Some(0) snake_team=None slot=0 count=4 index=0 -> #70bfe3 #5299bb
team=false local_snake=None local_team=Some(0) snake_team=None slot=0 count=4 index=1 -> #ff6b6b #b84444
team=false local_snake=None local_team=Some(0) snake_team=None slot=0 count=4 index=2 -> #556270 #353c47
team=false local_snake=None local_team=Some(0) snake_team=None slot=0 count=4 index=3 -> #f7b731 #a87d1f
team=false local_snake=None local_team=Some(0) snake_team=None slot=1 count=1 index=0 -> #70bfe3 #5299bb
team=false local_snake=None local_team=Some(0) snake_team=None slot=1 count=1 index=1 -> #ff6b6b #b84444
team=false local_snake=None local_team=Some(0) snake_team=None slot=1 count=1 index=2 -> #556270 #353c47
team=false local_snake=None local_team=Some(0) snake_team=None slot=1 count=1 index=3 -> #f7b731 #a87d1f
team=false local_snake=None local_team=Some(0) snake_team=None slot=1 count=2 index=0 -> #ff6b6b #b84444
team=false local_snake=None local_team=Some(0) snake_team=None slot=1 count=2 index=1 -> #ff6b6b #b84444
team=false local_snake=None local_team=Some(0) snake_team=None slot=1 count=2 index=2 -> #ff6b6b #b84444
team=false local_snake=None local_team=Some(0) snake_team=None slot=1 count=2 index=3 -> #ff6b6b #b84444
team=false local_snake=None local_team=Some(0) snake_team=None slot=1 count=3 index=0 -> #70bfe3 #5299bb
team=false local_snake=None local_team=Some(0) snake_team=None slot=1 count=3 index=1 -> #ff6b6b #b84444
team=false local_snake=None local_team=Some(0) snake_team=None slot=1 count=3 index=2 -> #556270 #353c47
team=false local_snake=None local_team=Some(0) snake_team=None slot=1 count=3 index=3 -> #f7b731 #a87d1f
team=false local_snake=None local_team=Some(0) snake_team=None slot=1 count=4 index=0 -> #70bfe3 #5299bb
team=false local_snake=None local_team=Some(0) snake_team=None slot=1 count=4 index=1 -> #ff6b6b #b84444
team=false local_snake=None local_team=Some(0) snake_team=None slot=1 count=4 index=2 -> #556270 #353c47
team=false local_snake=None local_team=Some(0) snake_team=None slot=1 count=4 index=3 -> #f7b731 #a87d1f
team=false local_snake=None local_team=Some(0) snake_team=None slot=2 count=1 index=0 -> #70bfe3 #5299bb
team=false local_snake=None local_team=Some(0) snake_team=None slot=2 count=1 index=1 -> #ff6b6b #b84444
team=false local_snake=None local_team=Some(0) snake_team=None slot=2 count=1 index=2 -> #556270 #353c47
team=false local_snake=None local_team=Some(0) snake_team=None slot=2 count=1 index=3 -> #f7b731 #a87d1f
team=false local_snake=None local_team=Some(0) snake_team=None slot=2 count=2 index=0 -> #ff6b6b #b84444
team=false local_snake=None local_team=Some(0) snake_team=None slot=2 count=2 index=1 -> #ff6b6b #b84444
team=false local_snake=None local_team=Some(0) snake_team=None slot=2 count=2 index=2 -> #ff6b6b #b84444
team=false local_snake=None local_team=Some(0) snake_team=None slot=2 count=2 index=3 -> #ff6b6b #b84444
team=false local_snake=None local_team=Some(0) snake_team=None slot=2 count=3 index=0 -> #70bfe3 #5299bb
team=false local_snake=None local_team=Some(0) snake_team=None slot=2 count=3 index=1 -> #ff6b6b #b84444
team=false local_snake=None local_team=Some(0) snake_team=None slot=2 count=3 index=2 -> #556270 #353c47
team=false local_snake=None local_team=Some(0) snake_team=None slot=2 count=3 index=3 -> #f7b731 #a87d1f
team=false local_snake=None local_team=Some(0) snake_team=None slot=2 count=4 index=0 -> #70bfe3 #5299bb
team=false local_snake=None local_team=Some(0) snake_team=None slot=2 count=4 index=1 -> #ff6b6b #b84444
team=false local_snake=None local_team=Some(0) snake_team=None slot=2 count=4 index=2 -> #556270 #353c47
team=false local_snake=None local_team=Some(0) snake_team=None slot=2 count=4 index=3 -> #f7b731 #a87d1f
team=false local_snake=None local_team=Some(0) snake_team=Some(0) slot=0 count=1 index=0 -> #70bfe3 #5299bb
team=false local_snake=None local_team=Some(0) snake_team=Some(0) slot=0 count=1 index=1 -> #ff6b6b #b84444
team=false local_snake=None local_team=Some(0) snake_team=Some(0) slot=0 count=1 index=2 -> #556270 #353c47
team=false local_snake=None local_team=Some(0) snake_team=Some(0) slot=0 count=1 index=3 -> #f7b731 #a87d1f
team=false local_snake=None local_team=Some(0) snake_team=Some(0) slot=0 count=2 index=0 -> #ff6b6b #b84444
team=false local_snake=None local_team=Some(0) snake_team=Some(0) slot=0 count=2 index=1 -> #ff6b6b #b84444
team=false local_snake=None local_team=Some(0) snake_team=Some(0) slot=0 count=2 index=2 -> #ff6b6b #b84444
team=false local_snake=None local_team=Some(0) snake_team=Some(0) slot=0 count=2 index=3 -> #ff6b6b #b84444
team=false local_snake=None local_team=Some(0) snake_team=Some(0) slot=0 count=3 index=0 -> #70bfe3 #5299bb
team=false local_snake=None local_team=Some(0) snake_team=Some(0) slot=0 count=3 index=1 -> #ff6b6b #b84444
team=false local_snake=None local_team=Some(0) snake_team=Some(0) slot=0 count=3 index=2 -> #556270 #353c47
team=false local_snake=None local_team=Some(0) snake_team=Some(0) slot=0 count=3 index=3 -> #f7b731 #a87d1f
team=false local_snake=None local_team=Some(0) snake_team=Some(0) slot=0 count=4 index=0 -> #70bfe3 #5299bb
team=false local_snake=None local_team=Some(0) snake_team=Some(0) slot=0 count=4 index=1 -> #ff6b6b #b84444
team=false local_snake=None local_team=Some(0) snake_team=Some(0) slot=0 count=4 index=2 -> #556270 #353c47
team=false local_snake=None local_team=Some(0) snake_team=Some(0) slot=0 count=4 index=3 -> #f7b731 #a87d1f
team=false local_snake=None local_team=Some(0) snake_team=Some(0) slot=1 count=1 index=0 -> #70bfe3 #5299bb
team=false local_snake=None local_team=Some(0) snake_team=Some(0) slot=1 count=1 index=1 -> #ff6b6b #b84444
team=false local_snake=None local_team=Some(0) snake_team=Some(0) slot=1 count=1 index=2 -> #556270 #353c47
team=false local_snake=None local_team=Some(0) snake_team=Some(0) slot=1 count=1 index=3 -> #f7b731 #a87d1f
team=false local_snake=None local_team=Some(0) snake_team=Some(0) slot=1 count=2 index=0 -> #ff6b6b #b84444
team=false local_snake=None local_team=Some(0) snake_team=Some(0) slot=1 count=2 index=1 -> #ff6b6b #b84444
team=false local_snake=None local_team=Some(0) snake_team=Some(0) slot=1 count=2 index=2 -> #ff6b6b #b84444
team=false local_snake=None local_team=Some(0) snake_team=Some(0) slot=1 count=2 index=3 -> #ff6b6b #b84444
team=false local_snake=None local_team=Some(0) snake_team=Some(0) slot=1 count=3 index=0 -> #70bfe3 #5299bb
team=false local_snake=None local_team=Some(0) snake_team=Some(0) slot=1 count=3 index=1 -> #ff6b6b #b84444
team=false local_snake=None local_team=Some(0) snake_team=Some(0) slot=1 count=3 index=2 -> #556270 #353c47
team=false local_snake=None local_team=Some(0) snake_team=Some(0) slot=1 count=3 index=3 -> #f7b731 #a87d1f
team=false local_snake=None local_team=Some(0) snake_team=Some(0) slot=1 count=4 index=0 -> #70bfe3 #5299bb
team=false local_snake=None local_team=Some(0) snake_team=Some(0) slot=1 count=4 index=1 -> #ff6b6b #b84444
team=false local_snake=None local_team=Some(0) snake_team=Some(0) slot=1 count=4 index=2 -> #556270 #353c47
team=false local_snake=None local_team=Some(0) snake_team=Some(0) slot=1 count=4 index=3 -> #f7b731 #a87d1f
team=false local_snake=None local_team=Some(0) snake_team=Some(0) slot=2 count=1 index=0 -> #70bfe3 #5299bb
team=false local_snake=None local_team=Some(0) snake_team=Some(0) slot=2 count=1 index=1 -> #ff6b6b #b84444
team=false local_snake=None local_team=Some(0) snake_team=Some(0) slot=2 count=1 index=2 -> #556270 #353c47
team=false local_snake=None local_team=Some(0) snake_team=Some(0) slot=2 count=1 index=3 -> #f7b731 #a87d1f
team=false local_snake=None local_team=Some(0) snake_team=Some(0) slot=2 count=2 index=0 -> #ff6b6b #b84444
team=false local_snake=None local_team=Some(0) snake_team=Some(0) slot=2 count=2 index=1 -> #ff6b6b #b84444
team=false local_snake=None local_team=Some(0) snake_team=Some(0) slot=2 count=2 index=2 -> #ff6b6b #b84444
team=false local_snake=None local_team=Some(0) snake_team=Some(0) slot=2 count=2 index=3 -> #ff6b6b #b84444
team=false local_snake=None local_team=Some(0) snake_team=Some(0) slot=2 count=3 index=0 -> #70bfe3 #5299bb
team=false local_snake=None local_team=Some(0) snake_team=Some(0) slot=2 count=3 index=1 -> #ff6b6b #b84444
team=false local_snake=None local_team=Some(0) snake_team=Some(0) slot=2 count=3 index=2 -> #556270 #353c47
team=false local_snake=None local_team=Some(0) snake_team=Some(0) slot=2 count=3 index=3 -> #f7b731 #a87d1f
team=false local_snake=None local_team=Some(0) snake_team=Some(0) slot=2 count=4 index=0 -> #70bfe3 #5299bb
team=false local_snake=None local_team=Some(0) snake_team=Some(0) slot=2 count=4 index=1 -> #ff6b6b #b84444
team=false local_snake=None local_team=Some(0) snake_team=Some(0) slot=2 count=4 index=2 -> #556270 #353c47
team=false local_snake=None local_team=Some(0) snake_team=Some(0) slot=2 count=4 index=3 -> #f7b731 #a87d1f
team=false local_snake=None local_team=Some(0) snake_team=Some(1) slot=0 count=1 index=0 -> #70bfe3 #5299bb
team=false local_snake=None local_team=Some(0) snake_team=Some(1) slot=0 count=1 index=1 -> #ff6b6b #b84444
team=false local_snake=None local_team=Some(0) snake_team=Some(1) slot=0 count=1 index=2 -> #556270 #353c47
team=false local_snake=None local_team=Some(0) snake_team=Some(1) slot=0 count=1 index=3 -> #f7b731 #a87d1f
team=false local_snake=None local_team=Some(0) snake_team=Some(1) slot=0 count=2 index=0 -> #ff6b6b #b84444
team=false local_snake=None local_team=Some(0) snake_team=Some(1) slot=0 count=2 index=1 -> #ff6b6b #b84444
team=false local_snake=None local_team=Some(0) snake_team=Some(1) slot=0 count=2 index=2 -> #ff6b6b #b84444
team=false local_snake=None local_team=Some(0) snake_team=Some(1) slot=0 count=2 index=3 -> #ff6b6b #b84444
team=false local_snake=None local_team=Some(0) snake_team=Some(1) slot=0 count=3 index=0 -> #70bfe3 #5299bb
team=false local_snake=None local_team=Some(0) snake_team=Some(1) slot=0 count=3 index=1 -> #ff6b6b #b84444
team=false local_snake=None local_team=Some(0) snake_team=Some(1) slot=0 count=3 index=2 -> #556270 #353c47
team=false local_snake=None local_team=Some(0) snake_team=Some(1) slot=0 count=3 index=3 -> #f7b731 #a87d1f
team=false local_snake=None local_team=Some(0) snake_team=Some(1) slot=0 count=4 index=0 -> #70bfe3 #5299bb
team=false local_snake=None local_team=Some(0) snake_team=Some(1) slot=0 count=4 index=1 -> #ff6b6b #b84444
team=false local_snake=None local_team=Some(0) snake_team=Some(1) slot=0 count=4 index=2 -> #556270 #353c47
team=false local_snake=None local_team=Some(0) snake_team=Some(1) slot=0 count=4 index=3 -> #f7b731 #a87d1f
team=false local_snake=None local_team=Some(0) snake_team=Some(1) slot=1 count=1 index=0 -> #70bfe3 #5299bb
team=false local_snake=None local_team=Some(0) snake_team=Some(1) slot=1 count=1 index=1 -> #ff6b6b #b84444
team=false local_snake=None local_team=Some(0) snake_team=Some(1) slot=1 count=1 index=2 -> #556270 #353c47
team=false local_snake=None local_team=Some(0) snake_team=Some(1) slot=1 count=1 index=3 -> #f7b731 #a87d1f
team=false local_snake=None local_team=Some(0) snake_team=Some(1) slot=1 count=2 index=0 -> #ff6b6b #b84444
team=false local_snake=None local_team=Some(0) snake_team=Some(1) slot=1 count=2 index=1 -> #ff6b6b #b84444
team=false local_snake=None local_team=Some(0) snake_team=Some(1) slot=1 count=2 index=2 -> #ff6b6b #b84444
team=false local_snake=None local_team=Some(0) snake_team=Some(1) slot=1 count=2 index=3 -> #ff6b6b #b84444
team=false local_snake=None local_team=Some(0) snake_team=Some(1) slot=1 count=3 index=0 -> #70bfe3 #5299bb
team=false local_snake=None local_team=Some(0) snake_team=Some(1) slot=1 count=3 index=1 -> #ff6b6b #b84444
team=false local_snake=None local_team=Some(0) snake_team=Some(1) slot=1 count=3 index=2 -> #556270 #353c47
team=false local_snake=None local_team=Some(0) snake_team=Some(1) slot=1 count=3 index=3 -> #f7b731 #a87d1f
team=false local_snake=None local_team=Some(0) snake_team=Some(1) slot=1 count=4 index=0 -> #70bfe3 #5299bb
team=false local_snake=None local_team=Some(0) snake_team=Some(1) slot=1 count=4 index=1 -> #ff6b6b #b84444
team=false local_snake=None local_team=Some(0) snake_team=Some(1) slot=1 count=4 index=2 -> #556270 #353c47
team=false local_snake=None local_team=Some(0) snake_team=Some(1) slot=1 count=4 index=3 -> #f7b731 #a87d1f
team=false local_snake=None local_team=Some(0) snake_team=Some(1) slot=2 count=1 index=0 -> #70bfe3 #5299bb
team=false local_snake=None local_team=Some(0) snake_team=Some(1) slot=2 count=1 index=1 -> #ff6b6b #b84444
team=false local_snake=None local_team=Some(0) snake_team=Some(1) slot=2 count=1 index=2 -> #556270 #353c47
team=false local_snake=None local_team=Some(0) snake_team=Some(1) slot=2 count=1 index=3 -> #f7b731 #a87d1f
team=false local_snake=None local_team=Some(0) snake_team=Some(1) slot=2 count=2 index=0 -> #ff6b6b #b84444
team=false local_snake=None local_team=Some(0) snake_team=Some(1) slot=2 count=2 index=1 -> #ff6b6b #b84444
team=false local_snake=None local_team=Some(0) snake_team=Some(1) slot=2 count=2 index=2 -> #ff6b6b #b84444
team=false local_snake=None local_team=Some(0) snake_team=Some(1) slot=2 count=2 index=3 -> #ff6b6b #b84444
team=false local_snake=None local_team=Some(0) snake_team=Some(1) slot=2 count=3 index=0 -> #70bfe3 #5299bb
team=false local_snake=None local_team=Some(0) snake_team=Some(1) slot=2 count=3 index=1 -> #ff6b6b #b84444
team=false local_snake=None local_team=Some(0) snake_team=Some(1) slot=2 count=3 index=2 -> #556270 #353c47
team=false local_snake=None local_team=Some(0) snake_team=Some(1) slot=2 count=3 index=3 -> #f7b731 #a87d1f
team=false local_snake=None local_team=Some(0) snake_team=Some(1) slot=2 count=4 index=0 -> #70bfe3 #5299bb
team=false local_snake=None local_team=Some(0) snake_team=Some(1) slot=2 count=4 index=1 -> #ff6b6b #b84444
team=false local_snake=None local_team=Some(0) snake_team=Some(1) slot=2 count=4 index=2 -> #556270 #353c47
team=false local_snake=None local_team=Some(0) snake_team=Some(1) slot=2 count=4 index=3 -> #f7b731 #a87d1f
team=false local_snake=None local_team=Some(1) snake_team=None slot=0 count=1 index=0 -> #70bfe3 #5299bb
team=false local_snake=None local_team=Some(1) snake_team=None slot=0 count=1 index=1 -> #ff6b6b #b84444
team=false local_snake=None local_team=Some(1) snake_team=None slot=0 count=1 index=2 -> #556270 #353c47
team=false local_snake=None local_team=Some(1) snake_team=None slot=0 count=1 index=3 -> #f7b731 #a87d1f
team=false local_snake=None local_team=Some(1) snake_team=None slot=0 count=2 index=0 -> #ff6b6b #b84444
team=false local_snake=None local_team=Some(1) snake_team=None slot=0 count=2 index=1 -> #ff6b6b #b84444
team=false local_snake=None local_team=Some(1) snake_team=None slot=0 count=2 index=2 -> #ff6b6b #b84444
team=false local_snake=None local_team=Some(1) snake_team=None slot=0 count=2 index=3 -> #ff6b6b #b84444
team=false local_snake=None local_team=Some(1) snake_team=None slot=0 count=3 index=0 -> #70bfe3 #5299bb
team=false local_snake=None local_team=Some(1) snake_team=None slot=0 count=3 index=1 -> #ff6b6b #b84444
team=false local_snake=None local_team=Some(1) snake_team=None slot=0 count=3 index=2 -> #556270 #353c47
team=false local_snake=None local_team=Some(1) snake_team=None slot=0 count=3 index=3 -> #f7b731 #a87d1f
team=false local_snake=None local_team=Some(1) snake_team=None slot=0 count=4 index=0 -> #70bfe3 #5299bb
team=false local_snake=None local_team=Some(1) snake_team=None slot=0 count=4 index=1 -> #ff6b6b #b84444
team=false local_snake=None local_team=Some(1) snake_team=None slot=0 count=4 index=2 -> #556270 #353c47
team=false local_snake=None local_team=Some(1) snake_team=None slot=0 count=4 index=3 -> #f7b731 #a87d1f
team=false local_snake=None local_team=Some(1) snake_team=None slot=1 count=1 index=0 -> #70bfe3 #5299bb
team=false local_snake=None local_team=Some(1) snake_team=None slot=1 count=1 index=1 -> #ff6b6b #b84444
team=false local_snake=None local_team=Some(1) snake_team=None slot=1 count=1 index=2 -> #556270 #353c47
team=false local_snake=None local_team=Some(1) snake_team=None slot=1 count=1 index=3 -> #f7b731 #a87d1f
team=false local_snake=None local_team=Some(1) snake_team=None slot=1 count=2 index=0 -> #ff6b6b #b84444
team=false local_snake=None local_team=Some(1) snake_team=None slot=1 count=2 index=1 -> #ff6b6b #b84444
team=false local_snake=None local_team=Some(1) snake_team=None slot=1 count=2 index=2 -> #ff6b6b #b84444
team=false local_snake=None local_team=Some(1) snake_team=None slot=1 count=2 index=3 -> #ff6b6b #b84444
team=false local_snake=None local_team=Some(1) snake_team=None slot=1 count=3 index=0 -> #70bfe3 #5299bb
team=false local_snake=None local_team=Some(1) snake_team=None slot=1 count=3 index=1 -> #ff6b6b #b84444
team=false local_snake=None local_team=Some(1) snake_team=None slot=1 count=3 index=2 -> #556270 #353c47
team=false local_snake=None local_team=Some(1) snake_team=None slot=1 count=3 index=3 -> #f7b731 #a87d1f
team=false local_snake=None local_team=Some(1) snake_team=None slot=1 count=4 index=0 -> #70bfe3 #5299bb
team=false local_snake=None local_team=Some(1) snake_team=None slot=1 count=4 index=1 -> #ff6b6b #b84444
team=false local_snake=None local_team=Some(1) snake_team=None slot=1 count=4 index=2 -> #556270 #353c47
team=false local_snake=None local_team=Some(1) snake_team=None slot=1 count=4 index=3 -> #f7b731 #a87d1f
team=false local_snake=None local_team=Some(1) snake_team=None slot=2 count=1 index=0 -> #70bfe3 #5299bb
team=false local_snake=None local_team=Some(1) snake_team=None slot=2 count=1 index=1 -> #ff6b6b #b84444
team=false local_snake=None local_team=Some(1) snake_team=None slot=2 count=1 index=2 -> #556270 #353c47
team=false local_snake=None local_team=Some(1) snake_team=None slot=2 count=1 index=3 -> #f7b731 #a87d1f
team=false local_snake=None local_team=Some(1) snake_team=None slot=2 count=2 index=0 -> #ff6b6b #b84444
team=false local_snake=None local_team=Some(1) snake_team=None slot=2 count=2 index=1 -> #ff6b6b #b84444
team=false local_snake=None local_team=Some(1) snake_team=None slot=2 count=2 index=2 -> #ff6b6b #b84444
team=false local_snake=None local_team=Some(1) snake_team=None slot=2 count=2 index=3 -> #ff6b6b #b84444
team=false local_snake=None local_team=Some(1) snake_team=None slot=2 count=3 index=0 -> #70bfe3 #5299bb
team=false local_snake=None local_team=Some(1) snake_team=None slot=2 count=3 index=1 -> #ff6b6b #b84444
team=false local_snake=None local_team=Some(1) snake_team=None slot=2 count=3 index=2 -> #556270 #353c47
team=false local_snake=None local_team=Some(1) snake_team=None slot=2 count=3 index=3 -> #f7b731 #a87d1f
team=false local_snake=None local_team=Some(1) snake_team=None slot=2 count=4 index=0 -> #70bfe3 #5299bb
team=false local_snake=None local_team=Some(1) snake_team=None slot=2 count=4 index=1 -> #ff6b6b #b84444
team=false local_snake=None local_team=Some(1) snake_team=None slot=2 count=4 index=2 -> #556270 #353c47
team=false local_snake=None local_team=Some(1) snake_team=None slot=2 count=4 index=3 -> #f7b731 #a87d1f
team=false local_snake=None local_team=Some(1) snake_team=Some(0) slot=0 count=1 index=0 -> #70bfe3 #5299bb
team=false local_snake=None local_team=Some(1) snake_team=Some(0) slot=0 count=1 index=1 -> #ff6b6b #b84444
team=false local_snake=None local_team=Some(1) snake_team=Some(0) slot=0 count=1 index=2 -> #556270 #353c47
team=false local_snake=None local_team=Some(1) snake_team=Some(0) slot=0 count=1 index=3 -> #f7b731 #a87d1f
team=false local_snake=None local_team=Some(1) snake_team=Some(0) slot=0 count=2 index=0 -> #ff6b6b #b84444
team=false local_snake=None local_team=Some(1) snake_team=Some(0) slot=0 count=2 index=1 -> #ff6b6b #b84444
team=false local_snake=None local_team=Some(1) snake_team=Some(0) slot=0 count=2 index=2 -> #ff6b6b #b84444
team=false local_snake=None local_team=Some(1) snake_team=Some(0) slot=0 count=2 index=3 -> #ff6b6b #b84444
team=false local_snake=None local_team=Some(1) snake_team=Some(0) slot=0 count=3 index=0 -> #70bfe3 #5299bb
team=false local_snake=None local_team=Some(1) snake_team=Some(0) slot=0 count=3 index=1 -> #ff6b6b #b84444
team=false local_snake=None local_team=Some(1) snake_team=Some(0) slot=0 count=3 index=2 -> #556270 #353c47
team=false local_snake=None local_team=Some(1) snake_team=Some(0) slot=0 count=3 index=3 -> #f7b731 #a87d1f
team=false local_snake=None local_team=Some(1) snake_team=Some(0) slot=0 count=4 index=0 -> #70bfe3 #5299bb
team=false local_snake=None local_team=Some(1) snake_team=Some(0) slot=0 count=4 index=1 -> #ff6b6b #b84444
team=false local_snake=None local_team=Some(1) snake_team=Some(0) slot=0 count=4 index=2 -> #556270 #353c47
team=false local_snake=None local_team=Some(1) snake_team=Some(0) slot=0 count=4 index=3 -> #f7b731 #a87d1f
team=false local_snake=None local_team=Some(1) snake_team=Some(0) slot=1 count=1 index=0 -> #70bfe3 #5299bb
team=false local_snake=None local_team=Some(1) snake_team=Some(0) slot=1 count=1 index=1 -> #ff6b6b #b84444
team=false local_snake=None local_team=Some(1) snake_team=Some(0) slot=1 count=1 index=2 -> #556270 #353c47
team=false local_snake=None local_team=Some(1) snake_team=Some(0) slot=1 count=1 index=3 -> #f7b731 #a87d1f
team=false local_snake=None local_team=Some(1) snake_team=Some(0) slot=1 count=2 index=0 -> #ff6b6b #b84444
team=false local_snake=None local_team=Some(1) snake_team=Some(0) slot=1 count=2 index=1 -> #ff6b6b #b84444
team=false local_snake=None local_team=Some(1) snake_team=Some(0) slot=1 count=2 index=2 -> #ff6b6b #b84444
team=false local_snake=None local_team=Some(1) snake_team=Some(0) slot=1 count=2 index=3 -> #ff6b6b #b84444
team=false local_snake=None local_team=Some(1) snake_team=Some(0) slot=1 count=3 index=0 -> #70bfe3 #5299bb
team=false local_snake=None local_team=Some(1) snake_team=Some(0) slot=1 count=3 index=1 -> #ff6b6b #b84444
team=false local_snake=None local_team=Some(1) snake_team=Some(0) slot=1 count=3 index=2 -> #556270 #353c47
team=false local_snake=None local_team=Some(1) snake_team=Some(0) slot=1 count=3 index=3 -> #f7b731 #a87d1f
team=false local_snake=None local_team=Some(1) snake_team=Some(0) slot=1 count=4 index=0 -> #70bfe3 #5299bb
team=false local_snake=None local_team=Some(1) snake_team=Some(0) slot=1 count=4 index=1 -> #ff6b6b #b84444
team=false local_snake=None local_team=Some(1) snake_team=Some(0) slot=1 count=4 index=2 -> #556270 #353c47
team=false local_snake=None local_team=Some(1) snake_team=Some(0) slot=1 count=4 index=3 -> #f7b731 #a87d1f
team=false local_snake=None local_team=Some(1) snake_team=Some(0) slot=2 count=1 index=0 -> #70bfe3 #5299bb
team=false local_snake=None local_team=Some(1) snake_team=Some(0) slot=2 count=1 index=1 -> #ff6b6b #b84444
team=false local_snake=None local_team=Some(1) snake_team=Some(0) slot=2 count=1 index=2 -> #556270 #353c47
team=false local_snake=None local_team=Some(1) snake_team=Some(0) slot=2 count=1 index=3 -> #f7b731 #a87d1f
team=false local_snake=None local_team=Some(1) snake_team=Some(0) slot=2 count=2 index=0 -> #ff6b6b #b84444
team=false local_snake=None local_team=Some(1) snake_team=Some(0) slot=2 count=2 index=1 -> #ff6b6b #b84444
team=false local_snake=None local_team=Some(1) snake_team=Some(0) slot=2 count=2 index=2 -> #ff6b6b #b84444
team=false local_snake=None local_team=Some(1) snake_team=Some(0) slot=2 count=2 index=3 -> #ff6b6b #b84444
team=false local_snake=None local_team=Some(1) snake_team=Some(0) slot=2 count=3 index=0 -> #70bfe3 #5299bb
team=false local_snake=None local_team=Some(1) snake_team=Some(0) slot=2 count=3 index=1 -> #ff6b6b #b84444
team=false local_snake=None local_team=Some(1) snake_team=Some(0) slot=2 count=3 index=2 -> #556270 #353c47
team=false local_snake=None local_team=Some(1) snake_team=Some(0) slot=2 count=3 index=3 -> #f7b731 #a87d1f
team=false local_snake=None local_team=Some(1) snake_team=Some(0) slot=2 count=4 index=0 -> #70bfe3 #5299bb
team=false local_snake=None local_team=Some(1) snake_team=Some(0) slot=2 count=4 index=1 -> #ff6b6b #b84444
team=false local_snake=None local_team=Some(1) snake_team=Some(0) slot=2 count=4 index=2 -> #556270 #353c47
team=false local_snake=None local_team=Some(1) snake_team=Some(0) slot=2 count=4 index=3 -> #f7b731 #a87d1f
team=false local_snake=None local_team=Some(1) snake_team=Some(1) slot=0 count=1 index=0 -> #70bfe3 #5299bb
team=false local_snake=None local_team=Some(1) snake_team=Some(1) slot=0 count=1 index=1 -> #ff6b6b #b84444
team=false local_snake=None local_team=Some(1) snake_team=Some(1) slot=0 count=1 index=2 -> #556270 #353c47
team=false local_snake=None local_team=Some(1) snake_team=Some(1) slot=0 count=1 index=3 -> #f7b731 #a87d1f
team=false local_snake=None local_team=Some(1) snake_team=Some(1) slot=0 count=2 index=0 -> #ff6b6b #b84444
team=false local_snake=None local_team=Some(1) snake_team=Some(1) slot=0 count=2 index=1 -> #ff6b6b #b84444
team=false local_snake=None local_team=Some(1) snake_team=Some(1) slot=0 count=2 index=2 -> #ff6b6b #b84444
team=false local_snake=None local_team=Some(1) snake_team=Some(1) slot=0 count=2 index=3 -> #ff6b6b #b84444
team=false local_snake=None local_team=Some(1) snake_team=Some(1) slot=0 count=3 index=0 -> #70bfe3 #5299bb
team=false local_snake=None local_team=Some(1) snake_team=Some(1) slot=0 count=3 index=1 -> #ff6b6b #b84444
team=false local_snake=None local_team=Some(1) snake_team=Some(1) slot=0 count=3 index=2 -> #556270 #353c47
team=false local_snake=None local_team=Some(1) snake_team=Some(1) slot=0 count=3 index=3 -> #f7b731 #a87d1f
team=false local_snake=None local_team=Some(1) snake_team=Some(1) slot=0 count=4 index=0 -> #70bfe3 #5299bb
team=false local_snake=None local_team=Some(1) snake_team=Some(1) slot=0 count=4 index=1 -> #ff6b6b #b84444
team=false local_snake=None local_team=Some(1) snake_team=Some(1) slot=0 count=4 index=2 -> #556270 #353c47
team=false local_snake=None local_team=Some(1) snake_team=Some(1) slot=0 count=4 index=3 -> #f7b731 #a87d1f
team=false local_snake=None local_team=Some(1) snake_team=Some(1) slot=1 count=1 index=0 -> #70bfe3 #5299bb
team=false local_snake=None local_team=Some(1) snake_team=Some(1) slot=1 count=1 index=1 -> #ff6b6b #b84444
team=false local_snake=None local_team=Some(1) snake_team=Some(1) slot=1 count=1 index=2 -> #556270 #353c47
team=false local_snake=None local_team=Some(1) snake_team=Some(1) slot=1 count=1 index=3 -> #f7b731 #a87d1f
team=false local_snake=None local_team=Some(1) snake_team=Some(1) slot=1 count=2 index=0 -> #ff6b6b #b84444
team=false local_snake=None local_team=Some(1) snake_team=Some(1) slot=1 count=2 index=1 -> #ff6b6b #b84444
team=false local_snake=None local_team=Some(1) snake_team=Some(1) slot=1 count=2 index=2 -> #ff6b6b #b84444
team=false local_snake=None local_team=Some(1) snake_team=Some(1) slot=1 count=2 index=3 -> #ff6b6b #b84444
team=false local_snake=None local_team=Some(1) snake_team=Some(1) slot=1 count=3 index=0 -> #70bfe3 #5299bb
team=false local_snake=None local_team=Some(1) snake_team=Some(1) slot=1 count=3 index=1 -> #ff6b6b #b84444
team=false local_snake=None local_team=Some(1) snake_team=Some(1) slot=1 count=3 index=2 -> #556270 #353c47
team=false local_snake=None local_team=Some(1) snake_team=Some(1) slot=1 count=3 index=3 -> #f7b731 #a87d1f
team=false local_snake=None local_team=Some(1) snake_team=Some(1) slot=1 count=4 index=0 -> #70bfe3 #5299bb
team=false local_snake=None local_team=Some(1) snake_team=Some(1) slot=1 count=4 index=1 -> #ff6b6b #b84444
team=false local_snake=None local_team=Some(1) snake_team=Some(1) slot=1 count=4 index=2 -> #556270 #353c47
team=false local_snake=None local_team=Some(1) snake_team=Some(1) slot=1 count=4 index=3 -> #f7b731 #a87d1f
team=false local_snake=None local_team=Some(1) snake_team=Some(1) slot=2 count=1 index=0 -> #70bfe3 #5299bb
team=false local_snake=None local_team=Some(1) snake_team=Some(1) slot=2 count=1 index=1 -> #ff6b6b #b84444
team=false local_snake=None local_team=Some(1) snake_team=Some(1) slot=2 count=1 index=2 -> #556270 #353c47
team=false local_snake=None local_team=Some(1) snake_team=Some(1) slot=2 count=1 index=3 -> #f7b731 #a87d1f
team=false local_snake=None local_team=Some(1) snake_team=Some(1) slot=2 count=2 index=0 -> #ff6b6b #b84444
team=false local_snake=None local_team=Some(1) snake_team=Some(1) slot=2 count=2 index=1 -> #ff6b6b #b84444
team=false local_snake=None local_team=Some(1) snake_team=Some(1) slot=2 count=2 index=2 -> #ff6b6b #b84444
team=false local_snake=None local_team=Some(1) snake_team=Some(1) slot=2 count=2 index=3 -> #ff6b6b #b84444
team=false local_snake=None local_team=Some(1) snake_team=Some(1) slot=2 count=3 index=0 -> #70bfe3 #5299bb
team=false local_snake=None local_team=Some(1) snake_team=Some(1) slot=2 count=3 index=1 -> #ff6b6b #b84444
team=false local_snake=None local_team=Some(1) snake_team=Some(1) slot=2 count=3 index=2 -> #556270 #353c47
team=false local_snake=None local_team=Some(1) snake_team=Some(1) slot=2 count=3 index=3 -> #f7b731 #a87d1f
team=false local_snake=None local_team=Some(1) snake_team=Some(1) slot=2 count=4 index=0 -> #70bfe3 #5299bb
team=false local_snake=None local_team=Some(1) snake_team=Some(1) slot=2 count=4 index=1 -> #ff6b6b #b84444
team=false local_snake=None local_team=Some(1) snake_team=Some(1) slot=2 count=4 index=2 -> #556270 #353c47
team=false local_snake=None local_team=Some(1) snake_team=Some(1) slot=2 count=4 index=3 -> #f7b731 #a87d1f
team=false local_snake=Some(0) local_team=None snake_team=None slot=0 count=1 index=0 -> #70bfe3 #5299bb
team=false local_snake=Some(0) local_team=None snake_team=None slot=0 count=1 index=1 -> #ff6b6b #b84444
team=false local_snake=Some(0) local_team=None snake_team=None slot=0 count=1 index=2 -> #556270 #353c47
team=false local_snake=Some(0) local_team=None snake_team=None slot=0 count=1 index=3 -> #f7b731 #a87d1f
team=false local_snake=Some(0) local_team=None snake_team=None slot=0 count=2 index=0 -> #70bfe3 #5299bb
team=false local_snake=Some(0) local_team=None snake_team=None slot=0 count=2 index=1 -> #ff6b6b #b84444
team=false local_snake=Some(0) local_team=None snake_team=None slot=0 count=2 index=2 -> #ff6b6b #b84444
team=false local_snake=Some(0) local_team=None snake_team=None slot=0 count=2 index=3 -> #ff6b6b #b84444
team=false local_snake=Some(0) local_team=None snake_team=None slot=0 count=3 index=0 -> #70bfe3 #5299bb
team=false local_snake=Some(0) local_team=None snake_team=None slot=0 count=3 index=1 -> #ff6b6b #b84444
team=false local_snake=Some(0) local_team=None snake_team=None slot=0 count=3 index=2 -> #556270 #353c47
team=false local_snake=Some(0) local_team=None snake_team=None slot=0 count=3 index=3 -> #f7b731 #a87d1f
team=false local_snake=Some(0) local_team=None snake_team=None slot=0 count=4 index=0 -> #70bfe3 #5299bb
team=false local_snake=Some(0) local_team=None snake_team=None slot=0 count=4 index=1 -> #ff6b6b #b84444
team=false local_snake=Some(0) local_team=None snake_team=None slot=0 count=4 index=2 -> #556270 #353c47
team=false local_snake=Some(0) local_team=None snake_team=None slot=0 count=4 index=3 -> #f7b731 #a87d1f
team=false local_snake=Some(0) local_team=None snake_team=None slot=1 count=1 index=0 -> #70bfe3 #5299bb
team=false local_snake=Some(0) local_team=None snake_team=None slot=1 count=1 index=1 -> #ff6b6b #b84444
team=false local_snake=Some(0) local_team=None snake_team=None slot=1 count=1 index=2 -> #556270 #353c47
team=false local_snake=Some(0) local_team=None snake_team=None slot=1 count=1 index=3 -> #f7b731 #a87d1f
team=false local_snake=Some(0) local_team=None snake_team=None slot=1 count=2 index=0 -> #70bfe3 #5299bb
team=false local_snake=Some(0) local_team=None snake_team=None slot=1 count=2 index=1 -> #ff6b6b #b84444
team=false local_snake=Some(0) local_team=None snake_team=None slot=1 count=2 index=2 -> #ff6b6b #b84444
team=false local_snake=Some(0) local_team=None snake_team=None slot=1 count=2 index=3 -> #ff6b6b #b84444
team=false local_snake=Some(0) local_team=None snake_team=None slot=1 count=3 index=0 -> #70bfe3 #5299bb
team=false local_snake=Some(0) local_team=None snake_team=None slot=1 count=3 index=1 -> #ff6b6b #b84444
team=false local_snake=Some(0) local_team=None snake_team=None slot=1 count=3 index=2 -> #556270 #353c47
team=false local_snake=Some(0) local_team=None snake_team=None slot=1 count=3 index=3 -> #f7b731 #a87d1f
team=false local_snake=Some(0) local_team=None snake_team=None slot=1 count=4 index=0 -> #70bfe3 #5299bb
team=false local_snake=Some(0) local_team=None snake_team=None slot=1 count=4 index=1 -> #ff6b6b #b84444
team=false local_snake=Some(0) local_team=None snake_team=None slot=1 count=4 index=2 -> #556270 #353c47
team=false local_snake=Some(0) local_team=None snake_team=None slot=1 count=4 index=3 -> #f7b731 #a87d1f
team=false local_snake=Some(0) local_team=None snake_team=None slot=2 count=1 index=0 -> #70bfe3 #5299bb
team=false local_snake=Some(0) local_team=None snake_team=None slot=2 count=1 index=1 -> #ff6b6b #b84444
team=false local_snake=Some(0) local_team=None snake_team=None slot=2 count=1 index=2 -> #556270 #353c47
team=false local_snake=Some(0) local_team=None snake_team=None slot=2 count=1 index=3 -> #f7b731 #a87d1f
team=false local_snake=Some(0) local_team=None snake_team=None slot=2 count=2 index=0 -> #70bfe3 #5299bb
team=false local_snake=Some(0) local_team=None snake_team=None slot=2 count=2 index=1 -> #ff6b6b #b84444
team=false local_snake=Some(0) local_team=None snake_team=None slot=2 count=2 index=2 -> #ff6b6b #b84444
team=false local_snake=Some(0) local_team=None snake_team=None slot=2 count=2 index=3 -> #ff6b6b #b84444
team=false local_snake=Some(0) local_team=None snake_team=None slot=2 count=3 index=0 -> #70bfe3 #5299bb
team=false local_snake=Some(0) local_team=None snake_team=None slot=2 count=3 index=1 -> #ff6b6b #b84444
team=false local_snake=Some(0) local_team=None snake_team=None slot=2 count=3 index=2 -> #556270 #353c47
team=false local_snake=Some(0) local_team=None snake_team=None slot=2 count=3 index=3 -> #f7b731 #a87d1f
team=false local_snake=Some(0) local_team=None snake_team=None slot=2 count=4 index=0 -> #70bfe3 #5299bb
team=false local_snake=Some(0) local_team=None snake_team=None slot=2 count=4 index=1 -> #ff6b6b #b84444
team=false local_snake=Some(0) local_team=None snake_team=None slot=2 count=4 index=2 -> #556270 #353c47
team=false local_snake=Some(0) local_team=None snake_team=None slot=2 count=4 index=3 -> #f7b731 #a87d1f
team=false local_snake=Some(0) local_team=None snake_team=Some(0) slot=0 count=1 index=0 -> #70bfe3 #5299bb
team=false local_snake=Some(0) local_team=None snake_team=Some(0) slot=0 count=1 index=1 -> #ff6b6b #b84444
team=false local_snake=Some(0) local_team=None snake_team=Some(0) slot=0 count=1 index=2 -> #556270 #353c47
team=false local_snake=Some(0) local_team=None snake_team=Some(0) slot=0 count=1 index=3 -> #f7b731 #a87d1f
team=false local_snake=Some(0) local_team=None snake_team=Some(0) slot=0 count=2 index=0 -> #70bfe3 #5299bb
team=false local_snake=Some(0) local_team=None snake_team=Some(0) slot=0 count=2 index=1 -> #ff6b6b #b84444
team=false local_snake=Some(0) local_team=None snake_team=Some(0) slot=0 count=2 index=2 -> #ff6b6b #b84444
team=false local_snake=Some(0) local_team=None snake_team=Some(0) slot=0 count=2 index=3 -> #ff6b6b #b84444
team=false local_snake=Some(0) local_team=None snake_team=Some(0) slot=0 count=3 index=0 -> #70bfe3 #5299bb
team=false local_snake=Some(0) local_team=None snake_team=Some(0) slot=0 count=3 index=1 -> #ff6b6b #b84444
team=false local_snake=Some(0) local_team=None snake_team=Some(0) slot=0 count=3 index=2 -> #556270 #353c47
team=false local_snake=Some(0) local_team=None snake_team=Some(0) slot=0 count=3 index=3 -> #f7b731 #a87d1f
team=false local_snake=Some(0) local_team=None snake_team=Some(0) slot=0 count=4 index=0 -> #70bfe3 #5299bb
team=false local_snake=Some(0) local_team=None snake_team=Some(0) slot=0 count=4 index=1 -> #ff6b6b #b84444
team=false local_snake=Some(0) local_team=None snake_team=Some(0) slot=0 count=4 index=2 -> #556270 #353c47
team=false local_snake=Some(0) local_team=None snake_team=Some(0) slot=0 count=4 index=3 -> #f7b731 #a87d1f
team=false local_snake=Some(0) local_team=None snake_team=Some(0) slot=1 count=1 index=0 -> #70bfe3 #5299bb
team=false local_snake=Some(0) local_team=None snake_team=Some(0) slot=1 count=1 index=1 -> #ff6b6b #b84444
team=false local_snake=Some(0) local_team=None snake_team=Some(0) slot=1 count=1 index=2 -> #556270 #353c47
team=false local_snake=Some(0) local_team=None snake_team=Some(0) slot=1 count=1 index=3 -> #f7b731 #a87d1f
team=false local_snake=Some(0) local_team=None snake_team=Some(0) slot=1 count=2 index=0 -> #70bfe3 #5299bb
team=false local_snake=Some(0) local_team=None snake_team=Some(0) slot=1 count=2 index=1 -> #ff6b6b #b84444
team=false local_snake=Some(0) local_team=None snake_team=Some(0) slot=1 count=2 index=2 -> #ff6b6b #b84444
team=false local_snake=Some(0) local_team=None snake_team=Some(0) slot=1 count=2 index=3 -> #ff6b6b #b84444
team=false local_snake=Some(0) local_team=None snake_team=Some(0) slot=1 count=3 index=0 -> #70bfe3 #5299bb
team=false local_snake=Some(0) local_team=None snake_team=Some(0) slot=1 count=3 index=1 -> #ff6b6b #b84444
team=false local_snake=Some(0) local_team=None snake_team=Some(0) slot=1 count=3 index=2 -> #556270 #353c47
team=false local_snake=Some(0) local_team=None snake_team=Some(0) slot=1 count=3 index=3 -> #f7b731 #a87d1f
team=false local_snake=Some(0) local_team=None snake_team=Some(0) slot=1 count=4 index=0 -> #70bfe3 #5299bb
team=false local_snake=Some(0) local_team=None snake_team=Some(0) slot=1 count=4 index=1 -> #ff6b6b #b84444
team=false local_snake=Some(0) local_team=None snake_team=Some(0) slot=1 count=4 index=2 -> #556270 #353c47
team=false local_snake=Some(0) local_team=None snake_team=Some(0) slot=1 count=4 index=3 -> #f7b731 #a87d1f
team=false local_snake=Some(0) local_team=None snake_team=Some(0) slot=2 count=1 index=0 -> #70bfe3 #5299bb
team=false local_snake=Some(0) local_team=None snake_team=Some(0) slot=2 count=1 index=1 -> #ff6b6b #b84444
team=false local_snake=Some(0) local_team=None snake_team=Some(0) slot=2 count=1 index=2 -> #556270 #353c47
team=false local_snake=Some(0) local_team=None snake_team=Some(0) slot=2 count=1 index=3 -> #f7b731 #a87d1f
team=false local_snake=Some(0) local_team=None snake_team=Some(0) slot=2 count=2 index=0 -> #70bfe3 #5299bb
team=false local_snake=Some(0) local_team=None snake_team=Some(0) slot=2 count=2 index=1 -> #ff6b6b #b84444
team=false local_snake=Some(0) local_team=None snake_team=Some(0) slot=2 count=2 index=2 -> #ff6b6b #b84444
team=false local_snake=Some(0) local_team=None snake_team=Some(0) slot=2 count=2 index=3 -> #ff6b6b #b84444
team=false local_snake=Some(0) local_team=None snake_team=Some(0) slot=2 count=3 index=0 -> #70bfe3 #5299bb
team=false local_snake=Some(0) local_team=None snake_team=Some(0) slot=2 count=3 index=1 -> #ff6b6b #b84444
team=false local_snake=Some(0) local_team=None snake_team=Some(0) slot=2 count=3 index=2 -> #556270 #353c47
team=false local_snake=Some(0) local_team=None snake_team=Some(0) slot=2 count=3 index=3 -> #f7b731 #a87d1f
team=false local_snake=Some(0) local_team=None snake_team=Some(0) slot=2 count=4 index=0 -> #70bfe3 #5299bb
team=false local_snake=Some(0) local_team=None snake_team=Some(0) slot=2 count=4 index=1 -> #ff6b6b #b84444
team=false local_snake=Some(0) local_team=None snake_team=Some(0) slot=2 count=4 index=2 -> #556270 #353c47
team=false local_snake=Some(0) local_team=None snake_team=Some(0) slot=2 count=4 index=3 -> #f7b731 #a87d1f
team=false local_snake=Some(0) local_team=None snake_team=Some(1) slot=0 count=1 index=0 -> #70bfe3 #5299bb
team=false local_snake=Some(0) local_team=None snake_team=Some(1) slot=0 count=1 index=1 -> #ff6b6b #b84444
team=false local_snake=Some(0) local_team=None snake_team=Some(1) slot=0 count=1 index=2 -> #556270 #353c47
team=false local_snake=Some(0) local_team=None snake_team=Some(1) slot=0 count=1 index=3 -> #f7b731 #a87d1f
team=false local_snake=Some(0) local_team=None snake_team=Some(1) slot=0 count=2 index=0 -> #70bfe3 #5299bb
team=false local_snake=Some(0) local_team=None snake_team=Some(1) slot=0 count=2 index=1 -> #ff6b6b #b84444
team=false local_snake=Some(0) local_team=None snake_team=Some(1) slot=0 count=2 index=2 -> #ff6b6b #b84444
team=false local_snake=Some(0) local_team=None snake_team=Some(1) slot=0 count=2 index=3 -> #ff6b6b #b84444
team=false local_snake=Some(0) local_team=None snake_team=Some(1) slot=0 count=3 index=0 -> #70bfe3 #5299bb
team=false local_snake=Some(0) local_team=None snake_team=Some(1) slot=0 count=3 index=1 -> #ff6b6b #b84444
team=false local_snake=Some(0) local_team=None snake_team=Some(1) slot=0 count=3 index=2 -> #556270 #353c47
team=false local_snake=Some(0) local_team=None snake_team=Some(1) slot=0 count=3 index=3 -> #f7b731 #a87d1f
team=false local_snake=Some(0) local_team=None snake_team=Some(1) slot=0 count=4 index=0 -> #70bfe3 #5299bb
team=false local_snake=Some(0) local_team=None snake_team=Some(1) slot=0 count=4 index=1 -> #ff6b6b #b84444
team=false local_snake=Some(0) local_team=None snake_team=Some(1) slot=0 count=4 index=2 -> #556270 #353c47
team=false local_snake=Some(0) local_team=None snake_team=Some(1) slot=0 count=4 index=3 -> #f7b731 #a87d1f
team=false local_snake=Some(0) local_team=None snake_team=Some(1) slot=1 count=1 index=0 -> #70bfe3 #5299bb
team=false local_snake=Some(0) local_team=None snake_team=Some(1) slot=1 count=1 index=1 -> #ff6b6b #b84444
team=false local_snake=Some(0) local_team=None snake_team=Some(1) slot=1 count=1 index=2 -> #556270 #353c47
team=false local_snake=Some(0) local_team=None snake_team=Some(1) slot=1 count=1 index=3 -> #f7b731 #a87d1f
team=false local_snake=Some(0) local_team=None snake_team=Some(1) slot=1 count=2 index=0 -> #70bfe3 #5299bb
team=false local_snake=Some(0) local_team=None snake_team=Some(1) slot=1 count=2 index=1 -> #ff6b6b #b84444
team=false local_snake=Some(0) local_team=None snake_team=Some(1) slot=1 count=2 index=2 -> #ff6b6b #b84444
team=false local_snake=Some(0) local_team=None snake_team=Some(1) slot=1 count=2 index=3 -> #ff6b6b #b84444
team=false local_snake=Some(0) local_team=None snake_team=Some(1) slot=1 count=3 index=0 -> #70bfe3 #5299bb
team=false local_snake=Some(0) local_team=None snake_team=Some(1) slot=1 count=3 index=1 -> #ff6b6b #b84444
team=false local_snake=Some(0) local_team=None snake_team=Some(1) slot=1 count=3 index=2 -> #556270 #353c47
team=false local_snake=Some(0) local_team=None snake_team=Some(1) slot=1 count=3 index=3 -> #f7b731 #a87d1f
team=false local_snake=Some(0) local_team=None snake_team=Some(1) slot=1 count=4 index=0 -> #70bfe3 #5299bb
team=false local_snake=Some(0) local_team=None snake_team=Some(1) slot=1 count=4 index=1 -> #ff6b6b #b84444
team=false local_snake=Some(0) local_team=None snake_team=Some(1) slot=1 count=4 index=2 -> #556270 #353c47
team=false local_snake=Some(0) local_team=None snake_team=Some(1) slot=1 count=4 index=3 -> #f7b731 #a87d1f
team=false local_snake=Some(0) local_team=None snake_team=Some(1) slot=2 count=1 index=0 -> #70bfe3 #5299bb
team=false local_snake=Some(0) local_team=None snake_team=Some(1) slot=2 count=1 index=1 -> #ff6b6b #b84444
team=false local_snake=Some(0) local_team=None snake_team=Some(1) slot=2 count=1 index=2 -> #556270 #353c47
team=false local_snake=Some(0) local_team=None snake_team=Some(1) slot=2 count=1 index=3 -> #f7b731 #a87d1f
team=false local_snake=Some(0) local_team=None snake_team=Some(1) slot=2 count=2 index=0 -> #70bfe3 #5299bb
team=false local_snake=Some(0) local_team=None snake_team=Some(1) slot=2 count=2 index=1 -> #ff6b6b #b84444
team=false local_snake=Some(0) local_team=None snake_team=Some(1) slot=2 count=2 index=2 -> #ff6b6b #b84444
team=false local_snake=Some(0) local_team=None snake_team=Some(1) slot=2 count=2 index=3 -> #ff6b6b #b84444
team=false local_snake=Some(0) local_team=None snake_team=Some(1) slot=2 count=3 index=0 -> #70bfe3 #5299bb
team=false local_snake=Some(0) local_team=None snake_team=Some(1) slot=2 count=3 index=1 -> #ff6b6b #b84444
team=false local_snake=Some(0) local_team=None snake_team=Some(1) slot=2 count=3 index=2 -> #556270 #353c47
team=false local_snake=Some(0) local_team=None snake_team=Some(1) slot=2 count=3 index=3 -> #f7b731 #a87d1f
team=false local_snake=Some(0) local_team=None snake_team=Some(1) slot=2 count=4 index=0 -> #70bfe3 #5299bb
team=false local_snake=Some(0) local_team=None snake_team=Some(1) slot=2 count=4 index=1 -> #ff6b6b #b84444
team=false local_snake=Some(0) local_team=None snake_team=Some(1) slot=2 count=4 index=2 -> #556270 #353c47
team=false local_snake=Some(0) local_team=None snake_team=Some(1) slot=2 count=4 index=3 -> #f7b731 #a87d1f
team=false local_snake=Some(0) local_team=Some(0) snake_team=None slot=0 count=1 index=0 -> #70bfe3 #5299bb
team=false local_snake=Some(0) local_team=Some(0) snake_team=None slot=0 count=1 index=1 -> #ff6b6b #b84444
team=false local_snake=Some(0) local_team=Some(0) snake_team=None slot=0 count=1 index=2 -> #556270 #353c47
team=false local_snake=Some(0) local_team=Some(0) snake_team=None slot=0 count=1 index=3 -> #f7b731 #a87d1f
team=false local_snake=Some(0) local_team=Some(0) snake_team=None slot=0 count=2 index=0 -> #70bfe3 #5299bb
team=false local_snake=Some(0) local_team=Some(0) snake_team=None slot=0 count=2 index=1 -> #ff6b6b #b84444
team=false local_snake=Some(0) local_team=Some(0) snake_team=None slot=0 count=2 index=2 -> #ff6b6b #b84444
team=false local_snake=Some(0) local_team=Some(0) snake_team=None slot=0 count=2 index=3 -> #ff6b6b #b84444
team=false local_snake=Some(0) local_team=Some(0) snake_team=None slot=0 count=3 index=0 -> #70bfe3 #5299bb
team=false local_snake=Some(0) local_team=Some(0) snake_team=None slot=0 count=3 index=1 -> #ff6b6b #b84444
team=false local_snake=Some(0) local_team=Some(0) snake_team=None slot=0 count=3 index=2 -> #556270 #353c47
team=false local_snake=Some(0) local_team=Some(0) snake_team=None slot=0 count=3 index=3 -> #f7b731 #a87d1f
team=false local_snake=Some(0) local_team=Some(0) snake_team=None slot=0 count=4 index=0 -> #70bfe3 #5299bb
team=false local_snake=Some(0) local_team=Some(0) snake_team=None slot=0 count=4 index=1 -> #ff6b6b #b84444
team=false local_snake=Some(0) local_team=Some(0) snake_team=None slot=0 count=4 index=2 -> #556270 #353c47
team=false local_snake=Some(0) local_team=Some(0) snake_team=None slot=0 count=4 index=3 -> #f7b731 #a87d1f
team=false local_snake=Some(0) local_team=Some(0) snake_team=None slot=1 count=1 index=0 -> #70bfe3 #5299bb
team=false local_snake=Some(0) local_team=Some(0) snake_team=None slot=1 count=1 index=1 -> #ff6b6b #b84444
team=false local_snake=Some(0) local_team=Some(0) snake_team=None slot=1 count=1 index=2 -> #556270 #353c47
team=false local_snake=Some(0) local_team=Some(0) snake_team=None slot=1 count=1 index=3 -> #f7b731 #a87d1f
team=false local_snake=Some(0) local_team=Some(0) snake_team=None slot=1 count=2 index=0 -> #70bfe3 #5299bb
team=false local_snake=Some(0) local_team=Some(0) snake_team=None slot=1 count=2 index=1 -> #ff6b6b #b84444
team=false local_snake=Some(0) local_team=Some(0) snake_team=None slot=1 count=2 index=2 -> #ff6b6b #b84444
team=false local_snake=Some(0) local_team=Some(0) snake_team=None slot=1 count=2 index=3 -> #ff6b6b #b84444
team=false local_snake=Some(0) local_team=Some(0) snake_team=None slot=1 count=3 index=0 -> #70bfe3 #5299bb
team=false local_snake=Some(0) local_team=Some(0) snake_team=None slot=1 count=3 index=1 -> #ff6b6b #b84444
team=false local_snake=Some(0) local_team=Some(0) snake_team=None slot=1 count=3 index=2 -> #556270 #353c47
team=false local_snake=Some(0) local_team=Some(0) snake_team=None slot=1 count=3 index=3 -> #f7b731 #a87d1f
team=false local_snake=Some(0) local_team=Some(0) snake_team=None slot=1 count=4 index=0 -> #70bfe3 #5299bb
team=false local_snake=Some(0) local_team=Some(0) snake_team=None slot=1 count=4 index=1 -> #ff6b6b #b84444
team=false local_snake=Some(0) local_team=Some(0) snake_team=None slot=1 count=4 index=2 -> #556270 #353c47
team=false local_snake=Some(0) local_team=Some(0) snake_team=None slot=1 count=4 index=3 -> #f7b731 #a87d1f
team=false local_snake=Some(0) local_team=Some(0) snake_team=None slot=2 count=1 index=0 -> #70bfe3 #5299bb
team=false local_snake=Some(0) local_team=Some(0) snake_team=None slot=2 count=1 index=1 -> #ff6b6b #b84444
team=false local_snake=Some(0) local_team=Some(0) snake_team=None slot=2 count=1 index=2 -> #556270 #353c47
team=false local_snake=Some(0) local_team=Some(0) snake_team=None slot=2 count=1 index=3 -> #f7b731 #a87d1f
team=false local_snake=Some(0) local_team=Some(0) snake_team=None slot=2 count=2 index=0 -> #70bfe3 #5299bb
team=false local_snake=Some(0) local_team=Some(0) snake_team=None slot=2 count=2 index=1 -> #ff6b6b #b84444
team=false local_snake=Some(0) local_team=Some(0) snake_team=None slot=2 count=2 index=2 -> #ff6b6b #b84444
team=false local_snake=Some(0) local_team=Some(0) snake_team=None slot=2 count=2 index=3 -> #ff6b6b #b84444
team=false local_snake=Some(0) local_team=Some(0) snake_team=None slot=2 count=3 index=0 -> #70bfe3 #5299bb
team=false local_snake=Some(0) local_team=Some(0) snake_team=None slot=2 count=3 index=1 -> #ff6b6b #b84444
team=false local_snake=Some(0) local_team=Some(0) snake_team=None slot=2 count=3 index=2 -> #556270 #353c47
team=false local_snake=Some(0) local_team=Some(0) snake_team=None slot=2 count=3 index=3 -> #f7b731 #a87d1f
team=false local_snake=Some(0) local_team=Some(0) snake_team=None slot=2 count=4 index=0 -> #70bfe3 #5299bb
team=false local_snake=Some(0) local_team=Some(0) snake_team=None slot=2 count=4 index=1 -> #ff6b6b #b84444
team=false local_snake=Some(0) local_team=Some(0) snake_team=None slot=2 count=4 index=2 -> #556270 #353c47
team=false local_snake=Some(0) local_team=Some(0) snake_team=None slot=2 count=4 index=3 -> #f7b731 #a87d1f
team=false local_snake=Some(0) local_team=Some(0) snake_team=Some(0) slot=0 count=1 index=0 -> #70bfe3 #5299bb
team=false local_snake=Some(0) local_team=Some(0) snake_team=Some(0) slot=0 count=1 index=1 -> #ff6b6b #b84444
team=false local_snake=Some(0) local_team=Some(0) snake_team=Some(0) slot=0 count=1 index=2 -> #556270 #353c47
team=false local_snake=Some(0) local_team=Some(0) snake_team=Some(0) slot=0 count=1 index=3 -> #f7b731 #a87d1f
team=false local_snake=Some(0) local_team=Some(0) snake_team=Some(0) slot=0 count=2 index=0 -> #70bfe3 #5299bb
team=false local_snake=Some(0) local_team=Some(0) snake_team=Some(0) slot=0 count=2 index=1 -> #ff6b6b #b84444
team=false local_snake=Some(0) local_team=Some(0) snake_team=Some(0) slot=0 count=2 index=2 -> #ff6b6b #b84444
team=false local_snake=Some(0) local_team=Some(0) snake_team=Some(0) slot=0 count=2 index=3 -> #ff6b6b #b84444
team=false local_snake=Some(0) local_team=Some(0) snake_team=Some(0) slot=0 count=3 index=0 -> #70bfe3 #5299bb
team=false local_snake=Some(0) local_team=Some(0) snake_team=Some(0) slot=0 count=3 index=1 -> #ff6b6b #b84444
team=false local_snake=Some(0) local_team=Some(0) snake_team=Some(0) slot=0 count=3 index=2 -> #556270 #353c47
team=false local_snake=Some(0) local_team=Some(0) snake_team=Some(0) slot=0 count=3 index=3 -> #f7b731 #a87d1f
team=false local_snake=Some(0) local_team=Some(0) snake_team=Some(0) slot=0 count=4 index=0 -> #70bfe3 #5299bb
team=false local_snake=Some(0) local_team=Some(0) snake_team=Some(0) slot=0 count=4 index=1 -> #ff6b6b #b84444
team=false local_snake=Some(0) local_team=Some(0) snake_team=Some(0) slot=0 count=4 index=2 -> #556270 #353c47
team=false local_snake=Some(0) local_team=Some(0) snake_team=Some(0) slot=0 count=4 index=3 -> #f7b731 #a87d1f
team=false local_snake=Some(0) local_team=Some(0) snake_team=Some(0) slot=1 count=1 index=0 -> #70bfe3 #5299bb
team=false local_snake=Some(0) local_team=Some(0) snake_team=Some(0) slot=1 count=1 index=1 -> #ff6b6b #b84444
team=false local_snake=Some(0) local_team=Some(0) snake_team=Some(0) slot=1 count=1 index=2 -> #556270 #353c47
team=false local_snake=Some(0) local_team=Some(0) snake_team=Some(0) slot=1 count=1 index=3 -> #f7b731 #a87d1f
team=false local_snake=Some(0) local_team=Some(0) snake_team=Some(0) slot=1 count=2 index=0 -> #70bfe3 #5299bb
team=false local_snake=Some(0) local_team=Some(0) snake_team=Some(0) slot=1 count=2 index=1 -> #ff6b6b #b84444
team=false local_snake=Some(0) local_team=Some(0) snake_team=Some(0) slot=1 count=2 index=2 -> #ff6b6b #b84444
team=false local_snake=Some(0) local_team=Some(0) snake_team=Some(0) slot=1 count=2 index=3 -> #ff6b6b #b84444
team=false local_snake=Some(0) local_team=Some(0) snake_team=Some(0) slot=1 count=3 index=0 -> #70bfe3 #5299bb
team=false local_snake=Some(0) local_team=Some(0) snake_team=Some(0) slot=1 count=3 index=1 -> #ff6b6b #b84444
team=false local_snake=Some(0) local_team=Some(0) snake_team=Some(0) slot=1 count=3 index=2 -> #556270 #353c47
team=false local_snake=Some(0) local_team=Some(0) snake_team=Some(0) slot=1 count=3 index=3 -> #f7b731 #a87d1f
team=false local_snake=Some(0) local_team=Some(0) snake_team=Some(0) slot=1 count=4 index=0 -> #70bfe3 #5299bb
team=false local_snake=Some(0) local_team=Some(0) snake_team=Some(0) slot=1 count=4 index=1 -> #ff6b6b #b84444
team=false local_snake=Some(0) local_team=Some(0) snake_team=Some(0) slot=1 count=4 index=2 -> #556270 #353c47
team=false local_snake=Some(0) local_team=Some(0) snake_team=Some(0) slot=1 count=4 index=3 -> #f7b731 #a87d1f
team=false local_snake=Some(0) local_team=Some(0) snake_team=Some(0) slot=2 count=1 index=0 -> #70bfe3 #5299bb
team=false local_snake=Some(0) local_team=Some(0) snake_team=Some(0) slot=2 count=1 index=1 -> #ff6b6b #b84444
team=false local_snake=Some(0) local_team=Some(0) snake_team=Some(0) slot=2 count=1 index=2 -> #556270 #353c47
team=false local_snake=Some(0) local_team=Some(0) snake_team=Some(0) slot=2 count=1 index=3 -> #f7b731 #a87d1f
team=false local_snake=Some(0) local_team=Some(0) snake_team=Some(0) slot=2 count=2 index=0 -> #70bfe3 #5299bb
team=false local_snake=Some(0) local_team=Some(0) snake_team=Some(0) slot=2 count=2 index=1 -> #ff6b6b #b84444
team=false local_snake=Some(0) local_team=Some(0) snake_team=Some(0) slot=2 count=2 index=2 -> #ff6b6b #b84444
team=false local_snake=Some(0) local_team=Some(0) snake_team=Some(0) slot=2 count=2 index=3 -> #ff6b6b #b84444
team=false local_snake=Some(0) local_team=Some(0) snake_team=Some(0) slot=2 count=3 index=0 -> #70bfe3 #5299bb
team=false local_snake=Some(0) local_team=Some(0) snake_team=Some(0) slot=2 count=3 index=1 -> #ff6b6b #b84444
team=false local_snake=Some(0) local_team=Some(0) snake_team=Some(0) slot=2 count=3 index=2 -> #556270 #353c47
team=false local_snake=Some(0) local_team=Some(0) snake_team=Some(0) slot=2 count=3 index=3 -> #f7b731 #a87d1f
team=false local_snake=Some(0) local_team=Some(0) snake_team=Some(0) slot=2 count=4 index=0 -> #70bfe3 #5299bb
team=false local_snake=Some(0) local_team=Some(0) snake_team=Some(0) slot=2 count=4 index=1 -> #ff6b6b #b84444
team=false local_snake=Some(0) local_team=Some(0) snake_team=Some(0) slot=2 count=4 index=2 -> #556270 #353c47
team=false local_snake=Some(0) local_team=Some(0) snake_team=Some(0) slot=2 count=4 index=3 -> #f7b731 #a87d1f
team=false local_snake=Some(0) local_team=Some(0) snake_team=Some(1) slot=0 count=1 index=0 -> #70bfe3 #5299bb
team=false local_snake=Some(0) local_team=Some(0) snake_team=Some(1) slot=0 count=1 index=1 -> #ff6b6b #b84444
team=false local_snake=Some(0) local_team=Some(0) snake_team=Some(1) slot=0 count=1 index=2 -> #556270 #353c47
team=false local_snake=Some(0) local_team=Some(0) snake_team=Some(1) slot=0 count=1 index=3 -> #f7b731 #a87d1f
team=false local_snake=Some(0) local_team=Some(0) snake_team=Some(1) slot=0 count=2 index=0 -> #70bfe3 #5299bb
team=false local_snake=Some(0) local_team=Some(0) snake_team=Some(1) slot=0 count=2 index=1 -> #ff6b6b #b84444
team=false local_snake=Some(0) local_team=Some(0) snake_team=Some(1) slot=0 count=2 index=2 -> #ff6b6b #b84444
team=false local_snake=Some(0) local_team=Some(0) snake_team=Some(1) slot=0 count=2 index=3 -> #ff6b6b #b84444
team=false local_snake=Some(0) local_team=Some(0) snake_team=Some(1) slot=0 count=3 index=0 -> #70bfe3 #5299bb
team=false local_snake=Some(0) local_team=Some(0) snake_team=Some(1) slot=0 count=3 index=1 -> #ff6b6b #b84444
team=false local_snake=Some(0) local_team=Some(0) snake_team=Some(1) slot=0 count=3 index=2 -> #556270 #353c47
team=false local_snake=Some(0) local_team=Some(0) snake_team=Some(1) slot=0 count=3 index=3 -> #f7b731 #a87d1f
team=false local_snake=Some(0) local_team=Some(0) snake_team=Some(1) slot=0 count=4 index=0 -> #70bfe3 #5299bb
team=false local_snake=Some(0) local_team=Some(0) snake_team=Some(1) slot=0 count=4 index=1 -> #ff6b6b #b84444
team=false local_snake=Some(0) local_team=Some(0) snake_team=Some(1) slot=0 count=4 index=2 -> #556270 #353c47
team=false local_snake=Some(0) local_team=Some(0) snake_team=Some(1) slot=0 count=4 index=3 -> #f7b731 #a87d1f
team=false local_snake=Some(0) local_team=Some(0) snake_team=Some(1) slot=1 count=1 index=0 -> #70bfe3 #5299bb
team=false local_snake=Some(0) local_team=Some(0) snake_team=Some(1) slot=1 count=1 index=1 -> #ff6b6b #b84444
team=false local_snake=Some(0) local_team=Some(0) snake_team=Some(1) slot=1 count=1 index=2 -> #556270 #353c47
team=false local_snake=Some(0) local_team=Some(0) snake_team=Some(1) slot=1 count=1 index=3 -> #f7b731 #a87d1f
team=false local_snake=Some(0) local_team=Some(0) snake_team=Some(1) slot=1 count=2 index=0 -> #70bfe3 #5299bb
team=false local_snake=Some(0) local_team=Some(0) snake_team=Some(1) slot=1 count=2 index=1 -> #ff6b6b #b84444
team=false local_snake=Some(0) local_team=Some(0) snake_team=Some(1) slot=1 count=2 index=2 -> #ff6b6b #b84444
team=false local_snake=Some(0) local_team=Some(0) snake_team=Some(1) slot=1 count=2 index=3 -> #ff6b6b #b84444
team=false local_snake=Some(0) local_team=Some(0) snake_team=Some(1) slot=1 count=3 index=0 -> #70bfe3 #5299bb
team=false local_snake=Some(0) local_team=Some(0) snake_team=Some(1) slot=1 count=3 index=1 -> #ff6b6b #b84444
team=false local_snake=Some(0) local_team=Some(0) snake_team=Some(1) slot=1 count=3 index=2 -> #556270 #353c47
team=false local_snake=Some(0) local_team=Some(0) snake_team=Some(1) slot=1 count=3 index=3 -> #f7b731 #a87d1f
team=false local_snake=Some(0) local_team=Some(0) snake_team=Some(1) slot=1 count=4 index=0 -> #70bfe3 #5299bb
team=false local_snake=Some(0) local_team=Some(0) snake_team=Some(1) slot=1 count=4 index=1 -> #ff6b6b #b84444
team=false local_snake=Some(0) local_team=Some(0) snake_team=Some(1) slot=1 count=4 index=2 -> #556270 #353c47
team=false local_snake=Some(0) local_team=Some(0) snake_team=Some(1) slot=1 count=4 index=3 -> #f7b731 #a87d1f
team=false local_snake=Some(0) local_team=Some(0) snake_team=Some(1) slot=2 count=1 index=0 -> #70bfe3 #5299bb
team=false local_snake=Some(0) local_team=Some(0) snake_team=Some(1) slot=2 count=1 index=1 -> #ff6b6b #b84444
team=false local_snake=Some(0) local_team=Some(0) snake_team=Some(1) slot=2 count=1 index=2 -> #556270 #353c47
team=false local_snake=Some(0) local_team=Some(0) snake_team=Some(1) slot=2 count=1 index=3 -> #f7b731 #a87d1f
team=false local_snake=Some(0) local_team=Some(0) snake_team=Some(1) slot=2 count=2 index=0 -> #70bfe3 #5299bb
team=false local_snake=Some(0) local_team=Some(0) snake_team=Some(1) slot=2 count=2 index=1 -> #ff6b6b #b84444
team=false local_snake=Some(0) local_team=Some(0) snake_team=Some(1) slot=2 count=2 index=2 -> #ff6b6b #b84444
team=false local_snake=Some(0) local_team=Some(0) snake_team=Some(1) slot=2 count=2 index=3 -> #ff6b6b #b84444
team=false local_snake=Some(0) local_team=Some(0) snake_team=Some(1) slot=2 count=3 index=0 -> #70bfe3 #5299bb
team=false local_snake=Some(0) local_team=Some(0) snake_team=Some(1) slot=2 count=3 index=1 -> #ff6b6b #b84444
team=false local_snake=Some(0) local_team=Some(0) snake_team=Some(1) slot=2 count=3 index=2 -> #556270 #353c47
team=false local_snake=Some(0) local_team=Some(0) snake_team=Some(1) slot=2 count=3 index=3 -> #f7b731 #a87d1f
team=false local_snake=Some(0) local_team=Some(0) snake_team=Some(1) slot=2 count=4 index=0 -> #70bfe3 #5299bb
team=false local_snake=Some(0) local_team=Some(0) snake_team=Some(1) slot=2 count=4 index=1 -> #ff6b6b #b84444
team=false local_snake=Some(0) local_team=Some(0) snake_team=Some(1) slot=2 count=4 index=2 -> #556270 #353c47
team=false local_snake=Some(0) local_team=Some(0) snake_team=Some(1) slot=2 count=4 index=3 -> #f7b731 #a87d1f
team=false local_snake=Some(0) local_team=Some(1) snake_team=None slot=0 count=1 index=0 -> #70bfe3 #5299bb
team=false local_snake=Some(0) local_team=Some(1) snake_team=None slot=0 count=1 index=1 -> #ff6b6b #b84444
team=false local_snake=Some(0) local_team=Some(1) snake_team=None slot=0 count=1 index=2 -> #556270 #353c47
team=false local_snake=Some(0) local_team=Some(1) snake_team=None slot=0 count=1 index=3 -> #f7b731 #a87d1f
team=false local_snake=Some(0) local_team=Some(1) snake_team=None slot=0 count=2 index=0 -> #70bfe3 #5299bb
team=false local_snake=Some(0) local_team=Some(1) snake_team=None slot=0 count=2 index=1 -> #ff6b6b #b84444
team=false local_snake=Some(0) local_team=Some(1) snake_team=None slot=0 count=2 index=2 -> #ff6b6b #b84444
team=false local_snake=Some(0) local_team=Some(1) snake_team=None slot=0 count=2 index=3 -> #ff6b6b #b84444
team=false local_snake=Some(0) local_team=Some(1) snake_team=None slot=0 count=3 index=0 -> #70bfe3 #5299bb
team=false local_snake=Some(0) local_team=Some(1) snake_team=None slot=0 count=3 index=1 -> #ff6b6b #b84444
team=false local_snake=Some(0) local_team=Some(1) snake_team=None slot=0 count=3 index=2 -> #556270 #353c47
team=false local_snake=Some(0) local_team=Some(1) snake_team=None slot=0 count=3 index=3 -> #f7b731 #a87d1f
team=false local_snake=Some(0) local_team=Some(1) snake_team=None slot=0 count=4 index=0 -> #70bfe3 #5299bb
team=false local_snake=Some(0) local_team=Some(1) snake_team=None slot=0 count=4 index=1 -> #ff6b6b #b84444
team=false local_snake=Some(0) local_team=Some(1) snake_team=None slot=0 count=4 index=2 -> #556270 #353c47
team=false local_snake=Some(0) local_team=Some(1) snake_team=None slot=0 count=4 index=3 -> #f7b731 #a87d1f
team=false local_snake=Some(0) local_team=Some(1) snake_team=None slot=1 count=1 index=0 -> #70bfe3 #5299bb
team=false local_snake=Some(0) local_team=Some(1) snake_team=None slot=1 count=1 index=1 -> #ff6b6b #b84444
team=false local_snake=Some(0) local_team=Some(1) snake_team=None slot=1 count=1 index=2 -> #556270 #353c47
team=false local_snake=Some(0) local_team=Some(1) snake_team=None slot=1 count=1 index=3 -> #f7b731 #a87d1f
team=false local_snake=Some(0) local_team=Some(1) snake_team=None slot=1 count=2 index=0 -> #70bfe3 #5299bb
team=false local_snake=Some(0) local_team=Some(1) snake_team=None slot=1 count=2 index=1 -> #ff6b6b #b84444
team=false local_snake=Some(0) local_team=Some(1) snake_team=None slot=1 count=2 index=2 -> #ff6b6b #b84444
team=false local_snake=Some(0) local_team=Some(1) snake_team=None slot=1 count=2 index=3 -> #ff6b6b #b84444
team=false local_snake=Some(0) local_team=Some(1) snake_team=None slot=1 count=3 index=0 -> #70bfe3 #5299bb
team=false local_snake=Some(0) local_team=Some(1) snake_team=None slot=1 count=3 index=1 -> #ff6b6b #b84444
team=false local_snake=Some(0) local_team=Some(1) snake_team=None slot=1 count=3 index=2 -> #556270 #353c47
team=false local_snake=Some(0) local_team=Some(1) snake_team=None slot=1 count=3 index=3 -> #f7b731 #a87d1f
team=false local_snake=Some(0) local_team=Some(1) snake_team=None slot=1 count=4 index=0 -> #70bfe3 #5299bb
team=false local_snake=Some(0) local_team=Some(1) snake_team=None slot=1 count=4 index=1 -> #ff6b6b #b84444
team=false local_snake=Some(0) local_team=Some(1) snake_team=None slot=1 count=4 index=2 -> #556270 #353c47
team=false local_snake=Some(0) local_team=Some(1) snake_team=None slot=1 count=4 index=3 -> #f7b731 #a87d1f
team=false local_snake=Some(0) local_team=Some(1) snake_team=None slot=2 count=1 index=0 -> #70bfe3 #5299bb
team=false local_snake=Some(0) local_team=Some(1) snake_team=None slot=2 count=1 index=1 -> #ff6b6b #b84444
team=false local_snake=Some(0) local_team=Some(1) snake_team=None slot=2 count=1 index=2 -> #556270 #353c47
team=false local_snake=Some(0) local_team=Some(1) snake_team=None slot=2 count=1 index=3 -> #f7b731 #a87d1f
team=false local_snake=Some(0) local_team=Some(1) snake_team=None slot=2 count=2 index=0 -> #70bfe3 #5299bb
team=false local_snake=Some(0) local_team=Some(1) snake_team=None slot=2 count=2 index=1 -> #ff6b6b #b84444
team=false local_snake=Some(0) local_team=Some(1) snake_team=None slot=2 count=2 index=2 -> #ff6b6b #b84444
team=false local_snake=Some(0) local_team=Some(1) snake_team=None slot=2 count=2 index=3 -> #ff6b6b #b84444
team=false local_snake=Some(0) local_team=Some(1) snake_team=None slot=2 count=3 index=0 -> #70bfe3 #5299bb
team=false local_snake=Some(0) local_team=Some(1) snake_team=None slot=2 count=3 index=1 -> #ff6b6b #b84444
team=false local_snake=Some(0) local_team=Some(1) snake_team=None slot=2 count=3 index=2 -> #556270 #353c47
team=false local_snake=Some(0) local_team=Some(1) snake_team=None slot=2 count=3 index=3 -> #f7b731 #a87d1f
team=false local_snake=Some(0) local_team=Some(1) snake_team=None slot=2 count=4 index=0 -> #70bfe3 #5299bb
team=false local_snake=Some(0) local_team=Some(1) snake_team=None slot=2 count=4 index=1 -> #ff6b6b #b84444
team=false local_snake=Some(0) local_team=Some(1) snake_team=None slot=2 count=4 index=2 -> #556270 #353c47
team=false local_snake=Some(0) local_team=Some(1) snake_team=None slot=2 count=4 index=3 -> #f7b731 #a87d1f
team=false local_snake=Some(0) local_team=Some(1) snake_team=Some(0) slot=0 count=1 index=0 -> #70bfe3 #5299bb
team=false local_snake=Some(0) local_team=Some(1) snake_team=Some(0) slot=0 count=1 index=1 -> #ff6b6b #b84444
team=false local_snake=Some(0) local_team=Some(1) snake_team=Some(0) slot=0 count=1 index=2 -> #556270 #353c47
team=false local_snake=Some(0) local_team=Some(1) snake_team=Some(0) slot=0 count=1 index=3 -> #f7b731 #a87d1f
team=false local_snake=Some(0) local_team=Some(1) snake_team=Some(0) slot=0 count=2 index=0 -> #70bfe3 #5299bb
team=false local_snake=Some(0) local_team=Some(1) snake_team=Some(0) slot=0 count=2 index=1 -> #ff6b6b #b84444
team=false local_snake=Some(0) local_team=Some(1) snake_team=Some(0) slot=0 count=2 index=2 -> #ff6b6b #b84444
team=false local_snake=Some(0) local_team=Some(1) snake_team=Some(0) slot=0 count=2 index=3 -> #ff6b6b #b84444
team=false local_snake=Some(0) local_team=Some(1) snake_team=Some(0) slot=0 count=3 index=0 -> #70bfe3 #5299bb
team=false local_snake=Some(0) local_team=Some(1) snake_team=Some(0) slot=0 count=3 index=1 -> #ff6b6b #b84444
team=false local_snake=Some(0) local_team=Some(1) snake_team=Some(0) slot=0 count=3 index=2 -> #556270 #353c47
team=false local_snake=Some(0) local_team=Some(1) snake_team=Some(0) slot=0 count=3 index=3 -> #f7b731 #a87d1f
team=false local_snake=Some(0) local_team=Some(1) snake_team=Some(0) slot=0 count=4 index=0 -> #70bfe3 #5299bb
team=false local_snake=Some(0) local_team=Some(1) snake_team=Some(0) slot=0 count=4 index=1 -> #ff6b6b #b84444
team=false local_snake=Some(0) local_team=Some(1) snake_team=Some(0) slot=0 count=4 index=2 -> #556270 #353c47
team=false local_snake=Some(0) local_team=Some(1) snake_team=Some(0) slot=0 count=4 index=3 -> #f7b731 #a87d1f
team=false local_snake=Some(0) local_team=Some(1) snake_team=Some(0) slot=1 count=1 index=0 -> #70bfe3 #5299bb
team=false local_snake=Some(0) local_team=Some(1) snake_team=Some(0) slot=1 count=1 index=1 -> #ff6b6b #b84444
team=false local_snake=Some(0) local_team=Some(1) snake_team=Some(0) slot=1 count=1 index=2 -> #556270 #353c47
team=false local_snake=Some(0) local_team=Some(1) snake_team=Some(0) slot=1 count=1 index=3 -> #f7b731 #a87d1f
team=false local_snake=Some(0) local_team=Some(1) snake_team=Some(0) slot=1 count=2 index=0 -> #70bfe3 #5299bb
team=false local_snake=Some(0) local_team=Some(1) snake_team=Some(0) slot=1 count=2 index=1 -> #ff6b6b #b84444
team=false local_snake=Some(0) local_team=Some(1) snake_team=Some(0) slot=1 count=2 index=2 -> #ff6b6b #b84444
team=false local_snake=Some(0) local_team=Some(1) snake_team=Some(0) slot=1 count=2 index=3 -> #ff6b6b #b84444
team=false local_snake=Some(0) local_team=Some(1) snake_team=Some(0) slot=1 count=3 index=0 -> #70bfe3 #5299bb
team=false local_snake=Some(0) local_team=Some(1) snake_team=Some(0) slot=1 count=3 index=1 -> #ff6b6b #b84444
team=false local_snake=Some(0) local_team=Some(1) snake_team=Some(0) slot=1 count=3 index=2 -> #556270 #353c47
team=false local_snake=Some(0) local_team=Some(1) snake_team=Some(0) slot=1 count=3 index=3 -> #f7b731 #a87d1f
team=false local_snake=Some(0) local_team=Some(1) snake_team=Some(0) slot=1 count=4 index=0 -> #70bfe3 #5299bb
team=false local_snake=Some(0) local_team=Some(1) snake_team=Some(0) slot=1 count=4 index=1 -> #ff6b6b #b84444
team=false local_snake=Some(0) local_team=Some(1) snake_team=Some(0) slot=1 count=4 index=2 -> #556270 #353c47
team=false local_snake=Some(0) local_team=Some(1) snake_team=Some(0) slot=1 count=4 index=3 -> #f7b731 #a87d1f
team=false local_snake=Some(0) local_team=Some(1) snake_team=Some(0) slot=2 count=1 index=0 -> #70bfe3 #5299bb
team=false local_snake=Some(0) local_team=Some(1) snake_team=Some(0) slot=2 count=1 index=1 -> #ff6b6b #b84444
team=false local_snake=Some(0) local_team=Some(1) snake_team=Some(0) slot=2 count=1 index=2 -> #556270 #353c47
team=false local_snake=Some(0) local_team=Some(1) snake_team=Some(0) slot=2 count=1 index=3 -> #f7b731 #a87d1f
team=false local_snake=Some(0) local_team=Some(1) snake_team=Some(0) slot=2 count=2 index=0 -> #70bfe3 #5299bb
team=false local_snake=Some(0) local_team=Some(1) snake_team=Some(0) slot=2 count=2 index=1 -> #ff6b6b #b84444
team=false local_snake=Some(0) local_team=Some(1) snake_team=Some(0) slot=2 count=2 index=2 -> #ff6b6b #b84444
team=false local_snake=Some(0) local_team=Some(1) snake_team=Some(0) slot=2 count=2 index=3 -> #ff6b6b #b84444
team=false local_snake=Some(0) local_team=Some(1) snake_team=Some(0) slot=2 count=3 index=0 -> #70bfe3 #5299bb
team=false local_snake=Some(0) local_team=Some(1) snake_team=Some(0) slot=2 count=3 index=1 -> #ff6b6b #b84444
team=false local_snake=Some(0) local_team=Some(1) snake_team=Some(0) slot=2 count=3 index=2 -> #556270 #353c47
team=false local_snake=Some(0) local_team=Some(1) snake_team=Some(0) slot=2 count=3 index=3 -> #f7b731 #a87d1f
team=false local_snake=Some(0) local_team=Some(1) snake_team=Some(0) slot=2 count=4 index=0 -> #70bfe3 #5299bb
team=false local_snake=Some(0) local_team=Some(1) snake_team=Some(0) slot=2 count=4 index=1 -> #ff6b6b #b84444
team=false local_snake=Some(0) local_team=Some(1) snake_team=Some(0) slot=2 count=4 index=2 -> #556270 #353c47
team=false local_snake=Some(0) local_team=Some(1) snake_team=Some(0) slot=2 count=4 index=3 -> #f7b731 #a87d1f
team=false local_snake=Some(0) local_team=Some(1) snake_team=Some(1) slot=0 count=1 index=0 -> #70bfe3 #5299bb
team=false local_snake=Some(0) local_team=Some(1) snake_team=Some(1) slot=0 count=1 index=1 -> #ff6b6b #b84444
team=false local_snake=Some(0) local_team=Some(1) snake_team=Some(1) slot=0 count=1 index=2 -> #556270 #353c47
team=false local_snake=Some(0) local_team=Some(1) snake_team=Some(1) slot=0 count=1 index=3 -> #f7b731 #a87d1f
team=false local_snake=Some(0) local_team=Some(1) snake_team=Some(1) slot=0 count=2 index=0 -> #70bfe3 #5299bb
team=false local_snake=Some(0) local_team=Some(1) snake_team=Some(1) slot=0 count=2 index=1 -> #ff6b6b #b84444
team=false local_snake=Some(0) local_team=Some(1) snake_team=Some(1) slot=0 count=2 index=2 -> #ff6b6b #b84444
team=false local_snake=Some(0) local_team=Some(1) snake_team=Some(1) slot=0 count=2 index=3 -> #ff6b6b #b84444
team=false local_snake=Some(0) local_team=Some(1) snake_team=Some(1) slot=0 count=3 index=0 -> #70bfe3 #5299bb
team=false local_snake=Some(0) local_team=Some(1) snake_team=Some(1) slot=0 count=3 index=1 -> #ff6b6b #b84444
team=false local_snake=Some(0) local_team=Some(1) snake_team=Some(1) slot=0 count=3 index=2 -> #556270 #353c47
team=false local_snake=Some(0) local_team=Some(1) snake_team=Some(1) slot=0 count=3 index=3 -> #f7b731 #a87d1f
team=false local_snake=Some(0) local_team=Some(1) snake_team=Some(1) slot=0 count=4 index=0 -> #70bfe3 #5299bb
team=false local_snake=Some(0) local_team=Some(1) snake_team=Some(1) slot=0 count=4 index=1 -> #ff6b6b #b84444
team=false local_snake=Some(0) local_team=Some(1) snake_team=Some(1) slot=0 count=4 index=2 -> #556270 #353c47
team=false local_snake=Some(0) local_team=Some(1) snake_team=Some(1) slot=0 count=4 index=3 -> #f7b731 #a87d1f
team=false local_snake=Some(0) local_team=Some(1) snake_team=Some(1) slot=1 count=1 index=0 -> #70bfe3 #5299bb
team=false local_snake=Some(0) local_team=Some(1) snake_team=Some(1) slot=1 count=1 index=1 -> #ff6b6b #b84444
team=false local_snake=Some(0) local_team=Some(1) snake_team=Some(1) slot=1 count=1 index=2 -> #556270 #353c47
team=false local_snake=Some(0) local_team=Some(1) snake_team=Some(1) slot=1 count=1 index=3 -> #f7b731 #a87d1f
team=false local_snake=Some(0) local_team=Some(1) snake_team=Some(1) slot=1 count=2 index=0 -> #70bfe3 #5299bb
team=false local_snake=Some(0) local_team=Some(1) snake_team=Some(1) slot=1 count=2 index=1 -> #ff6b6b #b84444
team=false local_snake=Some(0) local_team=Some(1) snake_team=Some(1) slot=1 count=2 index=2 -> #ff6b6b #b84444
team=false local_snake=Some(0) local_team=Some(1) snake_team=Some(1) slot=1 count=2 index=3 -> #ff6b6b #b84444
team=false local_snake=Some(0) local_team=Some(1) snake_team=Some(1) slot=1 count=3 index=0 -> #70bfe3 #5299bb
team=false local_snake=Some(0) local_team=Some(1) snake_team=Some(1) slot=1 count=3 index=1 -> #ff6b6b #b84444
team=false local_snake=Some(0) local_team=Some(1) snake_team=Some(1) slot=1 count=3 index=2 -> #556270 #353c47
team=false local_snake=Some(0) local_team=Some(1) snake_team=Some(1) slot=1 count=3 index=3 -> #f7b731 #a87d1f
team=false local_snake=Some(0) local_team=Some(1) snake_team=Some(1) slot=1 count=4 index=0 -> #70bfe3 #5299bb
team=false local_snake=Some(0) local_team=Some(1) snake_team=Some(1) slot=1 count=4 index=1 -> #ff6b6b #b84444
team=false local_snake=Some(0) local_team=Some(1) snake_team=Some(1) slot=1 count=4 index=2 -> #556270 #353c47
team=false local_snake=Some(0) local_team=Some(1) snake_team=Some(1) slot=1 count=4 index=3 -> #f7b731 #a87d1f
team=false local_snake=Some(0) local_team=Some(1) snake_team=Some(1) slot=2 count=1 index=0 -> #70bfe3 #5299bb
team=false local_snake=Some(0) local_team=Some(1) snake_team=Some(1) slot=2 count=1 index=1 -> #ff6b6b #b84444
team=false local_snake=Some(0) local_team=Some(1) snake_team=Some(1) slot=2 count=1 index=2 -> #556270 #353c47
team=false local_snake=Some(0) local_team=Some(1) snake_team=Some(1) slot=2 count=1 index=3 -> #f7b731 #a87d1f
team=false local_snake=Some(0) local_team=Some(1) snake_team=Some(1) slot=2 count=2 index=0 -> #70bfe3 #5299bb
team=false local_snake=Some(0) local_team=Some(1) snake_team=Some(1) slot=2 count=2 index=1 -> #ff6b6b #b84444
team=false local_snake=Some(0) local_team=Some(1) snake_team=Some(1) slot=2 count=2 index=2 -> #ff6b6b #b84444
team=false local_snake=Some(0) local_team=Some(1) snake_team=Some(1) slot=2 count=2 index=3 -> #ff6b6b #b84444
team=false local_snake=Some(0) local_team=Some(1) snake_team=Some(1) slot=2 count=3 index=0 -> #70bfe3 #5299bb
team=false local_snake=Some(0) local_team=Some(1) snake_team=Some(1) slot=2 count=3 index=1 -> #ff6b6b #b84444
team=false local_snake=Some(0) local_team=Some(1) snake_team=Some(1) slot=2 count=3 index=2 -> #556270 #353c47
team=false local_snake=Some(0) local_team=Some(1) snake_team=Some(1) slot=2 count=3 index=3 -> #f7b731 #a87d1f
team=false local_snake=Some(0) local_team=Some(1) snake_team=Some(1) slot=2 count=4 index=0 -> #70bfe3 #5299bb
team=false local_snake=Some(0) local_team=Some(1) snake_team=Some(1) slot=2 count=4 index=1 -> #ff6b6b #b84444
team=false local_snake=Some(0) local_team=Some(1) snake_team=Some(1) slot=2 count=4 index=2 -> #556270 #353c47
team=false local_snake=Some(0) local_team=Some(1) snake_team=Some(1) slot=2 count=4 index=3 -> #f7b731 #a87d1f
team=false local_snake=Some(1) local_team=None snake_team=None slot=0 count=1 index=0 -> #f7b731 #a87d1f
team=false local_snake=Some(1) local_team=None snake_team=None slot=0 count=1 index=1 -> #70bfe3 #5299bb
team=false local_snake=Some(1) local_team=None snake_team=None slot=0 count=1 index=2 -> #556270 #353c47
team=false local_snake=Some(1) local_team=None snake_team=None slot=0 count=1 index=3 -> #f7b731 #a87d1f
team=false local_snake=Some(1) local_team=None snake_team=None slot=0 count=2 index=0 -> #ff6b6b #b84444
team=false local_snake=Some(1) local_team=None snake_team=None slot=0 count=2 index=1 -> #70bfe3 #5299bb
team=false local_snake=Some(1) local_team=None snake_team=None slot=0 count=2 index=2 -> #ff6b6b #b84444
team=false local_snake=Some(1) local_team=None snake_team=None slot=0 count=2 index=3 -> #ff6b6b #b84444
team=false local_snake=Some(1) local_team=None snake_team=None slot=0 count=3 index=0 -> #f7b731 #a87d1f
team=false local_snake=Some(1) local_team=None snake_team=None slot=0 count=3 index=1 -> #70bfe3 #5299bb
team=false local_snake=Some(1) local_team=None snake_team=None slot=0 count=3 index=2 -> #556270 #353c47
team=false local_snake=Some(1) local_team=None snake_team=None slot=0 count=3 index=3 -> #f7b731 #a87d1f
team=false local_snake=Some(1) local_team=None snake_team=None slot=0 count=4 index=0 -> #f7b731 #a87d1f
team=false local_snake=Some(1) local_team=None snake_team=None slot=0 count=4 index=1 -> #70bfe3 #5299bb
team=false local_snake=Some(1) local_team=None snake_team=None slot=0 count=4 index=2 -> #556270 #353c47
team=false local_snake=Some(1) local_team=None snake_team=None slot=0 count=4 index=3 -> #f7b731 #a87d1f
team=false local_snake=Some(1) local_team=None snake_team=None slot=1 count=1 index=0 -> #f7b731 #a87d1f
team=false local_snake=Some(1) local_team=None snake_team=None slot=1 count=1 index=1 -> #70bfe3 #5299bb
team=false local_snake=Some(1) local_team=None snake_team=None slot=1 count=1 index=2 -> #556270 #353c47
team=false local_snake=Some(1) local_team=None snake_team=None slot=1 count=1 index=3 -> #f7b731 #a87d1f
team=false local_snake=Some(1) local_team=None snake_team=None slot=1 count=2 index=0 -> #ff6b6b #b84444
team=false local_snake=Some(1) local_team=None snake_team=None slot=1 count=2 index=1 -> #70bfe3 #5299bb
team=false local_snake=Some(1) local_team=None snake_team=None slot=1 count=2 index=2 -> #ff6b6b #b84444
team=false local_snake=Some(1) local_team=None snake_team=None slot=1 count=2 index=3 -> #ff6b6b #b84444
team=false local_snake=Some(1) local_team=None snake_team=None slot=1 count=3 index=0 -> #f7b731 #a87d1f
team=false local_snake=Some(1) local_team=None snake_team=None slot=1 count=3 index=1 -> #70bfe3 #5299bb
team=false local_snake=Some(1) local_team=None snake_team=None slot=1 count=3 index=2 -> #556270 #353c47
team=false local_snake=Some(1) local_team=None snake_team=None slot=1 count=3 index=3 -> #f7b731 #a87d1f
team=false local_snake=Some(1) local_team=None snake_team=None slot=1 count=4 index=0 -> #f7b731 #a87d1f
team=false local_snake=Some(1) local_team=None snake_team=None slot=1 count=4 index=1 -> #70bfe3 #5299bb
team=false local_snake=Some(1) local_team=None snake_team=None slot=1 count=4 index=2 -> #556270 #353c47
team=false local_snake=Some(1) local_team=None snake_team=None slot=1 count=4 index=3 -> #f7b731 #a87d1f
team=false local_snake=Some(1) local_team=None snake_team=None slot=2 count=1 index=0 -> #f7b731 #a87d1f
team=false local_snake=Some(1) local_team=None snake_team=None slot=2 count=1 index=1 -> #70bfe3 #5299bb
team=false local_snake=Some(1) local_team=None snake_team=None slot=2 count=1 index=2 -> #556270 #353c47
team=false local_snake=Some(1) local_team=None snake_team=None slot=2 count=1 index=3 -> #f7b731 #a87d1f
team=false local_snake=Some(1) local_team=None snake_team=None slot=2 count=2 index=0 -> #ff6b6b #b84444
team=false local_snake=Some(1) local_team=None snake_team=None slot=2 count=2 index=1 -> #70bfe3 #5299bb
team=false local_snake=Some(1) local_team=None snake_team=None slot=2 count=2 index=2 -> #ff6b6b #b84444
team=false local_snake=Some(1) local_team=None snake_team=None slot=2 count=2 index=3 -> #ff6b6b #b84444
team=false local_snake=Some(1) local_team=None snake_team=None slot=2 count=3 index=0 -> #f7b731 #a87d1f
team=false local_snake=Some(1) local_team=None snake_team=None slot=2 count=3 index=1 -> #70bfe3 #5299bb
team=false local_snake=Some(1) local_team=None snake_team=None slot=2 count=3 index=2 -> #556270 #353c47
team=false local_snake=Some(1) local_team=None snake_team=None slot=2 count=3 index=3 -> #f7b731 #a87d1f
team=false local_snake=Some(1) local_team=None snake_team=None slot=2 count=4 index=0 -> #f7b731 #a87d1f
team=false local_snake=Some(1) local_team=None snake_team=None slot=2 count=4 index=1 -> #70bfe3 #5299bb
team=false local_snake=Some(1) local_team=None snake_team=None slot=2 count=4 index=2 -> #556270 #353c47
team=false local_snake=Some(1) local_team=None snake_team=None slot=2 count=4 index=3 -> #f7b731 #a87d1f
team=false local_snake=Some(1) local_team=None snake_team=Some(0) slot=0 count=1 index=0 -> #f7b731 #a87d1f
team=false local_snake=Some(1) local_team=None snake_team=Some(0) slot=0 count=1 index=1 -> #70bfe3 #5299bb
team=false local_snake=Some(1) local_team=None snake_team=Some(0) slot=0 count=1 index=2 -> #556270 #353c47
team=false local_snake=Some(1) local_team=None snake_team=Some(0) slot=0 count=1 index=3 -> #f7b731 #a87d1f
team=false local_snake=Some(1) local_team=None snake_team=Some(0) slot=0 count=2 index=0 -> #ff6b6b #b84444
team=false local_snake=Some(1) local_team=None snake_team=Some(0) slot=0 count=2 index=1 -> #70bfe3 #5299bb
team=false local_snake=Some(1) local_team=None snake_team=Some(0) slot=0 count=2 index=2 -> #ff6b6b #b84444
team=false local_snake=Some(1) local_team=None snake_team=Some(0) slot=0 count=2 index=3 -> #ff6b6b #b84444
team=false local_snake=Some(1) local_team=None snake_team=Some(0) slot=0 count=3 index=0 -> #f7b731 #a87d1f
team=false local_snake=Some(1) local_team=None snake_team=Some(0) slot=0 count=3 index=1 -> #70bfe3 #5299bb
team=false local_snake=Some(1) local_team=None snake_team=Some(0) slot=0 count=3 index=2 -> #556270 #353c47
team=false local_snake=Some(1) local_team=None snake_team=Some(0) slot=0 count=3 index=3 -> #f7b731 #a87d1f
team=false local_snake=Some(1) local_team=None snake_team=Some(0) slot=0 count=4 index=0 -> #f7b731 #a87d1f
team=false local_snake=Some(1) local_team=None snake_team=Some(0) slot=0 count=4 index=1 -> #70bfe3 #5299bb
team=false local_snake=Some(1) local_team=None snake_team=Some(0) slot=0 count=4 index=2 -> #556270 #353c47
team=false local_snake=Some(1) local_team=None snake_team=Some(0) slot=0 count=4 index=3 -> #f7b731 #a87d1f
team=false local_snake=Some(1) local_team=None snake_team=Some(0) slot=1 count=1 index=0 -> #f7b731 #a87d1f
team=false local_snake=Some(1) local_team=None snake_team=Some(0) slot=1 count=1 index=1 -> #70bfe3 #5299bb
team=false local_snake=Some(1) local_team=None snake_team=Some(0) slot=1 count=1 index=2 -> #556270 #353c47
team=false local_snake=Some(1) local_team=None snake_team=Some(0) slot=1 count=1 index=3 -> #f7b731 #a87d1f
team=false local_snake=Some(1) local_team=None snake_team=Some(0) slot=1 count=2 index=0 -> #ff6b6b #b84444
team=false local_snake=Some(1) local_team=None snake_team=Some(0) slot=1 count=2 index=1 -> #70bfe3 #5299bb
team=false local_snake=Some(1) local_team=None snake_team=Some(0) slot=1 count=2 index=2 -> #ff6b6b #b84444
team=false local_snake=Some(1) local_team=None snake_team=Some(0) slot=1 count=2 index=3 -> #ff6b6b #b84444
team=false local_snake=Some(1) local_team=None snake_team=Some(0) slot=1 count=3 index=0 -> #f7b731 #a87d1f
team=false local_snake=Some(1) local_team=None snake_team=Some(0) slot=1 count=3 index=1 -> #70bfe3 #5299bb
team=false local_snake=Some(1) local_team=None snake_team=Some(0) slot=1 count=3 index=2 -> #556270 #353c47
team=false local_snake=Some(1) local_team=None snake_team=Some(0) slot=1 count=3 index=3 -> #f7b731 #a87d1f
team=false local_snake=Some(1) local_team=None snake_team=Some(0) slot=1 count=4 index=0 -> #f7b731 #a87d1f
team=false local_snake=Some(1) local_team=None snake_team=Some(0) slot=1 count=4 index=1 -> #70bfe3 #5299bb
team=false local_snake=Some(1) local_team=None snake_team=Some(0) slot=1 count=4 index=2 -> #556270 #353c47
team=false local_snake=Some(1) local_team=None snake_team=Some(0) slot=1 count=4 index=3 -> #f7b731 #a87d1f
team=false local_snake=Some(1) local_team=None snake_team=Some(0) slot=2 count=1 index=0 -> #f7b731 #a87d1f
team=false local_snake=Some(1) local_team=None snake_team=Some(0) slot=2 count=1 index=1 -> #70bfe3 #5299bb
team=false local_snake=Some(1) local_team=None snake_team=Some(0) slot=2 count=1 index=2 -> #556270 #353c47
team=false local_snake=Some(1) local_team=None snake_team=Some(0) slot=2 count=1 index=3 -> #f7b731 #a87d1f
team=false local_snake=Some(1) local_team=None snake_team=Some(0) slot=2 count=2 index=0 -> #ff6b6b #b84444
team=false local_snake=Some(1) local_team=None snake_team=Some(0) slot=2 count=2 index=1 -> #70bfe3 #5299bb
team=false local_snake=Some(1) local_team=None snake_team=Some(0) slot=2 count=2 index=2 -> #ff6b6b #b84444
team=false local_snake=Some(1) local_team=None snake_team=Some(0) slot=2 count=2 index=3 -> #ff6b6b #b84444
team=false local_snake=Some(1) local_team=None snake_team=Some(0) slot=2 count=3 index=0 -> #f7b731 #a87d1f
team=false local_snake=Some(1) local_team=None snake_team=Some(0) slot=2 count=3 index=1 -> #70bfe3 #5299bb
team=false local_snake=Some(1) local_team=None snake_team=Some(0) slot=2 count=3 index=2 -> #556270 #353c47
team=false local_snake=Some(1) local_team=None snake_team=Some(0) slot=2 count=3 index=3 -> #f7b731 #a87d1f
team=false local_snake=Some(1) local_team=None snake_team=Some(0) slot=2 count=4 index=0 -> #f7b731 #a87d1f
team=false local_snake=Some(1) local_team=None snake_team=Some(0) slot=2 count=4 index=1 -> #70bfe3 #5299bb
team=false local_snake=Some(1) local_team=None snake_team=Some(0) slot=2 count=4 index=2 -> #556270 #353c47
team=false local_snake=Some(1) local_team=None snake_team=Some(0) slot=2 count=4 index=3 -> #f7b731 #a87d1f
team=false local_snake=Some(1) local_team=None snake_team=Some(1) slot=0 count=1 index=0 -> #f7b731 #a87d1f
team=false local_snake=Some(1) local_team=None snake_team=Some(1) slot=0 count=1 index=1 -> #70bfe3 #5299bb
team=false local_snake=Some(1) local_team=None snake_team=Some(1) slot=0 count=1 index=2 -> #556270 #353c47
team=false local_snake=Some(1) local_team=None snake_team=Some(1) slot=0 count=1 index=3 -> #f7b731 #a87d1f
team=false local_snake=Some(1) local_team=None snake_team=Some(1) slot=0 count=2 index=0 -> #ff6b6b #b84444
team=false local_snake=Some(1) local_team=None snake_team=Some(1) slot=0 count=2 index=1 -> #70bfe3 #5299bb
team=false local_snake=Some(1) local_team=None snake_team=Some(1) slot=0 count=2 index=2 -> #ff6b6b #b84444
team=false local_snake=Some(1) local_team=None snake_team=Some(1) slot=0 count=2 index=3 -> #ff6b6b #b84444
team=false local_snake=Some(1) local_team=None snake_team=Some(1) slot=0 count=3 index=0 -> #f7b731 #a87d1f
team=false local_snake=Some(1) local_team=None snake_team=Some(1) slot=0 count=3 index=1 -> #70bfe3 #5299bb
team=false local_snake=Some(1) local_team=None snake_team=Some(1) slot=0 count=3 index=2 -> #556270 #353c47
team=false local_snake=Some(1) local_team=None snake_team=Some(1) slot=0 count=3 index=3 -> #f7b731 #a87d1f
team=false local_snake=Some(1) local_team=None snake_team=Some(1) slot=0 count=4 index=0 -> #f7b731 #a87d1f
team=false local_snake=Some(1) local_team=None snake_team=Some(1) slot=0 count=4 index=1 -> #70bfe3 #5299bb
team=false local_snake=Some(1) local_team=None snake_team=Some(1) slot=0 count=4 index=2 -> #556270 #353c47
team=false local_snake=Some(1) local_team=None snake_team=Some(1) slot=0 count=4 index=3 -> #f7b731 #a87d1f
team=false local_snake=Some(1) local_team=None snake_team=Some(1) slot=1 count=1 index=0 -> #f7b731 #a87d1f
team=false local_snake=Some(1) local_team=None snake_team=Some(1) slot=1 count=1 index=1 -> #70bfe3 #5299bb
team=false local_snake=Some(1) local_team=None snake_team=Some(1) slot=1 count=1 index=2 -> #556270 #353c47
team=false local_snake=Some(1) local_team=None snake_team=Some(1) slot=1 count=1 index=3 -> #f7b731 #a87d1f
team=false local_snake=Some(1) local_team=None snake_team=Some(1) slot=1 count=2 index=0 -> #ff6b6b #b84444
team=false local_snake=Some(1) local_team=None snake_team=Some(1) slot=1 count=2 index=1 -> #70bfe3 #5299bb
team=false local_snake=Some(1) local_team=None snake_team=Some(1) slot=1 count=2 index=2 -> #ff6b6b #b84444
team=false local_snake=Some(1) local_team=None snake_team=Some(1) slot=1 count=2 index=3 -> #ff6b6b #b84444
team=false local_snake=Some(1) local_team=None snake_team=Some(1) slot=1 count=3 index=0 -> #f7b731 #a87d1f
team=false local_snake=Some(1) local_team=None snake_team=Some(1) slot=1 count=3 index=1 -> #70bfe3 #5299bb
team=false local_snake=Some(1) local_team=None snake_team=Some(1) slot=1 count=3 index=2 -> #556270 #353c47
team=false local_snake=Some(1) local_team=None snake_team=Some(1) slot=1 count=3 index=3 -> #f7b731 #a87d1f
team=false local_snake=Some(1) local_team=None snake_team=Some(1) slot=1 count=4 index=0 -> #f7b731 #a87d1f
team=false local_snake=Some(1) local_team=None snake_team=Some(1) slot=1 count=4 index=1 -> #70bfe3 #5299bb
team=false local_snake=Some(1) local_team=None snake_team=Some(1) slot=1 count=4 index=2 -> #556270 #353c47
team=false local_snake=Some(1) local_team=None snake_team=Some(1) slot=1 count=4 index=3 -> #f7b731 #a87d1f
team=false local_snake=Some(1) local_team=None snake_team=Some(1) slot=2 count=1 index=0 -> #f7b731 #a87d1f
team=false local_snake=Some(1) local_team=None snake_team=Some(1) slot=2 count=1 index=1 -> #70bfe3 #5299bb
team=false local_snake=Some(1) local_team=None snake_team=Some(1) slot=2 count=1 index=2 -> #556270 #353c47
team=false local_snake=Some(1) local_team=None snake_team=Some(1) slot=2 count=1 index=3 -> #f7b731 #a87d1f
team=false local_snake=Some(1) local_team=None snake_team=Some(1) slot=2 count=2 index=0 -> #ff6b6b #b84444
team=false local_snake=Some(1) local_team=None snake_team=Some(1) slot=2 count=2 index=1 -> #70bfe3 #5299bb
team=false local_snake=Some(1) local_team=None snake_team=Some(1) slot=2 count=2 index=2 -> #ff6b6b #b84444
team=false local_snake=Some(1) local_team=None snake_team=Some(1) slot=2 count=2 index=3 -> #ff6b6b #b84444
team=false local_snake=Some(1) local_team=None snake_team=Some(1) slot=2 count=3 index=0 -> #f7b731 #a87d1f
team=false local_snake=Some(1) local_team=None snake_team=Some(1) slot=2 count=3 index=1 -> #70bfe3 #5299bb
team=false local_snake=Some(1) local_team=None snake_team=Some(1) slot=2 count=3 index=2 -> #556270 #353c47
team=false local_snake=Some(1) local_team=None snake_team=Some(1) slot=2 count=3 index=3 -> #f7b731 #a87d1f
team=false local_snake=Some(1) local_team=None snake_team=Some(1) slot=2 count=4 index=0 -> #f7b731 #a87d1f
team=false local_snake=Some(1) local_team=None snake_team=Some(1) slot=2 count=4 index=1 -> #70bfe3 #5299bb
team=false local_snake=Some(1) local_team=None snake_team=Some(1) slot=2 count=4 index=2 -> #556270 #353c47
team=false local_snake=Some(1) local_team=None snake_team=Some(1) slot=2 count=4 index=3 -> #f7b731 #a87d1f
team=false local_snake=Some(1) local_team=Some(0) snake_team=None slot=0 count=1 index=0 -> #f7b731 #a87d1f
team=false local_snake=Some(1) local_team=Some(0) snake_team=None slot=0 count=1 index=1 -> #70bfe3 #5299bb
team=false local_snake=Some(1) local_team=Some(0) snake_team=None slot=0 count=1 index=2 -> #556270 #353c47
team=false local_snake=Some(1) local_team=Some(0) snake_team=None slot=0 count=1 index=3 -> #f7b731 #a87d1f
team=false local_snake=Some(1) local_team=Some(0) snake_team=None slot=0 count=2 index=0 -> #ff6b6b #b84444
team=false local_snake=Some(1) local_team=Some(0) snake_team=None slot=0 count=2 index=1 -> #70bfe3 #5299bb
team=false local_snake=Some(1) local_team=Some(0) snake_team=None slot=0 count=2 index=2 -> #ff6b6b #b84444
team=false local_snake=Some(1) local_team=Some(0) snake_team=None slot=0 count=2 index=3 -> #ff6b6b #b84444
team=false local_snake=Some(1) local_team=Some(0) snake_team=None slot=0 count=3 index=0 -> #f7b731 #a87d1f
team=false local_snake=Some(1) local_team=Some(0) snake_team=None slot=0 count=3 index=1 -> #70bfe3 #5299bb
team=false local_snake=Some(1) local_team=Some(0) snake_team=None slot=0 count=3 index=2 -> #556270 #353c47
team=false local_snake=Some(1) local_team=Some(0) snake_team=None slot=0 count=3 index=3 -> #f7b731 #a87d1f
team=false local_snake=Some(1) local_team=Some(0) snake_team=None slot=0 count=4 index=0 -> #f7b731 #a87d1f
team=false local_snake=Some(1) local_team=Some(0) snake_team=None slot=0 count=4 index=1 -> #70bfe3 #5299bb
team=false local_snake=Some(1) local_team=Some(0) snake_team=None slot=0 count=4 index=2 -> #556270 #353c47
team=false local_snake=Some(1) local_team=Some(0) snake_team=None slot=0 count=4 index=3 -> #f7b731 #a87d1f
team=false local_snake=Some(1) local_team=Some(0) snake_team=None slot=1 count=1 index=0 -> #f7b731 #a87d1f
team=false local_snake=Some(1) local_team=Some(0) snake_team=None slot=1 count=1 index=1 -> #70bfe3 #5299bb
team=false local_snake=Some(1) local_team=Some(0) snake_team=None slot=1 count=1 index=2 -> #556270 #353c47
team=false local_snake=Some(1) local_team=Some(0) snake_team=None slot=1 count=1 index=3 -> #f7b731 #a87d1f
team=false local_snake=Some(1) local_team=Some(0) snake_team=None slot=1 count=2 index=0 -> #ff6b6b #b84444
team=false local_snake=Some(1) local_team=Some(0) snake_team=None slot=1 count=2 index=1 -> #70bfe3 #5299bb
team=false local_snake=Some(1) local_team=Some(0) snake_team=None slot=1 count=2 index=2 -> #ff6b6b #b84444
team=false local_snake=Some(1) local_team=Some(0) snake_team=None slot=1 count=2 index=3 -> #ff6b6b #b84444
team=false local_snake=Some(1) local_team=Some(0) snake_team=None slot=1 count=3 index=0 -> #f7b731 #a87d1f
team=false local_snake=Some(1) local_team=Some(0) snake_team=None slot=1 count=3 index=1 -> #70bfe3 #5299bb
team=false local_snake=Some(1) local_team=Some(0) snake_team=None slot=1 count=3 index=2 -> #556270 #353c47
team=false local_snake=Some(1) local_team=Some(0) snake_team=None slot=1 count=3 index=3 -> #f7b731 #a87d1f
team=false local_snake=Some(1) local_team=Some(0) snake_team=None slot=1 count=4 index=0 -> #f7b731 #a87d1f
team=false local_snake=Some(1) local_team=Some(0) snake_team=None slot=1 count=4 index=1 -> #70bfe3 #5299bb
team=false local_snake=Some(1) local_team=Some(0) snake_team=None slot=1 count=4 index=2 -> #556270 #353c47
team=false local_snake=Some(1) local_team=Some(0) snake_team=None slot=1 count=4 index=3 -> #f7b731 #a87d1f
team=false local_snake=Some(1) local_team=Some(0) snake_team=None slot=2 count=1 index=0 -> #f7b731 #a87d1f
team=false local_snake=Some(1) local_team=Some(0) snake_team=None slot=2 count=1 index=1 -> #70bfe3 #5299bb
team=false local_snake=Some(1) local_team=Some(0) snake_team=None slot=2 count=1 index=2 -> #556270 #353c47
team=false local_snake=Some(1) local_team=Some(0) snake_team=None slot=2 count=1 index=3 -> #f7b731 #a87d1f
team=false local_snake=Some(1) local_team=Some(0) snake_team=None slot=2 count=2 index=0 -> #ff6b6b #b84444
team=false local_snake=Some(1) local_team=Some(0) snake_team=None slot=2 count=2 index=1 -> #70bfe3 #5299bb
team=false local_snake=Some(1) local_team=Some(0) snake_team=None slot=2 count=2 index=2 -> #ff6b6b #b84444
team=false local_snake=Some(1) local_team=Some(0) snake_team=None slot=2 count=2 index=3 -> #ff6b6b #b84444
team=false local_snake=Some(1) local_team=Some(0) snake_team=None slot=2 count=3 index=0 -> #f7b731 #a87d1f
team=false local_snake=Some(1) local_team=Some(0) snake_team=None slot=2 count=3 index=1 -> #70bfe3 #5299bb
team=false local_snake=Some(1) local_team=Some(0) snake_team=None slot=2 count=3 index=2 -> #556270 #353c47
team=false local_snake=Some(1) local_team=Some(0) snake_team=None slot=2 count=3 index=3 -> #f7b731 #a87d1f
team=false local_snake=Some(1) local_team=Some(0) snake_team=None slot=2 count=4 index=0 -> #f7b731 #a87d1f
team=false local_snake=Some(1) local_team=Some(0) snake_team=None slot=2 count=4 index=1 -> #70bfe3 #5299bb
team=false local_snake=Some(1) local_team=Some(0) snake_team=None slot=2 count=4 index=2 -> #556270 #353c47
team=false local_snake=Some(1) local_team=Some(0) snake_team=None slot=2 count=4 index=3 -> #f7b731 #a87d1f
team=false local_snake=Some(1) local_team=Some(0) snake_team=Some(0) slot=0 count=1 index=0 -> #f7b731 #a87d1f
team=false local_snake=Some(1) local_team=Some(0) snake_team=Some(0) slot=0 count=1 index=1 -> #70bfe3 #5299bb
team=false local_snake=Some(1) local_team=Some(0) snake_team=Some(0) slot=0 count=1 index=2 -> #556270 #353c47
team=false local_snake=Some(1) local_team=Some(0) snake_team=Some(0) slot=0 count=1 index=3 -> #f7b731 #a87d1f
team=false local_snake=Some(1) local_team=Some(0) snake_team=Some(0) slot=0 count=2 index=0 -> #ff6b6b #b84444
team=false local_snake=Some(1) local_team=Some(0) snake_team=Some(0) slot=0 count=2 index=1 -> #70bfe3 #5299bb
team=false local_snake=Some(1) local_team=Some(0) snake_team=Some(0) slot=0 count=2 index=2 -> #ff6b6b #b84444
team=false local_snake=Some(1) local_team=Some(0) snake_team=Some(0) slot=0 count=2 index=3 -> #ff6b6b #b84444
team=false local_snake=Some(1) local_team=Some(0) snake_team=Some(0) slot=0 count=3 index=0 -> #f7b731 #a87d1f
team=false local_snake=Some(1) local_team=Some(0) snake_team=Some(0) slot=0 count=3 index=1 -> #70bfe3 #5299bb
team=false local_snake=Some(1) local_team=Some(0) snake_team=Some(0) slot=0 count=3 index=2 -> #556270 #353c47
team=false local_snake=Some(1) local_team=Some(0) snake_team=Some(0) slot=0 count=3 index=3 -> #f7b731 #a87d1f
team=false local_snake=Some(1) local_team=Some(0) snake_team=Some(0) slot=0 count=4 index=0 -> #f7b731 #a87d1f
team=false local_snake=Some(1) local_team=Some(0) snake_team=Some(0) slot=0 count=4 index=1 -> #70bfe3 #5299bb
team=false local_snake=Some(1) local_team=Some(0) snake_team=Some(0) slot=0 count=4 index=2 -> #556270 #353c47
team=false local_snake=Some(1) local_team=Some(0) snake_team=Some(0) slot=0 count=4 index=3 -> #f7b731 #a87d1f
team=false local_snake=Some(1) local_team=Some(0) snake_team=Some(0) slot=1 count=1 index=0 -> #f7b731 #a87d1f
team=false local_snake=Some(1) local_team=Some(0) snake_team=Some(0) slot=1 count=1 index=1 -> #70bfe3 #5299bb
team=false local_snake=Some(1) local_team=Some(0) snake_team=Some(0) slot=1 count=1 index=2 -> #556270 #353c47
team=false local_snake=Some(1) local_team=Some(0) snake_team=Some(0) slot=1 count=1 index=3 -> #f7b731 #a87d1f
team=false local_snake=Some(1) local_team=Some(0) snake_team=Some(0) slot=1 count=2 index=0 -> #ff6b6b #b84444
team=false local_snake=Some(1) local_team=Some(0) snake_team=Some(0) slot=1 count=2 index=1 -> #70bfe3 #5299bb
team=false local_snake=Some(1) local_team=Some(0) snake_team=Some(0) slot=1 count=2 index=2 -> #ff6b6b #b84444
team=false local_snake=Some(1) local_team=Some(0) snake_team=Some(0) slot=1 count=2 index=3 -> #ff6b6b #b84444
team=false local_snake=Some(1) local_team=Some(0) snake_team=Some(0) slot=1 count=3 index=0 -> #f7b731 #a87d1f
team=false local_snake=Some(1) local_team=Some(0) snake_team=Some(0) slot=1 count=3 index=1 -> #70bfe3 #5299bb
team=false local_snake=Some(1) local_team=Some(0) snake_team=Some(0) slot=1 count=3 index=2 -> #556270 #353c47
team=false local_snake=Some(1) local_team=Some(0) snake_team=Some(0) slot=1 count=3 index=3 -> #f7b731 #a87d1f
team=false local_snake=Some(1) local_team=Some(0) snake_team=Some(0) slot=1 count=4 index=0 -> #f7b731 #a87d1f
team=false local_snake=Some(1) local_team=Some(0) snake_team=Some(0) slot=1 count=4 index=1 -> #70bfe3 #5299bb
team=false local_snake=Some(1) local_team=Some(0) snake_team=Some(0) slot=1 count=4 index=2 -> #556270 #353c47
team=false local_snake=Some(1) local_team=Some(0) snake_team=Some(0) slot=1 count=4 index=3 -> #f7b731 #a87d1f
team=false local_snake=Some(1) local_team=Some(0) snake_team=Some(0) slot=2 count=1 index=0 -> #f7b731 #a87d1f
team=false local_snake=Some(1) local_team=Some(0) snake_team=Some(0) slot=2 count=1 index=1 -> #70bfe3 #5299bb
team=false local_snake=Some(1) local_team=Some(0) snake_team=Some(0) slot=2 count=1 index=2 -> #556270 #353c47
team=false local_snake=Some(1) local_team=Some(0) snake_team=Some(0) slot=2 count=1 index=3 -> #f7b731 #a87d1f
team=false local_snake=Some(1) local_team=Some(0) snake_team=Some(0) slot=2 count=2 index=0 -> #ff6b6b #b84444
team=false local_snake=Some(1) local_team=Some(0) snake_team=Some(0) slot=2 count=2 index=1 -> #70bfe3 #5299bb
team=false local_snake=Some(1) local_team=Some(0) snake_team=Some(0) slot=2 count=2 index=2 -> #ff6b6b #b84444
team=false local_snake=Some(1) local_team=Some(0) snake_team=Some(0) slot=2 count=2 index=3 -> #ff6b6b #b84444
team=false local_snake=Some(1) local_team=Some(0) snake_team=Some(0) slot=2 count=3 index=0 -> #f7b731 #a87d1f
team=false local_snake=Some(1) local_team=Some(0) snake_team=Some(0) slot=2 count=3 index=1 -> #70bfe3 #5299bb
team=false local_snake=Some(1) local_team=Some(0) snake_team=Some(0) slot=2 count=3 index=2 -> #556270 #353c47
team=false local_snake=Some(1) local_team=Some(0) snake_team=Some(0) slot=2 count=3 index=3 -> #f7b731 #a87d1f
team=false local_snake=Some(1) local_team=Some(0) snake_team=Some(0) slot=2 count=4 index=0 -> #f7b731 #a87d1f
team=false local_snake=Some(1) local_team=Some(0) snake_team=Some(0) slot=2 count=4 index=1 -> #70bfe3 #5299bb
team=false local_snake=Some(1) local_team=Some(0) snake_team=Some(0) slot=2 count=4 index=2 -> #556270 #353c47
team=false local_snake=Some(1) local_team=Some(0) snake_team=Some(0) slot=2 count=4 index=3 -> #f7b731 #a87d1f
team=false local_snake=Some(1) local_team=Some(0) snake_team=Some(1) slot=0 count=1 index=0 -> #f7b731 #a87d1f
team=false local_snake=Some(1) local_team=Some(0) snake_team=Some(1) slot=0 count=1 index=1 -> #70bfe3 #5299bb
team=false local_snake=Some(1) local_team=Some(0) snake_team=Some(1) slot=0 count=1 index=2 -> #556270 #353c47
team=false local_snake=Some(1) local_team=Some(0) snake_team=Some(1) slot=0 count=1 index=3 -> #f7b731 #a87d1f
team=false local_snake=Some(1) local_team=Some(0) snake_team=Some(1) slot=0 count=2 index=0 -> #ff6b6b #b84444
team=false local_snake=Some(1) local_team=Some(0) snake_team=Some(1) slot=0 count=2 index=1 -> #70bfe3 #5299bb
team=false local_snake=Some(1) local_team=Some(0) snake_team=Some(1) slot=0 count=2 index=2 -> #ff6b6b #b84444
team=false local_snake=Some(1) local_team=Some(0) snake_team=Some(1) slot=0 count=2 index=3 -> #ff6b6b #b84444
team=false local_snake=Some(1) local_team=Some(0) snake_team=Some(1) slot=0 count=3 index=0 -> #f7b731 #a87d1f
team=false local_snake=Some(1) local_team=Some(0) snake_team=Some(1) slot=0 count=3 index=1 -> #70bfe3 #5299bb
team=false local_snake=Some(1) local_team=Some(0) snake_team=Some(1) slot=0 count=3 index=2 -> #556270 #353c47
team=false local_snake=Some(1) local_team=Some(0) snake_team=Some(1) slot=0 count=3 index=3 -> #f7b731 #a87d1f
team=false local_snake=Some(1) local_team=Some(0) snake_team=Some(1) slot=0 count=4 index=0 -> #f7b731 #a87d1f
team=false local_snake=Some(1) local_team=Some(0) snake_team=Some(1) slot=0 count=4 index=1 -> #70bfe3 #5299bb
team=false local_snake=Some(1) local_team=Some(0) snake_team=Some(1) slot=0 count=4 index=2 -> #556270 #353c47
team=false local_snake=Some(1) local_team=Some(0) snake_team=Some(1) slot=0 count=4 index=3 -> #f7b731 #a87d1f
team=false local_snake=Some(1) local_team=Some(0) snake_team=Some(1) slot=1 count=1 index=0 -> #f7b731 #a87d1f
team=false local_snake=Some(1) local_team=Some(0) snake_team=Some(1) slot=1 count=1 index=1 -> #70bfe3 #5299bb
team=false local_snake=Some(1) local_team=Some(0) snake_team=Some(1) slot=1 count=1 index=2 -> #556270 #353c47
team=false local_snake=Some(1) local_team=Some(0) snake_team=Some(1) slot=1 count=1 index=3 -> #f7b731 #a87d1f
team=false local_snake=Some(1) local_team=Some(0) snake_team=Some(1) slot=1 count=2 index=0 -> #ff6b6b #b84444
team=false local_snake=Some(1) local_team=Some(0) snake_team=Some(1) slot=1 count=2 index=1 -> #70bfe3 #5299bb
team=false local_snake=Some(1) local_team=Some(0) snake_team=Some(1) slot=1 count=2 index=2 -> #ff6b6b #b84444
team=false local_snake=Some(1) local_team=Some(0) snake_team=Some(1) slot=1 count=2 index=3 -> #ff6b6b #b84444
team=false local_snake=Some(1) local_team=Some(0) snake_team=Some(1) slot=1 count=3 index=0 -> #f7b731 #a87d1f
team=false local_snake=Some(1) local_team=Some(0) snake_team=Some(1) slot=1 count=3 index=1 -> #70bfe3 #5299bb
team=false local_snake=Some(1) local_team=Some(0) snake_team=Some(1) slot=1 count=3 index=2 -> #556270 #353c47
team=false local_snake=Some(1) local_team=Some(0) snake_team=Some(1) slot=1 count=3 index=3 -> #f7b731 #a87d1f
team=false local_snake=Some(1) local_team=Some(0) snake_team=Some(1) slot=1 count=4 index=0 -> #f7b731 #a87d1f
team=false local_snake=Some(1) local_team=Some(0) snake_team=Some(1) slot=1 count=4 index=1 -> #70bfe3 #5299bb
team=false local_snake=Some(1) local_team=Some(0) snake_team=Some(1) slot=1 count=4 index=2 -> #556270 #353c47
team=false local_snake=Some(1) local_team=Some(0) snake_team=Some(1) slot=1 count=4 index=3 -> #f7b731 #a87d1f
team=false local_snake=Some(1) local_team=Some(0) snake_team=Some(1) slot=2 count=1 index=0 -> #f7b731 #a87d1f
team=false local_snake=Some(1) local_team=Some(0) snake_team=Some(1) slot=2 count=1 index=1 -> #70bfe3 #5299bb
team=false local_snake=Some(1) local_team=Some(0) snake_team=Some(1) slot=2 count=1 index=2 -> #556270 #353c47
team=false local_snake=Some(1) local_team=Some(0) snake_team=Some(1) slot=2 count=1 index=3 -> #f7b731 #a87d1f
team=false local_snake=Some(1) local_team=Some(0) snake_team=Some(1) slot=2 count=2 index=0 -> #ff6b6b #b84444
team=false local_snake=Some(1) local_team=Some(0) snake_team=Some(1) slot=2 count=2 index=1 -> #70bfe3 #5299bb
team=false local_snake=Some(1) local_team=Some(0) snake_team=Some(1) slot=2 count=2 index=2 -> #ff6b6b #b84444
team=false local_snake=Some(1) local_team=Some(0) snake_team=Some(1) slot=2 count=2 index=3 -> #ff6b6b #b84444
team=false local_snake=Some(1) local_team=Some(0) snake_team=Some(1) slot=2 count=3 index=0 -> #f7b731 #a87d1f
team=false local_snake=Some(1) local_team=Some(0) snake_team=Some(1) slot=2 count=3 index=1 -> #70bfe3 #5299bb
team=false local_snake=Some(1) local_team=Some(0) snake_team=Some(1) slot=2 count=3 index=2 -> #556270 #353c47
team=false local_snake=Some(1) local_team=Some(0) snake_team=Some(1) slot=2 count=3 index=3 -> #f7b731 #a87d1f
team=false local_snake=Some(1) local_team=Some(0) snake_team=Some(1) slot=2 count=4 index=0 -> #f7b731 #a87d1f
team=false local_snake=Some(1) local_team=Some(0) snake_team=Some(1) slot=2 count=4 index=1 -> #70bfe3 #5299bb
team=false local_snake=Some(1) local_team=Some(0) snake_team=Some(1) slot=2 count=4 index=2 -> #556270 #353c47
team=false local_snake=Some(1) local_team=Some(0) snake_team=Some(1) slot=2 count=4 index=3 -> #f7b731 #a87d1f
team=false local_snake=Some(1) local_team=Some(1) snake_team=None slot=0 count=1 index=0 -> #f7b731 #a87d1f
team=false local_snake=Some(1) local_team=Some(1) snake_team=None slot=0 count=1 index=1 -> #70bfe3 #5299bb
team=false local_snake=Some(1) local_team=Some(1) snake_team=None slot=0 count=1 index=2 -> #556270 #353c47
team=false local_snake=Some(1) local_team=Some(1) snake_team=None slot=0 count=1 index=3 -> #f7b731 #a87d1f
team=false local_snake=Some(1) local_team=Some(1) snake_team=None slot=0 count=2 index=0 -> #ff6b6b #b84444
team=false local_snake=Some(1) local_team=Some(1) snake_team=None slot=0 count=2 index=1 -> #70bfe3 #5299bb
team=false local_snake=Some(1) local_team=Some(1) snake_team=None slot=0 count=2 index=2 -> #ff6b6b #b84444
team=false local_snake=Some(1) local_team=Some(1) snake_team=None slot=0 count=2 index=3 -> #ff6b6b #b84444
team=false local_snake=Some(1) local_team=Some(1) snake_team=None slot=0 count=3 index=0 -> #f7b731 #a87d1f
team=false local_snake=Some(1) local_team=Some(1) snake_team=None slot=0 count=3 index=1 -> #70bfe3 #5299bb
team=false local_snake=Some(1) local_team=Some(1) snake_team=None slot=0 count=3 index=2 -> #556270 #353c47
team=false local_snake=Some(1) local_team=Some(1) snake_team=None slot=0 count=3 index=3 -> #f7b731 #a87d1f
team=false local_snake=Some(1) local_team=Some(1) snake_team=None slot=0 count=4 index=0 -> #f7b731 #a87d1f
team=false local_snake=Some(1) local_team=Some(1) snake_team=None slot=0 count=4 index=1 -> #70bfe3 #5299bb
team=false local_snake=Some(1) local_team=Some(1) snake_team=None slot=0 count=4 index=2 -> #556270 #353c47
team=false local_snake=Some(1) local_team=Some(1) snake_team=None slot=0 count=4 index=3 -> #f7b731 #a87d1f
team=false local_snake=Some(1) local_team=Some(1) snake_team=None slot=1 count=1 index=0 -> #f7b731 #a87d1f
team=false local_snake=Some(1) local_team=Some(1) snake_team=None slot=1 count=1 index=1 -> #70bfe3 #5299bb
team=false local_snake=Some(1) local_team=Some(1) snake_team=None slot=1 count=1 index=2 -> #556270 #353c47
team=false local_snake=Some(1) local_team=Some(1) snake_team=None slot=1 count=1 index=3 -> #f7b731 #a87d1f
team=false local_snake=Some(1) local_team=Some(1) snake_team=None slot=1 count=2 index=0 -> #ff6b6b #b84444
team=false local_snake=Some(1) local_team=Some(1) snake_team=None slot=1 count=2 index=1 -> #70bfe3 #5299bb
team=false local_snake=Some(1) local_team=Some(1) snake_team=None slot=1 count=2 index=2 -> #ff6b6b #b84444
team=false local_snake=Some(1) local_team=Some(1) snake_team=None slot=1 count=2 index=3 -> #ff6b6b #b84444
team=false local_snake=Some(1) local_team=Some(1) snake_team=None slot=1 count=3 index=0 -> #f7b731 #a87d1f
team=false local_snake=Some(1) local_team=Some(1) snake_team=None slot=1 count=3 index=1 -> #70bfe3 #5299bb
team=false local_snake=Some(1) local_team=Some(1) snake_team=None slot=1 count=3 index=2 -> #556270 #353c47
team=false local_snake=Some(1) local_team=Some(1) snake_team=None slot=1 count=3 index=3 -> #f7b731 #a87d1f
team=false local_snake=Some(1) local_team=Some(1) snake_team=None slot=1 count=4 index=0 -> #f7b731 #a87d1f
team=false local_snake=Some(1) local_team=Some(1) snake_team=None slot=1 count=4 index=1 -> #70bfe3 #5299bb
team=false local_snake=Some(1) local_team=Some(1) snake_team=None slot=1 count=4 index=2 -> #556270 #353c47
team=false local_snake=Some(1) local_team=Some(1) snake_team=None slot=1 count=4 index=3 -> #f7b731 #a87d1f
team=false local_snake=Some(1) local_team=Some(1) snake_team=None slot=2 count=1 index=0 -> #f7b731 #a87d1f
team=false local_snake=Some(1) local_team=Some(1) snake_team=None slot=2 count=1 index=1 -> #70bfe3 #5299bb
team=false local_snake=Some(1) local_team=Some(1) snake_team=None slot=2 count=1 index=2 -> #556270 #353c47
team=false local_snake=Some(1) local_team=Some(1) snake_team=None slot=2 count=1 index=3 -> #f7b731 #a87d1f
team=false local_snake=Some(1) local_team=Some(1) snake_team=None slot=2 count=2 index=0 -> #ff6b6b #b84444
team=false local_snake=Some(1) local_team=Some(1) snake_team=None slot=2 count=2 index=1 -> #70bfe3 #5299bb
team=false local_snake=Some(1) local_team=Some(1) snake_team=None slot=2 count=2 index=2 -> #ff6b6b #b84444
team=false local_snake=Some(1) local_team=Some(1) snake_team=None slot=2 count=2 index=3 -> #ff6b6b #b84444
team=false local_snake=Some(1) local_team=Some(1) snake_team=None slot=2 count=3 index=0 -> #f7b731 #a87d1f
team=false local_snake=Some(1) local_team=Some(1) snake_team=None slot=2 count=3 index=1 -> #70bfe3 #5299bb
team=false local_snake=Some(1) local_team=Some(1) snake_team=None slot=2 count=3 index=2 -> #556270 #353c47
team=false local_snake=Some(1) local_team=Some(1) snake_team=None slot=2 count=3 index=3 -> #f7b731 #a87d1f
team=false local_snake=Some(1) local_team=Some(1) snake_team=None slot=2 count=4 index=0 -> #f7b731 #a87d1f
team=false local_snake=Some(1) local_team=Some(1) snake_team=None slot=2 count=4 index=1 -> #70bfe3 #5299bb
team=false local_snake=Some(1) local_team=Some(1) snake_team=None slot=2 count=4 index=2 -> #556270 #353c47
team=false local_snake=Some(1) local_team=Some(1) snake_team=None slot=2 count=4 index=3 -> #f7b731 #a87d1f
team=false local_snake=Some(1) local_team=Some(1) snake_team=Some(0) slot=0 count=1 index=0 -> #f7b731 #a87d1f
team=false local_snake=Some(1) local_team=Some(1) snake_team=Some(0) slot=0 count=1 index=1 -> #70bfe3 #5299bb
team=false local_snake=Some(1) local_team=Some(1) snake_team=Some(0) slot=0 count=1 index=2 -> #556270 #353c47
team=false local_snake=Some(1) local_team=Some(1) snake_team=Some(0) slot=0 count=1 index=3 -> #f7b731 #a87d1f
team=false local_snake=Some(1) local_team=Some(1) snake_team=Some(0) slot=0 count=2 index=0 -> #ff6b6b #b84444
team=false local_snake=Some(1) local_team=Some(1) snake_team=Some(0) slot=0 count=2 index=1 -> #70bfe3 #5299bb
team=false local_snake=Some(1) local_team=Some(1) snake_team=Some(0) slot=0 count=2 index=2 -> #ff6b6b #b84444
team=false local_snake=Some(1) local_team=Some(1) snake_team=Some(0) slot=0 count=2 index=3 -> #ff6b6b #b84444
team=false local_snake=Some(1) local_team=Some(1) snake_team=Some(0) slot=0 count=3 index=0 -> #f7b731 #a87d1f
team=false local_snake=Some(1) local_team=Some(1) snake_team=Some(0) slot=0 count=3 index=1 -> #70bfe3 #5299bb
team=false local_snake=Some(1) local_team=Some(1) snake_team=Some(0) slot=0 count=3 index=2 -> #556270 #353c47
team=false local_snake=Some(1) local_team=Some(1) snake_team=Some(0) slot=0 count=3 index=3 -> #f7b731 #a87d1f
team=false local_snake=Some(1) local_team=Some(1) snake_team=Some(0) slot=0 count=4 index=0 -> #f7b731 #a87d1f
team=false local_snake=Some(1) local_team=Some(1) snake_team=Some(0) slot=0 count=4 index=1 -> #70bfe3 #5299bb
team=false local_snake=Some(1) local_team=Some(1) snake_team=Some(0) slot=0 count=4 index=2 -> #556270 #353c47
team=false local_snake=Some(1) local_team=Some(1) snake_team=Some(0) slot=0 count=4 index=3 -> #f7b731 #a87d1f
team=false local_snake=Some(1) local_team=Some(1) snake_team=Some(0) slot=1 count=1 index=0 -> #f7b731 #a87d1f
team=false local_snake=Some(1) local_team=Some(1) snake_team=Some(0) slot=1 count=1 index=1 -> #70bfe3 #5299bb
team=false local_snake=Some(1) local_team=Some(1) snake_team=Some(0) slot=1 count=1 index=2 -> #556270 #353c47
team=false local_snake=Some(1) local_team=Some(1) snake_team=Some(0) slot=1 count=1 index=3 -> #f7b731 #a87d1f
team=false local_snake=Some(1) local_team=Some(1) snake_team=Some(0) slot=1 count=2 index=0 -> #ff6b6b #b84444
team=false local_snake=Some(1) local_team=Some(1) snake_team=Some(0) slot=1 count=2 index=1 -> #70bfe3 #5299bb
team=false local_snake=Some(1) local_team=Some(1) snake_team=Some(0) slot=1 count=2 index=2 -> #ff6b6b #b84444
team=false local_snake=Some(1) local_team=Some(1) snake_team=Some(0) slot=1 count=2 index=3 -> #ff6b6b #b84444
team=false local_snake=Some(1) local_team=Some(1) snake_team=Some(0) slot=1 count=3 index=0 -> #f7b731 #a87d1f
team=false local_snake=Some(1) local_team=Some(1) snake_team=Some(0) slot=1 count=3 index=1 -> #70bfe3 #5299bb
team=false local_snake=Some(1) local_team=Some(1) snake_team=Some(0) slot=1 count=3 index=2 -> #556270 #353c47
team=false local_snake=Some(1) local_team=Some(1) snake_team=Some(0) slot=1 count=3 index=3 -> #f7b731 #a87d1f
team=false local_snake=Some(1) local_team=Some(1) snake_team=Some(0) slot=1 count=4 index=0 -> #f7b731 #a87d1f
team=false local_snake=Some(1) local_team=Some(1) snake_team=Some(0) slot=1 count=4 index=1 -> #70bfe3 #5299bb
team=false local_snake=Some(1) local_team=Some(1) snake_team=Some(0) slot=1 count=4 index=2 -> #556270 #353c47
team=false local_snake=Some(1) local_team=Some(1) snake_team=Some(0) slot=1 count=4 index=3 -> #f7b731 #a87d1f
team=false local_snake=Some(1) local_team=Some(1) snake_team=Some(0) slot=2 count=1 index=0 -> #f7b731 #a87d1f
team=false local_snake=Some(1) local_team=Some(1) snake_team=Some(0) slot=2 count=1 index=1 -> #70bfe3 #5299bb
team=false local_snake=Some(1) local_team=Some(1) snake_team=Some(0) slot=2 count=1 index=2 -> #556270 #353c47
team=false local_snake=Some(1) local_team=Some(1) snake_team=Some(0) slot=2 count=1 index=3 -> #f7b731 #a87d1f
team=false local_snake=Some(1) local_team=Some(1) snake_team=Some(0) slot=2 count=2 index=0 -> #ff6b6b #b84444
team=false local_snake=Some(1) local_team=Some(1) snake_team=Some(0) slot=2 count=2 index=1 -> #70bfe3 #5299bb
team=false local_snake=Some(1) local_team=Some(1) snake_team=Some(0) slot=2 count=2 index=2 -> #ff6b6b #b84444
team=false local_snake=Some(1) local_team=Some(1) snake_team=Some(0) slot=2 count=2 index=3 -> #ff6b6b #b84444
team=false local_snake=Some(1) local_team=Some(1) snake_team=Some(0) slot=2 count=3 index=0 -> #f7b731 #a87d1f
team=false local_snake=Some(1) local_team=Some(1) snake_team=Some(0) slot=2 count=3 index=1 -> #70bfe3 #5299bb
team=false local_snake=Some(1) local_team=Some(1) snake_team=Some(0) slot=2 count=3 index=2 -> #556270 #353c47
team=false local_snake=Some(1) local_team=Some(1) snake_team=Some(0) slot=2 count=3 index=3 -> #f7b731 #a87d1f
team=false local_snake=Some(1) local_team=Some(1) snake_team=Some(0) slot=2 count=4 index=0 -> #f7b731 #a87d1f
team=false local_snake=Some(1) local_team=Some(1) snake_team=Some(0) slot=2 count=4 index=1 -> #70bfe3 #5299bb
team=false local_snake=Some(1) local_team=Some(1) snake_team=Some(0) slot=2 count=4 index=2 -> #556270 #353c47
team=false local_snake=Some(1) local_team=Some(1) snake_team=Some(0) slot=2 count=4 index=3 -> #f7b731 #a87d1f
team=false local_snake=Some(1) local_team=Some(1) snake_team=Some(1) slot=0 count=1 index=0 -> #f7b731 #a87d1f
team=false local_snake=Some(1) local_team=Some(1) snake_team=Some(1) slot=0 count=1 index=1 -> #70bfe3 #5299bb
team=false local_snake=Some(1) local_team=Some(1) snake_team=Some(1) slot=0 count=1 index=2 -> #556270 #353c47
team=false local_snake=Some(1) local_team=Some(1) snake_team=Some(1) slot=0 count=1 index=3 -> #f7b731 #a87d1f
team=false local_snake=Some(1) local_team=Some(1) snake_team=Some(1) slot=0 count=2 index=0 -> #ff6b6b #b84444
team=false local_snake=Some(1) local_team=Some(1) snake_team=Some(1) slot=0 count=2 index=1 -> #70bfe3 #5299bb
team=false local_snake=Some(1) local_team=Some(1) snake_team=Some(1) slot=0 count=2 index=2 -> #ff6b6b #b84444
team=false local_snake=Some(1) local_team=Some(1) snake_team=Some(1) slot=0 count=2 index=3 -> #ff6b6b #b84444
team=false local_snake=Some(1) local_team=Some(1) snake_team=Some(1) slot=0 count=3 index=0 -> #f7b731 #a87d1f
team=false local_snake=Some(1) local_team=Some(1) snake_team=Some(1) slot=0 count=3 index=1 -> #70bfe3 #5299bb
team=false local_snake=Some(1) local_team=Some(1) snake_team=Some(1) slot=0 count=3 index=2 -> #556270 #353c47
team=false local_snake=Some(1) local_team=Some(1) snake_team=Some(1) slot=0 count=3 index=3 -> #f7b731 #a87d1f
team=false local_snake=Some(1) local_team=Some(1) snake_team=Some(1) slot=0 count=4 index=0 -> #f7b731 #a87d1f
team=false local_snake=Some(1) local_team=Some(1) snake_team=Some(1) slot=0 count=4 index=1 -> #70bfe3 #5299bb
team=false local_snake=Some(1) local_team=Some(1) snake_team=Some(1) slot=0 count=4 index=2 -> #556270 #353c47
team=false local_snake=Some(1) local_team=Some(1) snake_team=Some(1) slot=0 count=4 index=3 -> #f7b731 #a87d1f
team=false local_snake=Some(1) local_team=Some(1) snake_team=Some(1) slot=1 count=1 index=0 -> #f7b731 #a87d1f
team=false local_snake=Some(1) local_team=Some(1) snake_team=Some(1) slot=1 count=1 index=1 -> #70bfe3 #5299bb
team=false local_snake=Some(1) local_team=Some(1) snake_team=Some(1) slot=1 count=1 index=2 -> #556270 #353c47
team=false local_snake=Some(1) local_team=Some(1) snake_team=Some(1) slot=1 count=1 index=3 -> #f7b731 #a87d1f
team=false local_snake=Some(1) local_team=Some(1) snake_team=Some(1) slot=1 count=2 index=0 -> #ff6b6b #b84444
team=false local_snake=Some(1) local_team=Some(1) snake_team=Some(1) slot=1 count=2 index=1 -> #70bfe3 #5299bb
team=false local_snake=Some(1) local_team=Some(1) snake_team=Some(1) slot=1 count=2 index=2 -> #ff6b6b #b84444
team=false local_snake=Some(1) local_team=Some(1) snake_team=Some(1) slot=1 count=2 index=3 -> #ff6b6b #b84444
team=false local_snake=Some(1) local_team=Some(1) snake_team=Some(1) slot=1 count=3 index=0 -> #f7b731 #a87d1f
team=false local_snake=Some(1) local_team=Some(1) snake_team=Some(1) slot=1 count=3 index=1 -> #70bfe3 #5299bb
team=false local_snake=Some(1) local_team=Some(1) snake_team=Some(1) slot=1 count=3 index=2 -> #556270 #353c47
team=false local_snake=Some(1) local_team=Some(1) snake_team=Some(1) slot=1 count=3 index=3 -> #f7b731 #a87d1f
team=false local_snake=Some(1) local_team=Some(1) snake_team=Some(1) slot=1 count=4 index=0 -> #f7b731 #a87d1f
team=false local_snake=Some(1) local_team=Some(1) snake_team=Some(1) slot=1 count=4 index=1 -> #70bfe3 #5299bb
team=false local_snake=Some(1) local_team=Some(1) snake_team=Some(1) slot=1 count=4 index=2 -> #556270 #353c47
team=false local_snake=Some(1) local_team=Some(1) snake_team=Some(1) slot=1 count=4 index=3 -> #f7b731 #a87d1f
team=false local_snake=Some(1) local_team=Some(1) snake_team=Some(1) slot=2 count=1 index=0 -> #f7b731 #a87d1f
team=false local_snake=Some(1) local_team=Some(1) snake_team=Some(1) slot=2 count=1 index=1 -> #70bfe3 #5299bb
team=false local_snake=Some(1) local_team=Some(1) snake_team=Some(1) slot=2 count=1 index=2 -> #556270 #353c47
team=false local_snake=Some(1) local_team=Some(1) snake_team=Some(1) slot=2 count=1 index=3 -> #f7b731 #a87d1f
team=false local_snake=Some(1) local_team=Some(1) snake_team=Some(1) slot=2 count=2 index=0 -> #ff6b6b #b84444
team=false local_snake=Some(1) local_team=Some(1) snake_team=Some(1) slot=2 count=2 index=1 -> #70bfe3 #5299bb
team=false local_snake=Some(1) local_team=Some(1) snake_team=Some(1) slot=2 count=2 index=2 -> #ff6b6b #b84444
team=false local_snake=Some(1) local_team=Some(1) snake_team=Some(1) slot=2 count=2 index=3 -> #ff6b6b #b84444
team=false local_snake=Some(1) local_team=Some(1) snake_team=Some(1) slot=2 count=3 index=0 -> #f7b731 #a87d1f
team=false local_snake=Some(1) local_team=Some(1) snake_team=Some(1) slot=2 count=3 index=1 -> #70bfe3 #5299bb
team=false local_snake=Some(1) local_team=Some(1) snake_team=Some(1) slot=2 count=3 index=2 -> #556270 #353c47
team=false local_snake=Some(1) local_team=Some(1) snake_team=Some(1) slot=2 count=3 index=3 -> #f7b731 #a87d1f
team=false local_snake=Some(1) local_team=Some(1) snake_team=Some(1) slot=2 count=4 index=0 -> #f7b731 #a87d1f
team=false local_snake=Some(1) local_team=Some(1) snake_team=Some(1) slot=2 count=4 index=1 -> #70bfe3 #5299bb
team=false local_snake=Some(1) local_team=Some(1) snake_team=Some(1) slot=2 count=4 index=2 -> #556270 #353c47
team=false local_snake=Some(1) local_team=Some(1) snake_team=Some(1) slot=2 count=4 index=3 -> #f7b731 #a87d1f
team=true local_snake=None local_team=None snake_team=None slot=0 count=1 index=0 -> #ff6b6b #b84444
team=true local_snake=None local_team=None snake_team=None slot=0 count=1 index=1 -> #ff6b6b #b84444
team=true local_snake=None local_team=None snake_team=None slot=0 count=1 index=2 -> #ff6b6b #b84444
team=true local_snake=None local_team=None snake_team=None slot=0 count=1 index=3 -> #ff6b6b #b84444
team=true local_snake=None local_team=None snake_team=None slot=0 count=2 index=0 -> #ff6b6b #b84444
team=true local_snake=None local_team=None snake_team=None slot=0 count=2 index=1 -> #ff6b6b #b84444
team=true local_snake=None local_team=None snake_team=None slot=0 count=2 index=2 -> #ff6b6b #b84444
team=true local_snake=None local_team=None snake_team=None slot=0 count=2 index=3 -> #ff6b6b #b84444
team=true local_snake=None local_team=None snake_team=None slot=0 count=3 index=0 -> #ff6b6b #b84444
team=true local_snake=None local_team=None snake_team=None slot=0 count=3 index=1 -> #ff6b6b #b84444
team=true local_snake=None local_team=None snake_team=None slot=0 count=3 index=2 -> #ff6b6b #b84444
team=true local_snake=None local_team=None snake_team=None slot=0 count=3 index=3 -> #ff6b6b #b84444
team=true local_snake=None local_team=None snake_team=None slot=0 count=4 index=0 -> #ff6b6b #b84444
team=true local_snake=None local_team=None snake_team=None slot=0 count=4 index=1 -> #ff6b6b #b84444
team=true local_snake=None local_team=None snake_team=None slot=0 count=4 index=2 -> #ff6b6b #b84444
team=true local_snake=None local_team=None snake_team=None slot=0 count=4 index=3 -> #ff6b6b #b84444
team=true local_snake=None local_team=None snake_team=None slot=1 count=1 index=0 -> #e34e5b #a92f3a
team=true local_snake=None local_team=None snake_team=None slot=1 count=1 index=1 -> #e34e5b #a92f3a
team=true local_snake=None local_team=None snake_team=None slot=1 count=1 index=2 -> #e34e5b #a92f3a
team=true local_snake=None local_team=None snake_team=None slot=1 count=1 index=3 -> #e34e5b #a92f3a
team=true local_snake=None local_team=None snake_team=None slot=1 count=2 index=0 -> #e34e5b #a92f3a
team=true local_snake=None local_team=None snake_team=None slot=1 count=2 index=1 -> #e34e5b #a92f3a
team=true local_snake=None local_team=None snake_team=None slot=1 count=2 index=2 -> #e34e5b #a92f3a
team=true local_snake=None local_team=None snake_team=None slot=1 count=2 index=3 -> #e34e5b #a92f3a
team=true local_snake=None local_team=None snake_team=None slot=1 count=3 index=0 -> #e34e5b #a92f3a
team=true local_snake=None local_team=None snake_team=None slot=1 count=3 index=1 -> #e34e5b #a92f3a
team=true local_snake=None local_team=None snake_team=None slot=1 count=3 index=2 -> #e34e5b #a92f3a
team=true local_snake=None local_team=None snake_team=None slot=1 count=3 index=3 -> #e34e5b #a92f3a
team=true local_snake=None local_team=None snake_team=None slot=1 count=4 index=0 -> #e34e5b #a92f3a
team=true local_snake=None local_team=None snake_team=None slot=1 count=4 index=1 -> #e34e5b #a92f3a
team=true local_snake=None local_team=None snake_team=None slot=1 count=4 index=2 -> #e34e5b #a92f3a
team=true local_snake=None local_team=None snake_team=None slot=1 count=4 index=3 -> #e34e5b #a92f3a
team=true local_snake=None local_team=None snake_team=None slot=2 count=1 index=0 -> #ff6b6b #b84444
team=true local_snake=None local_team=None snake_team=None slot=2 count=1 index=1 -> #ff6b6b #b84444
team=true local_snake=None local_team=None snake_team=None slot=2 count=1 index=2 -> #ff6b6b #b84444
team=true local_snake=None local_team=None snake_team=None slot=2 count=1 index=3 -> #ff6b6b #b84444
team=true local_snake=None local_team=None snake_team=None slot=2 count=2 index=0 -> #ff6b6b #b84444
team=true local_snake=None local_team=None snake_team=None slot=2 count=2 index=1 -> #ff6b6b #b84444
team=true local_snake=None local_team=None snake_team=None slot=2 count=2 index=2 -> #ff6b6b #b84444
team=true local_snake=None local_team=None snake_team=None slot=2 count=2 index=3 -> #ff6b6b #b84444
team=true local_snake=None local_team=None snake_team=None slot=2 count=3 index=0 -> #ff6b6b #b84444
team=true local_snake=None local_team=None snake_team=None slot=2 count=3 index=1 -> #ff6b6b #b84444
team=true local_snake=None local_team=None snake_team=None slot=2 count=3 index=2 -> #ff6b6b #b84444
team=true local_snake=None local_team=None snake_team=None slot=2 count=3 index=3 -> #ff6b6b #b84444
team=true local_snake=None local_team=None snake_team=None slot=2 count=4 index=0 -> #ff6b6b #b84444
team=true local_snake=None local_team=None snake_team=None slot=2 count=4 index=1 -> #ff6b6b #b84444
team=true local_snake=None local_team=None snake_team=None slot=2 count=4 index=2 -> #ff6b6b #b84444
team=true local_snake=None local_team=None snake_team=None slot=2 count=4 index=3 -> #ff6b6b #b84444
team=true local_snake=None local_team=None snake_team=Some(0) slot=0 count=1 index=0 -> #70bfe3 #5299bb
team=true local_snake=None local_team=None snake_team=Some(0) slot=0 count=1 index=1 -> #70bfe3 #5299bb
team=true local_snake=None local_team=None snake_team=Some(0) slot=0 count=1 index=2 -> #70bfe3 #5299bb
team=true local_snake=None local_team=None snake_team=Some(0) slot=0 count=1 index=3 -> #70bfe3 #5299bb
team=true local_snake=None local_team=None snake_team=Some(0) slot=0 count=2 index=0 -> #70bfe3 #5299bb
team=true local_snake=None local_team=None snake_team=Some(0) slot=0 count=2 index=1 -> #70bfe3 #5299bb
team=true local_snake=None local_team=None snake_team=Some(0) slot=0 count=2 index=2 -> #70bfe3 #5299bb
team=true local_snake=None local_team=None snake_team=Some(0) slot=0 count=2 index=3 -> #70bfe3 #5299bb
team=true local_snake=None local_team=None snake_team=Some(0) slot=0 count=3 index=0 -> #70bfe3 #5299bb
team=true local_snake=None local_team=None snake_team=Some(0) slot=0 count=3 index=1 -> #70bfe3 #5299bb
team=true local_snake=None local_team=None snake_team=Some(0) slot=0 count=3 index=2 -> #70bfe3 #5299bb
team=true local_snake=None local_team=None snake_team=Some(0) slot=0 count=3 index=3 -> #70bfe3 #5299bb
team=true local_snake=None local_team=None snake_team=Some(0) slot=0 count=4 index=0 -> #70bfe3 #5299bb
team=true local_snake=None local_team=None snake_team=Some(0) slot=0 count=4 index=1 -> #70bfe3 #5299bb
team=true local_snake=None local_team=None snake_team=Some(0) slot=0 count=4 index=2 -> #70bfe3 #5299bb
team=true local_snake=None local_team=None snake_team=Some(0) slot=0 count=4 index=3 -> #70bfe3 #5299bb
team=true local_snake=None local_team=None snake_team=Some(0) slot=1 count=1 index=0 -> #3c8dde #286eae
team=true local_snake=None local_team=None snake_team=Some(0) slot=1 count=1 index=1 -> #3c8dde #286eae
team=true local_snake=None local_team=None snake_team=Some(0) slot=1 count=1 index=2 -> #3c8dde #286eae
team=true local_snake=None local_team=None snake_team=Some(0) slot=1 count=1 index=3 -> #3c8dde #286eae
team=true local_snake=None local_team=None snake_team=Some(0) slot=1 count=2 index=0 -> #3c8dde #286eae
team=true local_snake=None local_team=None snake_team=Some(0) slot=1 count=2 index=1 -> #3c8dde #286eae
team=true local_snake=None local_team=None snake_team=Some(0) slot=1 count=2 index=2 -> #3c8dde #286eae
team=true local_snake=None local_team=None snake_team=Some(0) slot=1 count=2 index=3 -> #3c8dde #286eae
team=true local_snake=None local_team=None snake_team=Some(0) slot=1 count=3 index=0 -> #3c8dde #286eae
team=true local_snake=None local_team=None snake_team=Some(0) slot=1 count=3 index=1 -> #3c8dde #286eae
team=true local_snake=None local_team=None snake_team=Some(0) slot=1 count=3 index=2 -> #3c8dde #286eae
team=true local_snake=None local_team=None snake_team=Some(0) slot=1 count=3 index=3 -> #3c8dde #286eae
team=true local_snake=None local_team=None snake_team=Some(0) slot=1 count=4 index=0 -> #3c8dde #286eae
team=true local_snake=None local_team=None snake_team=Some(0) slot=1 count=4 index=1 -> #3c8dde #286eae
team=true local_snake=None local_team=None snake_team=Some(0) slot=1 count=4 index=2 -> #3c8dde #286eae
team=true local_snake=None local_team=None snake_team=Some(0) slot=1 count=4 index=3 -> #3c8dde #286eae
team=true local_snake=None local_team=None snake_team=Some(0) slot=2 count=1 index=0 -> #70bfe3 #5299bb
team=true local_snake=None local_team=None snake_team=Some(0) slot=2 count=1 index=1 -> #70bfe3 #5299bb
team=true local_snake=None local_team=None snake_team=Some(0) slot=2 count=1 index=2 -> #70bfe3 #5299bb
team=true local_snake=None local_team=None snake_team=Some(0) slot=2 count=1 index=3 -> #70bfe3 #5299bb
team=true local_snake=None local_team=None snake_team=Some(0) slot=2 count=2 index=0 -> #70bfe3 #5299bb
team=true local_snake=None local_team=None snake_team=Some(0) slot=2 count=2 index=1 -> #70bfe3 #5299bb
team=true local_snake=None local_team=None snake_team=Some(0) slot=2 count=2 index=2 -> #70bfe3 #5299bb
team=true local_snake=None local_team=None snake_team=Some(0) slot=2 count=2 index=3 -> #70bfe3 #5299bb
team=true local_snake=None local_team=None snake_team=Some(0) slot=2 count=3 index=0 -> #70bfe3 #5299bb
team=true local_snake=None local_team=None snake_team=Some(0) slot=2 count=3 index=1 -> #70bfe3 #5299bb
team=true local_snake=None local_team=None snake_team=Some(0) slot=2 count=3 index=2 -> #70bfe3 #5299bb
team=true local_snake=None local_team=None snake_team=Some(0) slot=2 count=3 index=3 -> #70bfe3 #5299bb
team=true local_snake=None local_team=None snake_team=Some(0) slot=2 count=4 index=0 -> #70bfe3 #5299bb
team=true local_snake=None local_team=None snake_team=Some(0) slot=2 count=4 index=1 -> #70bfe3 #5299bb
team=true local_snake=None local_team=None snake_team=Some(0) slot=2 count=4 index=2 -> #70bfe3 #5299bb
team=true local_snake=None local_team=None snake_team=Some(0) slot=2 count=4 index=3 -> #70bfe3 #5299bb
team=true local_snake=None local_team=None snake_team=Some(1) slot=0 count=1 index=0 -> #ff6b6b #b84444
team=true local_snake=None local_team=None snake_team=Some(1) slot=0 count=1 index=1 -> #ff6b6b #b84444
team=true local_snake=None local_team=None snake_team=Some(1) slot=0 count=1 index=2 -> #ff6b6b #b84444
team=true local_snake=None local_team=None snake_team=Some(1) slot=0 count=1 index=3 -> #ff6b6b #b84444
team=true local_snake=None local_team=None snake_team=Some(1) slot=0 count=2 index=0 -> #ff6b6b #b84444
team=true local_snake=None local_team=None snake_team=Some(1) slot=0 count=2 index=1 -> #ff6b6b #b84444
team=true local_snake=None local_team=None snake_team=Some(1) slot=0 count=2 index=2 -> #ff6b6b #b84444
team=true local_snake=None local_team=None snake_team=Some(1) slot=0 count=2 index=3 -> #ff6b6b #b84444
team=true local_snake=None local_team=None snake_team=Some(1) slot=0 count=3 index=0 -> #ff6b6b #b84444
team=true local_snake=None local_team=None snake_team=Some(1) slot=0 count=3 index=1 -> #ff6b6b #b84444
team=true local_snake=None local_team=None snake_team=Some(1) slot=0 count=3 index=2 -> #ff6b6b #b84444
team=true local_snake=None local_team=None snake_team=Some(1) slot=0 count=3 index=3 -> #ff6b6b #b84444
team=true local_snake=None local_team=None snake_team=Some(1) slot=0 count=4 index=0 -> #ff6b6b #b84444
team=true local_snake=None local_team=None snake_team=Some(1) slot=0 count=4 index=1 -> #ff6b6b #b84444
team=true local_snake=None local_team=None snake_team=Some(1) slot=0 count=4 index=2 -> #ff6b6b #b84444
team=true local_snake=None local_team=None snake_team=Some(1) slot=0 count=4 index=3 -> #ff6b6b #b84444
team=true local_snake=None local_team=None snake_team=Some(1) slot=1 count=1 index=0 -> #e34e5b #a92f3a
team=true local_snake=None local_team=None snake_team=Some(1) slot=1 count=1 index=1 -> #e34e5b #a92f3a
team=true local_snake=None local_team=None snake_team=Some(1) slot=1 count=1 index=2 -> #e34e5b #a92f3a
team=true local_snake=None local_team=None snake_team=Some(1) slot=1 count=1 index=3 -> #e34e5b #a92f3a
team=true local_snake=None local_team=None snake_team=Some(1) slot=1 count=2 index=0 -> #e34e5b #a92f3a
team=true local_snake=None local_team=None snake_team=Some(1) slot=1 count=2 index=1 -> #e34e5b #a92f3a
team=true local_snake=None local_team=None snake_team=Some(1) slot=1 count=2 index=2 -> #e34e5b #a92f3a
team=true local_snake=None local_team=None snake_team=Some(1) slot=1 count=2 index=3 -> #e34e5b #a92f3a
team=true local_snake=None local_team=None snake_team=Some(1) slot=1 count=3 index=0 -> #e34e5b #a92f3a
team=true local_snake=None local_team=None snake_team=Some(1) slot=1 count=3 index=1 -> #e34e5b #a92f3a
team=true local_snake=None local_team=None snake_team=Some(1) slot=1 count=3 index=2 -> #e34e5b #a92f3a
team=true local_snake=None local_team=None snake_team=Some(1) slot=1 count=3 index=3 -> #e34e5b #a92f3a
team=true local_snake=None local_team=None snake_team=Some(1) slot=1 count=4 index=0 -> #e34e5b #a92f3a
team=true local_snake=None local_team=None snake_team=Some(1) slot=1 count=4 index=1 -> #e34e5b #a92f3a
team=true local_snake=None local_team=None snake_team=Some(1) slot=1 count=4 index=2 -> #e34e5b #a92f3a
team=true local_snake=None local_team=None snake_team=Some(1) slot=1 count=4 index=3 -> #e34e5b #a92f3a
team=true local_snake=None local_team=None snake_team=Some(1) slot=2 count=1 index=0 -> #ff6b6b #b84444
team=true local_snake=None local_team=None snake_team=Some(1) slot=2 count=1 index=1 -> #ff6b6b #b84444
team=true local_snake=None local_team=None snake_team=Some(1) slot=2 count=1 index=2 -> #ff6b6b #b84444
team=true local_snake=None local_team=None snake_team=Some(1) slot=2 count=1 index=3 -> #ff6b6b #b84444
team=true local_snake=None local_team=None snake_team=Some(1) slot=2 count=2 index=0 -> #ff6b6b #b84444
team=true local_snake=None local_team=None snake_team=Some(1) slot=2 count=2 index=1 -> #ff6b6b #b84444
team=true local_snake=None local_team=None snake_team=Some(1) slot=2 count=2 index=2 -> #ff6b6b #b84444
team=true local_snake=None local_team=None snake_team=Some(1) slot=2 count=2 index=3 -> #ff6b6b #b84444
team=true local_snake=None local_team=None snake_team=Some(1) slot=2 count=3 index=0 -> #ff6b6b #b84444
team=true local_snake=None local_team=None snake_team=Some(1) slot=2 count=3 index=1 -> #ff6b6b #b84444
team=true local_snake=None local_team=None snake_team=Some(1) slot=2 count=3 index=2 -> #ff6b6b #b84444
team=true local_snake=None local_team=None snake_team=Some(1) slot=2 count=3 index=3 -> #ff6b6b #b84444
team=true local_snake=None local_team=None snake_team=Some(1) slot=2 count=4 index=0 -> #ff6b6b #b84444
team=true local_snake=None local_team=None snake_team=Some(1) slot=2 count=4 index=1 -> #ff6b6b #b84444
team=true local_snake=None local_team=None snake_team=Some(1) slot=2 count=4 index=2 -> #ff6b6b #b84444
team=true local_snake=None local_team=None snake_team=Some(1) slot=2 count=4 index=3 -> #ff6b6b #b84444
team=true local_snake=None local_team=Some(0) snake_team=None slot=0 count=1 index=0 -> #ff6b6b #b84444
team=true local_snake=None local_team=Some(0) snake_team=None slot=0 count=1 index=1 -> #ff6b6b #b84444
team=true local_snake=None local_team=Some(0) snake_team=None slot=0 count=1 index=2 -> #ff6b6b #b84444
team=true local_snake=None local_team=Some(0) snake_team=None slot=0 count=1 index=3 -> #ff6b6b #b84444
team=true local_snake=None local_team=Some(0) snake_team=None slot=0 count=2 index=0 -> #ff6b6b #b84444
team=true local_snake=None local_team=Some(0) snake_team=None slot=0 count=2 index=1 -> #ff6b6b #b84444
team=true local_snake=None local_team=Some(0) snake_team=None slot=0 count=2 index=2 -> #ff6b6b #b84444
team=true local_snake=None local_team=Some(0) snake_team=None slot=0 count=2 index=3 -> #ff6b6b #b84444
team=true local_snake=None local_team=Some(0) snake_team=None slot=0 count=3 index=0 -> #ff6b6b #b84444
team=true local_snake=None local_team=Some(0) snake_team=None slot=0 count=3 index=1 -> #ff6b6b #b84444
team=true local_snake=None local_team=Some(0) snake_team=None slot=0 count=3 index=2 -> #ff6b6b #b84444
team=true local_snake=None local_team=Some(0) snake_team=None slot=0 count=3 index=3 -> #ff6b6b #b84444
team=true local_snake=None local_team=Some(0) snake_team=None slot=0 count=4 index=0 -> #ff6b6b #b84444
team=true local_snake=None local_team=Some(0) snake_team=None slot=0 count=4 index=1 -> #ff6b6b #b84444
team=true local_snake=None local_team=Some(0) snake_team=None slot=0 count=4 index=2 -> #ff6b6b #b84444
team=true local_snake=None local_team=Some(0) snake_team=None slot=0 count=4 index=3 -> #ff6b6b #b84444
team=true local_snake=None local_team=Some(0) snake_team=None slot=1 count=1 index=0 -> #e34e5b #a92f3a
team=true local_snake=None local_team=Some(0) snake_team=None slot=1 count=1 index=1 -> #e34e5b #a92f3a
team=true local_snake=None local_team=Some(0) snake_team=None slot=1 count=1 index=2 -> #e34e5b #a92f3a
team=true local_snake=None local_team=Some(0) snake_team=None slot=1 count=1 index=3 -> #e34e5b #a92f3a
team=true local_snake=None local_team=Some(0) snake_team=None slot=1 count=2 index=0 -> #e34e5b #a92f3a
team=true local_snake=None local_team=Some(0) snake_team=None slot=1 count=2 index=1 -> #e34e5b #a92f3a
team=true local_snake=None local_team=Some(0) snake_team=None slot=1 count=2 index=2 -> #e34e5b #a92f3a
team=true local_snake=None local_team=Some(0) snake_team=None slot=1 count=2 index=3 -> #e34e5b #a92f3a
team=true local_snake=None local_team=Some(0) snake_team=None slot=1 count=3 index=0 -> #e34e5b #a92f3a
team=true local_snake=None local_team=Some(0) snake_team=None slot=1 count=3 index=1 -> #e34e5b #a92f3a
team=true local_snake=None local_team=Some(0) snake_team=None slot=1 count=3 index=2 -> #e34e5b #a92f3a
team=true local_snake=None local_team=Some(0) snake_team=None slot=1 count=3 index=3 -> #e34e5b #a92f3a
team=true local_snake=None local_team=Some(0) snake_team=None slot=1 count=4 index=0 -> #e34e5b #a92f3a
team=true local_snake=None local_team=Some(0) snake_team=None slot=1 count=4 index=1 -> #e34e5b #a92f3a
team=true local_snake=None local_team=Some(0) snake_team=None slot=1 count=4 index=2 -> #e34e5b #a92f3a
team=true local_snake=None local_team=Some(0) snake_team=None slot=1 count=4 index=3 -> #e34e5b #a92f3a
team=true local_snake=None local_team=Some(0) snake_team=None slot=2 count=1 index=0 -> #ff6b6b #b84444
team=true local_snake=None local_team=Some(0) snake_team=None slot=2 count=1 index=1 -> #ff6b6b #b84444
team=true local_snake=None local_team=Some(0) snake_team=None slot=2 count=1 index=2 -> #ff6b6b #b84444
team=true local_snake=None local_team=Some(0) snake_team=None slot=2 count=1 index=3 -> #ff6b6b #b84444
team=true local_snake=None local_team=Some(0) snake_team=None slot=2 count=2 index=0 -> #ff6b6b #b84444
team=true local_snake=None local_team=Some(0) snake_team=None slot=2 count=2 index=1 -> #ff6b6b #b84444
team=true local_snake=None local_team=Some(0) snake_team=None slot=2 count=2 index=2 -> #ff6b6b #b84444
team=true local_snake=None local_team=Some(0) snake_team=None slot=2 count=2 index=3 -> #ff6b6b #b84444
team=true local_snake=None local_team=Some(0) snake_team=None slot=2 count=3 index=0 -> #ff6b6b #b84444
team=true local_snake=None local_team=Some(0) snake_team=None slot=2 count=3 index=1 -> #ff6b6b #b84444
team=true local_snake=None local_team=Some(0) snake_team=None slot=2 count=3 index=2 -> #ff6b6b #b84444
team=true local_snake=None local_team=Some(0) snake_team=None slot=2 count=3 index=3 -> #ff6b6b #b84444
team=true local_snake=None local_team=Some(0) snake_team=None slot=2 count=4 index=0 -> #ff6b6b #b84444
team=true local_snake=None local_team=Some(0) snake_team=None slot=2 count=4 index=1 -> #ff6b6b #b84444
team=true local_snake=None local_team=Some(0) snake_team=None slot=2 count=4 index=2 -> #ff6b6b #b84444
team=true local_snake=None local_team=Some(0) snake_team=None slot=2 count=4 index=3 -> #ff6b6b #b84444
team=true local_snake=None local_team=Some(0) snake_team=Some(0) slot=0 count=1 index=0 -> #70bfe3 #5299bb
team=true local_snake=None local_team=Some(0) snake_team=Some(0) slot=0 count=1 index=1 -> #70bfe3 #5299bb
team=true local_snake=None local_team=Some(0) snake_team=Some(0) slot=0 count=1 index=2 -> #70bfe3 #5299bb
team=true local_snake=None local_team=Some(0) snake_team=Some(0) slot=0 count=1 index=3 -> #70bfe3 #5299bb
team=true local_snake=None local_team=Some(0) snake_team=Some(0) slot=0 count=2 index=0 -> #70bfe3 #5299bb
team=true local_snake=None local_team=Some(0) snake_team=Some(0) slot=0 count=2 index=1 -> #70bfe3 #5299bb
team=true local_snake=None local_team=Some(0) snake_team=Some(0) slot=0 count=2 index=2 -> #70bfe3 #5299bb
team=true local_snake=None local_team=Some(0) snake_team=Some(0) slot=0 count=2 index=3 -> #70bfe3 #5299bb
team=true local_snake=None local_team=Some(0) snake_team=Some(0) slot=0 count=3 index=0 -> #70bfe3 #5299bb
team=true local_snake=None local_team=Some(0) snake_team=Some(0) slot=0 count=3 index=1 -> #70bfe3 #5299bb
team=true local_snake=None local_team=Some(0) snake_team=Some(0) slot=0 count=3 index=2 -> #70bfe3 #5299bb
team=true local_snake=None local_team=Some(0) snake_team=Some(0) slot=0 count=3 index=3 -> #70bfe3 #5299bb
team=true local_snake=None local_team=Some(0) snake_team=Some(0) slot=0 count=4 index=0 -> #70bfe3 #5299bb
team=true local_snake=None local_team=Some(0) snake_team=Some(0) slot=0 count=4 index=1 -> #70bfe3 #5299bb
team=true local_snake=None local_team=Some(0) snake_team=Some(0) slot=0 count=4 index=2 -> #70bfe3 #5299bb
team=true local_snake=None local_team=Some(0) snake_team=Some(0) slot=0 count=4 index=3 -> #70bfe3 #5299bb
team=true local_snake=None local_team=Some(0) snake_team=Some(0) slot=1 count=1 index=0 -> #3c8dde #286eae
team=true local_snake=None local_team=Some(0) snake_team=Some(0) slot=1 count=1 index=1 -> #3c8dde #286eae
team=true local_snake=None local_team=Some(0) snake_team=Some(0) slot=1 count=1 index=2 -> #3c8dde #286eae
team=true local_snake=None local_team=Some(0) snake_team=Some(0) slot=1 count=1 index=3 -> #3c8dde #286eae
team=true local_snake=None local_team=Some(0) snake_team=Some(0) slot=1 count=2 index=0 -> #3c8dde #286eae
team=true local_snake=None local_team=Some(0) snake_team=Some(0) slot=1 count=2 index=1 -> #3c8dde #286eae
team=true local_snake=None local_team=Some(0) snake_team=Some(0) slot=1 count=2 index=2 -> #3c8dde #286eae
team=true local_snake=None local_team=Some(0) snake_team=Some(0) slot=1 count=2 index=3 -> #3c8dde #286eae
team=true local_snake=None local_team=Some(0) snake_team=Some(0) slot=1 count=3 index=0 -> #3c8dde #286eae
team=true local_snake=None local_team=Some(0) snake_team=Some(0) slot=1 count=3 index=1 -> #3c8dde #286eae
team=true local_snake=None local_team=Some(0) snake_team=Some(0) slot=1 count=3 index=2 -> #3c8dde #286eae
team=true local_snake=None local_team=Some(0) snake_team=Some(0) slot=1 count=3 index=3 -> #3c8dde #286eae
team=true local_snake=None local_team=Some(0) snake_team=Some(0) slot=1 count=4 index=0 -> #3c8dde #286eae
team=true local_snake=None local_team=Some(0) snake_team=Some(0) slot=1 count=4 index=1 -> #3c8dde #286eae
team=true local_snake=None local_team=Some(0) snake_team=Some(0) slot=1 count=4 index=2 -> #3c8dde #286eae
team=true local_snake=None local_team=Some(0) snake_team=Some(0) slot=1 count=4 index=3 -> #3c8dde #286eae
team=true local_snake=None local_team=Some(0) snake_team=Some(0) slot=2 count=1 index=0 -> #70bfe3 #5299bb
team=true local_snake=None local_team=Some(0) snake_team=Some(0) slot=2 count=1 index=1 -> #70bfe3 #5299bb
team=true local_snake=None local_team=Some(0) snake_team=Some(0) slot=2 count=1 index=2 -> #70bfe3 #5299bb
team=true local_snake=None local_team=Some(0) snake_team=Some(0) slot=2 count=1 index=3 -> #70bfe3 #5299bb
team=true local_snake=None local_team=Some(0) snake_team=Some(0) slot=2 count=2 index=0 -> #70bfe3 #5299bb
team=true local_snake=None local_team=Some(0) snake_team=Some(0) slot=2 count=2 index=1 -> #70bfe3 #5299bb
team=true local_snake=None local_team=Some(0) snake_team=Some(0) slot=2 count=2 index=2 -> #70bfe3 #5299bb
team=true local_snake=None local_team=Some(0) snake_team=Some(0) slot=2 count=2 index=3 -> #70bfe3 #5299bb
team=true local_snake=None local_team=Some(0) snake_team=Some(0) slot=2 count=3 index=0 -> #70bfe3 #5299bb
team=true local_snake=None local_team=Some(0) snake_team=Some(0) slot=2 count=3 index=1 -> #70bfe3 #5299bb
team=true local_snake=None local_team=Some(0) snake_team=Some(0) slot=2 count=3 index=2 -> #70bfe3 #5299bb
team=true local_snake=None local_team=Some(0) snake_team=Some(0) slot=2 count=3 index=3 -> #70bfe3 #5299bb
team=true local_snake=None local_team=Some(0) snake_team=Some(0) slot=2 count=4 index=0 -> #70bfe3 #5299bb
team=true local_snake=None local_team=Some(0) snake_team=Some(0) slot=2 count=4 index=1 -> #70bfe3 #5299bb
team=true local_snake=None local_team=Some(0) snake_team=Some(0) slot=2 count=4 index=2 -> #70bfe3 #5299bb
team=true local_snake=None local_team=Some(0) snake_team=Some(0) slot=2 count=4 index=3 -> #70bfe3 #5299bb
team=true local_snake=None local_team=Some(0) snake_team=Some(1) slot=0 count=1 index=0 -> #ff6b6b #b84444
team=true local_snake=None local_team=Some(0) snake_team=Some(1) slot=0 count=1 index=1 -> #ff6b6b #b84444
team=true local_snake=None local_team=Some(0) snake_team=Some(1) slot=0 count=1 index=2 -> #ff6b6b #b84444
team=true local_snake=None local_team=Some(0) snake_team=Some(1) slot=0 count=1 index=3 -> #ff6b6b #b84444
team=true local_snake=None local_team=Some(0) snake_team=Some(1) slot=0 count=2 index=0 -> #ff6b6b #b84444
team=true local_snake=None local_team=Some(0) snake_team=Some(1) slot=0 count=2 index=1 -> #ff6b6b #b84444
team=true local_snake=None local_team=Some(0) snake_team=Some(1) slot=0 count=2 index=2 -> #ff6b6b #b84444
team=true local_snake=None local_team=Some(0) snake_team=Some(1) slot=0 count=2 index=3 -> #ff6b6b #b84444
team=true local_snake=None local_team=Some(0) snake_team=Some(1) slot=0 count=3 index=0 -> #ff6b6b #b84444
team=true local_snake=None local_team=Some(0) snake_team=Some(1) slot=0 count=3 index=1 -> #ff6b6b #b84444
team=true local_snake=None local_team=Some(0) snake_team=Some(1) slot=0 count=3 index=2 -> #ff6b6b #b84444
team=true local_snake=None local_team=Some(0) snake_team=Some(1) slot=0 count=3 index=3 -> #ff6b6b #b84444
team=true local_snake=None local_team=Some(0) snake_team=Some(1) slot=0 count=4 index=0 -> #ff6b6b #b84444
team=true local_snake=None local_team=Some(0) snake_team=Some(1) slot=0 count=4 index=1 -> #ff6b6b #b84444
team=true local_snake=None local_team=Some(0) snake_team=Some(1) slot=0 count=4 index=2 -> #ff6b6b #b84444
team=true local_snake=None local_team=Some(0) snake_team=Some(1) slot=0 count=4 index=3 -> #ff6b6b #b84444
team=true local_snake=None local_team=Some(0) snake_team=Some(1) slot=1 count=1 index=0 -> #e34e5b #a92f3a
team=true local_snake=None local_team=Some(0) snake_team=Some(1) slot=1 count=1 index=1 -> #e34e5b #a92f3a
team=true local_snake=None local_team=Some(0) snake_team=Some(1) slot=1 count=1 index=2 -> #e34e5b #a92f3a
team=true local_snake=None local_team=Some(0) snake_team=Some(1) slot=1 count=1 index=3 -> #e34e5b #a92f3a
team=true local_snake=None local_team=Some(0) snake_team=Some(1) slot=1 count=2 index=0 -> #e34e5b #a92f3a
team=true local_snake=None local_team=Some(0) snake_team=Some(1) slot=1 count=2 index=1 -> #e34e5b #a92f3a
team=true local_snake=None local_team=Some(0) snake_team=Some(1) slot=1 count=2 index=2 -> #e34e5b #a92f3a
team=true local_snake=None local_team=Some(0) snake_team=Some(1) slot=1 count=2 index=3 -> #e34e5b #a92f3a
team=true local_snake=None local_team=Some(0) snake_team=Some(1) slot=1 count=3 index=0 -> #e34e5b #a92f3a
team=true local_snake=None local_team=Some(0) snake_team=Some(1) slot=1 count=3 index=1 -> #e34e5b #a92f3a
team=true local_snake=None local_team=Some(0) snake_team=Some(1) slot=1 count=3 index=2 -> #e34e5b #a92f3a
team=true local_snake=None local_team=Some(0) snake_team=Some(1) slot=1 count=3 index=3 -> #e34e5b #a92f3a
team=true local_snake=None local_team=Some(0) snake_team=Some(1) slot=1 count=4 index=0 -> #e34e5b #a92f3a
team=true local_snake=None local_team=Some(0) snake_team=Some(1) slot=1 count=4 index=1 -> #e34e5b #a92f3a
team=true local_snake=None local_team=Some(0) snake_team=Some(1) slot=1 count=4 index=2 -> #e34e5b #a92f3a
team=true local_snake=None local_team=Some(0) snake_team=Some(1) slot=1 count=4 index=3 -> #e34e5b #a92f3a
team=true local_snake=None local_team=Some(0) snake_team=Some(1) slot=2 count=1 index=0 -> #ff6b6b #b84444
team=true local_snake=None local_team=Some(0) snake_team=Some(1) slot=2 count=1 index=1 -> #ff6b6b #b84444
team=true local_snake=None local_team=Some(0) snake_team=Some(1) slot=2 count=1 index=2 -> #ff6b6b #b84444
team=true local_snake=None local_team=Some(0) snake_team=Some(1) slot=2 count=1 index=3 -> #ff6b6b #b84444
team=true local_snake=None local_team=Some(0) snake_team=Some(1) slot=2 count=2 index=0 -> #ff6b6b #b84444
team=true local_snake=None local_team=Some(0) snake_team=Some(1) slot=2 count=2 index=1 -> #ff6b6b #b84444
team=true local_snake=None local_team=Some(0) snake_team=Some(1) slot=2 count=2 index=2 -> #ff6b6b #b84444
team=true local_snake=None local_team=Some(0) snake_team=Some(1) slot=2 count=2 index=3 -> #ff6b6b #b84444
team=true local_snake=None local_team=Some(0) snake_team=Some(1) slot=2 count=3 index=0 -> #ff6b6b #b84444
team=true local_snake=None local_team=Some(0) snake_team=Some(1) slot=2 count=3 index=1 -> #ff6b6b #b84444
team=true local_snake=None local_team=Some(0) snake_team=Some(1) slot=2 count=3 index=2 -> #ff6b6b #b84444
team=true local_snake=None local_team=Some(0) snake_team=Some(1) slot=2 count=3 index=3 -> #ff6b6b #b84444
team=true local_snake=None local_team=Some(0) snake_team=Some(1) slot=2 count=4 index=0 -> #ff6b6b #b84444
team=true local_snake=None local_team=Some(0) snake_team=Some(1) slot=2 count=4 index=1 -> #ff6b6b #b84444
team=true local_snake=None local_team=Some(0) snake_team=Some(1) slot=2 count=4 index=2 -> #ff6b6b #b84444
team=true local_snake=None local_team=Some(0) snake_team=Some(1) slot=2 count=4 index=3 -> #ff6b6b #b84444
team=true local_snake=None local_team=Some(1) snake_team=None slot=0 count=1 index=0 -> #ff6b6b #b84444
team=true local_snake=None local_team=Some(1) snake_team=None slot=0 count=1 index=1 -> #ff6b6b #b84444
team=true local_snake=None local_team=Some(1) snake_team=None slot=0 count=1 index=2 -> #ff6b6b #b84444
team=true local_snake=None local_team=Some(1) snake_team=None slot=0 count=1 index=3 -> #ff6b6b #b84444
team=true local_snake=None local_team=Some(1) snake_team=None slot=0 count=2 index=0 -> #ff6b6b #b84444
team=true local_snake=None local_team=Some(1) snake_team=None slot=0 count=2 index=1 -> #ff6b6b #b84444
team=true local_snake=None local_team=Some(1) snake_team=None slot=0 count=2 index=2 -> #ff6b6b #b84444
team=true local_snake=None local_team=Some(1) snake_team=None slot=0 count=2 index=3 -> #ff6b6b #b84444
team=true local_snake=None local_team=Some(1) snake_team=None slot=0 count=3 index=0 -> #ff6b6b #b84444
team=true local_snake=None local_team=Some(1) snake_team=None slot=0 count=3 index=1 -> #ff6b6b #b84444
team=true local_snake=None local_team=Some(1) snake_team=None slot=0 count=3 index=2 -> #ff6b6b #b84444
team=true local_snake=None local_team=Some(1) snake_team=None slot=0 count=3 index=3 -> #ff6b6b #b84444
team=true local_snake=None local_team=Some(1) snake_team=None slot=0 count=4 index=0 -> #ff6b6b #b84444
team=true local_snake=None local_team=Some(1) snake_team=None slot=0 count=4 index=1 -> #ff6b6b #b84444
team=true local_snake=None local_team=Some(1) snake_team=None slot=0 count=4 index=2 -> #ff6b6b #b84444
team=true local_snake=None local_team=Some(1) snake_team=None slot=0 count=4 index=3 -> #ff6b6b #b84444
team=true local_snake=None local_team=Some(1) snake_team=None slot=1 count=1 index=0 -> #e34e5b #a92f3a
team=true local_snake=None local_team=Some(1) snake_team=None slot=1 count=1 index=1 -> #e34e5b #a92f3a
team=true local_snake=None local_team=Some(1) snake_team=None slot=1 count=1 index=2 -> #e34e5b #a92f3a
team=true local_snake=None local_team=Some(1) snake_team=None slot=1 count=1 index=3 -> #e34e5b #a92f3a
team=true local_snake=None local_team=Some(1) snake_team=None slot=1 count=2 index=0 -> #e34e5b #a92f3a
team=true local_snake=None local_team=Some(1) snake_team=None slot=1 count=2 index=1 -> #e34e5b #a92f3a
team=true local_snake=None local_team=Some(1) snake_team=None slot=1 count=2 index=2 -> #e34e5b #a92f3a
team=true local_snake=None local_team=Some(1) snake_team=None slot=1 count=2 index=3 -> #e34e5b #a92f3a
team=true local_snake=None local_team=Some(1) snake_team=None slot=1 count=3 index=0 -> #e34e5b #a92f3a
team=true local_snake=None local_team=Some(1) snake_team=None slot=1 count=3 index=1 -> #e34e5b #a92f3a
team=true local_snake=None local_team=Some(1) snake_team=None slot=1 count=3 index=2 -> #e34e5b #a92f3a
team=true local_snake=None local_team=Some(1) snake_team=None slot=1 count=3 index=3 -> #e34e5b #a92f3a
team=true local_snake=None local_team=Some(1) snake_team=None slot=1 count=4 index=0 -> #e34e5b #a92f3a
team=true local_snake=None local_team=Some(1) snake_team=None slot=1 count=4 index=1 -> #e34e5b #a92f3a
team=true local_snake=None local_team=Some(1) snake_team=None slot=1 count=4 index=2 -> #e34e5b #a92f3a
team=true local_snake=None local_team=Some(1) snake_team=None slot=1 count=4 index=3 -> #e34e5b #a92f3a
team=true local_snake=None local_team=Some(1) snake_team=None slot=2 count=1 index=0 -> #ff6b6b #b84444
team=true local_snake=None local_team=Some(1) snake_team=None slot=2 count=1 index=1 -> #ff6b6b #b84444
team=true local_snake=None local_team=Some(1) snake_team=None slot=2 count=1 index=2 -> #ff6b6b #b84444
team=true local_snake=None local_team=Some(1) snake_team=None slot=2 count=1 index=3 -> #ff6b6b #b84444
team=true local_snake=None local_team=Some(1) snake_team=None slot=2 count=2 index=0 -> #ff6b6b #b84444
team=true local_snake=None local_team=Some(1) snake_team=None slot=2 count=2 index=1 -> #ff6b6b #b84444
team=true local_snake=None local_team=Some(1) snake_team=None slot=2 count=2 index=2 -> #ff6b6b #b84444
team=true local_snake=None local_team=Some(1) snake_team=None slot=2 count=2 index=3 -> #ff6b6b #b84444
team=true local_snake=None local_team=Some(1) snake_team=None slot=2 count=3 index=0 -> #ff6b6b #b84444
team=true local_snake=None local_team=Some(1) snake_team=None slot=2 count=3 index=1 -> #ff6b6b #b84444
team=true local_snake=None local_team=Some(1) snake_team=None slot=2 count=3 index=2 -> #ff6b6b #b84444
team=true local_snake=None local_team=Some(1) snake_team=None slot=2 count=3 index=3 -> #ff6b6b #b84444
team=true local_snake=None local_team=Some(1) snake_team=None slot=2 count=4 index=0 -> #ff6b6b #b84444
team=true local_snake=None local_team=Some(1) snake_team=None slot=2 count=4 index=1 -> #ff6b6b #b84444
team=true local_snake=None local_team=Some(1) snake_team=None slot=2 count=4 index=2 -> #ff6b6b #b84444
team=true local_snake=None local_team=Some(1) snake_team=None slot=2 count=4 index=3 -> #ff6b6b #b84444
team=true local_snake=None local_team=Some(1) snake_team=Some(0) slot=0 count=1 index=0 -> #ff6b6b #b84444
team=true local_snake=None local_team=Some(1) snake_team=Some(0) slot=0 count=1 index=1 -> #ff6b6b #b84444
team=true local_snake=None local_team=Some(1) snake_team=Some(0) slot=0 count=1 index=2 -> #ff6b6b #b84444
team=true local_snake=None local_team=Some(1) snake_team=Some(0) slot=0 count=1 index=3 -> #ff6b6b #b84444
team=true local_snake=None local_team=Some(1) snake_team=Some(0) slot=0 count=2 index=0 -> #ff6b6b #b84444
team=true local_snake=None local_team=Some(1) snake_team=Some(0) slot=0 count=2 index=1 -> #ff6b6b #b84444
team=true local_snake=None local_team=Some(1) snake_team=Some(0) slot=0 count=2 index=2 -> #ff6b6b #b84444
team=true local_snake=None local_team=Some(1) snake_team=Some(0) slot=0 count=2 index=3 -> #ff6b6b #b84444
team=true local_snake=None local_team=Some(1) snake_team=Some(0) slot=0 count=3 index=0 -> #ff6b6b #b84444
team=true local_snake=None local_team=Some(1) snake_team=Some(0) slot=0 count=3 index=1 -> #ff6b6b #b84444
team=true local_snake=None local_team=Some(1) snake_team=Some(0) slot=0 count=3 index=2 -> #ff6b6b #b84444
team=true local_snake=None local_team=Some(1) snake_team=Some(0) slot=0 count=3 index=3 -> #ff6b6b #b84444
team=true local_snake=None local_team=Some(1) snake_team=Some(0) slot=0 count=4 index=0 -> #ff6b6b #b84444
team=true local_snake=None local_team=Some(1) snake_team=Some(0) slot=0 count=4 index=1 -> #ff6b6b #b84444
team=true local_snake=None local_team=Some(1) snake_team=Some(0) slot=0 count=4 index=2 -> #ff6b6b #b84444
team=true local_snake=None local_team=Some(1) snake_team=Some(0) slot=0 count=4 index=3 -> #ff6b6b #b84444
team=true local_snake=None local_team=Some(1) snake_team=Some(0) slot=1 count=1 index=0 -> #e34e5b #a92f3a
team=true local_snake=None local_team=Some(1) snake_team=Some(0) slot=1 count=1 index=1 -> #e34e5b #a92f3a
team=true local_snake=None local_team=Some(1) snake_team=Some(0) slot=1 count=1 index=2 -> #e34e5b #a92f3a
team=true local_snake=None local_team=Some(1) snake_team=Some(0) slot=1 count=1 index=3 -> #e34e5b #a92f3a
team=true local_snake=None local_team=Some(1) snake_team=Some(0) slot=1 count=2 index=0 -> #e34e5b #a92f3a
team=true local_snake=None local_team=Some(1) snake_team=Some(0) slot=1 count=2 index=1 -> #e34e5b #a92f3a
team=true local_snake=None local_team=Some(1) snake_team=Some(0) slot=1 count=2 index=2 -> #e34e5b #a92f3a
team=true local_snake=None local_team=Some(1) snake_team=Some(0) slot=1 count=2 index=3 -> #e34e5b #a92f3a
team=true local_snake=None local_team=Some(1) snake_team=Some(0) slot=1 count=3 index=0 -> #e34e5b #a92f3a
team=true local_snake=None local_team=Some(1) snake_team=Some(0) slot=1 count=3 index=1 -> #e34e5b #a92f3a
team=true local_snake=None local_team=Some(1) snake_team=Some(0) slot=1 count=3 index=2 -> #e34e5b #a92f3a
team=true local_snake=None local_team=Some(1) snake_team=Some(0) slot=1 count=3 index=3 -> #e34e5b #a92f3a
team=true local_snake=None local_team=Some(1) snake_team=Some(0) slot=1 count=4 index=0 -> #e34e5b #a92f3a
team=true local_snake=None local_team=Some(1) snake_team=Some(0) slot=1 count=4 index=1 -> #e34e5b #a92f3a
team=true local_snake=None local_team=Some(1) snake_team=Some(0) slot=1 count=4 index=2 -> #e34e5b #a92f3a
team=true local_snake=None local_team=Some(1) snake_team=Some(0) slot=1 count=4 index=3 -> #e34e5b #a92f3a
team=true local_snake=None local_team=Some(1) snake_team=Some(0) slot=2 count=1 index=0 -> #ff6b6b #b84444
team=true local_snake=None local_team=Some(1) snake_team=Some(0) slot=2 count=1 index=1 -> #ff6b6b #b84444
team=true local_snake=None local_team=Some(1) snake_team=Some(0) slot=2 count=1 index=2 -> #ff6b6b #b84444
team=true local_snake=None local_team=Some(1) snake_team=Some(0) slot=2 count=1 index=3 -> #ff6b6b #b84444
team=true local_snake=None local_team=Some(1) snake_team=Some(0) slot=2 count=2 index=0 -> #ff6b6b #b84444
team=true local_snake=None local_team=Some(1) snake_team=Some(0) slot=2 count=2 index=1 -> #ff6b6b #b84444
team=true local_snake=None local_team=Some(1) snake_team=Some(0) slot=2 count=2 index=2 -> #ff6b6b #b84444
team=true local_snake=None local_team=Some(1) snake_team=Some(0) slot=2 count=2 index=3 -> #ff6b6b #b84444
team=true local_snake=None local_team=Some(1) snake_team=Some(0) slot=2 count=3 index=0 -> #ff6b6b #b84444
team=true local_snake=None local_team=Some(1) snake_team=Some(0) slot=2 count=3 index=1 -> #ff6b6b #b84444
team=true local_snake=None local_team=Some(1) snake_team=Some(0) slot=2 count=3 index=2 -> #ff6b6b #b84444
team=true local_snake=None local_team=Some(1) snake_team=Some(0) slot=2 count=3 index=3 -> #ff6b6b #b84444
team=true local_snake=None local_team=Some(1) snake_team=Some(0) slot=2 count=4 index=0 -> #ff6b6b #b84444
team=true local_snake=None local_team=Some(1) snake_team=Some(0) slot=2 count=4 index=1 -> #ff6b6b #b84444
team=true local_snake=None local_team=Some(1) snake_team=Some(0) slot=2 count=4 index=2 -> #ff6b6b #b84444
team=true local_snake=None local_team=Some(1) snake_team=Some(0) slot=2 count=4 index=3 -> #ff6b6b #b84444
team=true local_snake=None local_team=Some(1) snake_team=Some(1) slot=0 count=1 index=0 -> #70bfe3 #5299bb
team=true local_snake=None local_team=Some(1) snake_team=Some(1) slot=0 count=1 index=1 -> #70bfe3 #5299bb
team=true local_snake=None local_team=Some(1) snake_team=Some(1) slot=0 count=1 index=2 -> #70bfe3 #5299bb
team=true local_snake=None local_team=Some(1) snake_team=Some(1) slot=0 count=1 index=3 -> #70bfe3 #5299bb
team=true local_snake=None local_team=Some(1) snake_team=Some(1) slot=0 count=2 index=0 -> #70bfe3 #5299bb
team=true local_snake=None local_team=Some(1) snake_team=Some(1) slot=0 count=2 index=1 -> #70bfe3 #5299bb
team=true local_snake=None local_team=Some(1) snake_team=Some(1) slot=0 count=2 index=2 -> #70bfe3 #5299bb
team=true local_snake=None local_team=Some(1) snake_team=Some(1) slot=0 count=2 index=3 -> #70bfe3 #5299bb
team=true local_snake=None local_team=Some(1) snake_team=Some(1) slot=0 count=3 index=0 -> #70bfe3 #5299bb
team=true local_snake=None local_team=Some(1) snake_team=Some(1) slot=0 count=3 index=1 -> #70bfe3 #5299bb
team=true local_snake=None local_team=Some(1) snake_team=Some(1) slot=0 count=3 index=2 -> #70bfe3 #5299bb
team=true local_snake=None local_team=Some(1) snake_team=Some(1) slot=0 count=3 index=3 -> #70bfe3 #5299bb
team=true local_snake=None local_team=Some(1) snake_team=Some(1) slot=0 count=4 index=0 -> #70bfe3 #5299bb
team=true local_snake=None local_team=Some(1) snake_team=Some(1) slot=0 count=4 index=1 -> #70bfe3 #5299bb
team=true local_snake=None local_team=Some(1) snake_team=Some(1) slot=0 count=4 index=2 -> #70bfe3 #5299bb
team=true local_snake=None local_team=Some(1) snake_team=Some(1) slot=0 count=4 index=3 -> #70bfe3 #5299bb
team=true local_snake=None local_team=Some(1) snake_team=Some(1) slot=1 count=1 index=0 -> #3c8dde #286eae
team=true local_snake=None local_team=Some(1) snake_team=Some(1) slot=1 count=1 index=1 -> #3c8dde #286eae
team=true local_snake=None local_team=Some(1) snake_team=Some(1) slot=1 count=1 index=2 -> #3c8dde #286eae
team=true local_snake=None local_team=Some(1) snake_team=Some(1) slot=1 count=1 index=3 -> #3c8dde #286eae
team=true local_snake=None local_team=Some(1) snake_team=Some(1) slot=1 count=2 index=0 -> #3c8dde #286eae
team=true local_snake=None local_team=Some(1) snake_team=Some(1) slot=1 count=2 index=1 -> #3c8dde #286eae
team=true local_snake=None local_team=Some(1) snake_team=Some(1) slot=1 count=2 index=2 -> #3c8dde #286eae
team=true local_snake=None local_team=Some(1) snake_team=Some(1) slot=1 count=2 index=3 -> #3c8dde #286eae
team=true local_snake=None local_team=Some(1) snake_team=Some(1) slot=1 count=3 index=0 -> #3c8dde #286eae
team=true local_snake=None local_team=Some(1) snake_team=Some(1) slot=1 count=3 index=1 -> #3c8dde #286eae
team=true local_snake=None local_team=Some(1) snake_team=Some(1) slot=1 count=3 index=2 -> #3c8dde #286eae
team=true local_snake=None local_team=Some(1) snake_team=Some(1) slot=1 count=3 index=3 -> #3c8dde #286eae
team=true local_snake=None local_team=Some(1) snake_team=Some(1) slot=1 count=4 index=0 -> #3c8dde #286eae
team=true local_snake=None local_team=Some(1) snake_team=Some(1) slot=1 count=4 index=1 -> #3c8dde #286eae
team=true local_snake=None local_team=Some(1) snake_team=Some(1) slot=1 count=4 index=2 -> #3c8dde #286eae
team=true local_snake=None local_team=Some(1) snake_team=Some(1) slot=1 count=4 index=3 -> #3c8dde #286eae
team=true local_snake=None local_team=Some(1) snake_team=Some(1) slot=2 count=1 index=0 -> #70bfe3 #5299bb
team=true local_snake=None local_team=Some(1) snake_team=Some(1) slot=2 count=1 index=1 -> #70bfe3 #5299bb
team=true local_snake=None local_team=Some(1) snake_team=Some(1) slot=2 count=1 index=2 -> #70bfe3 #5299bb
team=true local_snake=None local_team=Some(1) snake_team=Some(1) slot=2 count=1 index=3 -> #70bfe3 #5299bb
team=true local_snake=None local_team=Some(1) snake_team=Some(1) slot=2 count=2 index=0 -> #70bfe3 #5299bb
team=true local_snake=None local_team=Some(1) snake_team=Some(1) slot=2 count=2 index=1 -> #70bfe3 #5299bb
team=true local_snake=None local_team=Some(1) snake_team=Some(1) slot=2 count=2 index=2 -> #70bfe3 #5299bb
team=true local_snake=None local_team=Some(1) snake_team=Some(1) slot=2 count=2 index=3 -> #70bfe3 #5299bb
team=true local_snake=None local_team=Some(1) snake_team=Some(1) slot=2 count=3 index=0 -> #70bfe3 #5299bb
team=true local_snake=None local_team=Some(1) snake_team=Some(1) slot=2 count=3 index=1 -> #70bfe3 #5299bb
team=true local_snake=None local_team=Some(1) snake_team=Some(1) slot=2 count=3 index=2 -> #70bfe3 #5299bb
team=true local_snake=None local_team=Some(1) snake_team=Some(1) slot=2 count=3 index=3 -> #70bfe3 #5299bb
team=true local_snake=None local_team=Some(1) snake_team=Some(1) slot=2 count=4 index=0 -> #70bfe3 #5299bb
team=true local_snake=None local_team=Some(1) snake_team=Some(1) slot=2 count=4 index=1 -> #70bfe3 #5299bb
team=true local_snake=None local_team=Some(1) snake_team=Some(1) slot=2 count=4 index=2 -> #70bfe3 #5299bb
team=true local_snake=None local_team=Some(1) snake_team=Some(1) slot=2 count=4 index=3 -> #70bfe3 #5299bb
team=true local_snake=Some(0) local_team=None snake_team=None slot=0 count=1 index=0 -> #70bfe3 #5299bb
team=true local_snake=Some(0) local_team=None snake_team=None slot=0 count=1 index=1 -> #ff6b6b #b84444
team=true local_snake=Some(0) local_team=None snake_team=None slot=0 count=1 index=2 -> #ff6b6b #b84444
team=true local_snake=Some(0) local_team=None snake_team=None slot=0 count=1 index=3 -> #ff6b6b #b84444
team=true local_snake=Some(0) local_team=None snake_team=None slot=0 count=2 index=0 -> #70bfe3 #5299bb
team=true local_snake=Some(0) local_team=None snake_team=None slot=0 count=2 index=1 -> #ff6b6b #b84444
team=true local_snake=Some(0) local_team=None snake_team=None slot=0 count=2 index=2 -> #ff6b6b #b84444
team=true local_snake=Some(0) local_team=None snake_team=None slot=0 count=2 index=3 -> #ff6b6b #b84444
team=true local_snake=Some(0) local_team=None snake_team=None slot=0 count=3 index=0 -> #70bfe3 #5299bb
team=true local_snake=Some(0) local_team=None snake_team=None slot=0 count=3 index=1 -> #ff6b6b #b84444
team=true local_snake=Some(0) local_team=None snake_team=None slot=0 count=3 index=2 -> #ff6b6b #b84444
team=true local_snake=Some(0) local_team=None snake_team=None slot=0 count=3 index=3 -> #ff6b6b #b84444
team=true local_snake=Some(0) local_team=None snake_team=None slot=0 count=4 index=0 -> #70bfe3 #5299bb
team=true local_snake=Some(0) local_team=None snake_team=None slot=0 count=4 index=1 -> #ff6b6b #b84444
team=true local_snake=Some(0) local_team=None snake_team=None slot=0 count=4 index=2 -> #ff6b6b #b84444
team=true local_snake=Some(0) local_team=None snake_team=None slot=0 count=4 index=3 -> #ff6b6b #b84444
team=true local_snake=Some(0) local_team=None snake_team=None slot=1 count=1 index=0 -> #3c8dde #286eae
team=true local_snake=Some(0) local_team=None snake_team=None slot=1 count=1 index=1 -> #e34e5b #a92f3a
team=true local_snake=Some(0) local_team=None snake_team=None slot=1 count=1 index=2 -> #e34e5b #a92f3a
team=true local_snake=Some(0) local_team=None snake_team=None slot=1 count=1 index=3 -> #e34e5b #a92f3a
team=true local_snake=Some(0) local_team=None snake_team=None slot=1 count=2 index=0 -> #3c8dde #286eae
team=true local_snake=Some(0) local_team=None snake_team=None slot=1 count=2 index=1 -> #e34e5b #a92f3a
team=true local_snake=Some(0) local_team=None snake_team=None slot=1 count=2 index=2 -> #e34e5b #a92f3a
team=true local_snake=Some(0) local_team=None snake_team=None slot=1 count=2 index=3 -> #e34e5b #a92f3a
team=true local_snake=Some(0) local_team=None snake_team=None slot=1 count=3 index=0 -> #3c8dde #286eae
team=true local_snake=Some(0) local_team=None snake_team=None slot=1 count=3 index=1 -> #e34e5b #a92f3a
team=true local_snake=Some(0) local_team=None snake_team=None slot=1 count=3 index=2 -> #e34e5b #a92f3a
team=true local_snake=Some(0) local_team=None snake_team=None slot=1 count=3 index=3 -> #e34e5b #a92f3a
team=true local_snake=Some(0) local_team=None snake_team=None slot=1 count=4 index=0 -> #3c8dde #286eae
team=true local_snake=Some(0) local_team=None snake_team=None slot=1 count=4 index=1 -> #e34e5b #a92f3a
team=true local_snake=Some(0) local_team=None snake_team=None slot=1 count=4 index=2 -> #e34e5b #a92f3a
team=true local_snake=Some(0) local_team=None snake_team=None slot=1 count=4 index=3 -> #e34e5b #a92f3a
team=true local_snake=Some(0) local_team=None snake_team=None slot=2 count=1 index=0 -> #70bfe3 #5299bb
team=true local_snake=Some(0) local_team=None snake_team=None slot=2 count=1 index=1 -> #ff6b6b #b84444
team=true local_snake=Some(0) local_team=None snake_team=None slot=2 count=1 index=2 -> #ff6b6b #b84444
team=true local_snake=Some(0) local_team=None snake_team=None slot=2 count=1 index=3 -> #ff6b6b #b84444
team=true local_snake=Some(0) local_team=None snake_team=None slot=2 count=2 index=0 -> #70bfe3 #5299bb
team=true local_snake=Some(0) local_team=None snake_team=None slot=2 count=2 index=1 -> #ff6b6b #b84444
team=true local_snake=Some(0) local_team=None snake_team=None slot=2 count=2 index=2 -> #ff6b6b #b84444
team=true local_snake=Some(0) local_team=None snake_team=None slot=2 count=2 index=3 -> #ff6b6b #b84444
team=true local_snake=Some(0) local_team=None snake_team=None slot=2 count=3 index=0 -> #70bfe3 #5299bb
team=true local_snake=Some(0) local_team=None snake_team=None slot=2 count=3 index=1 -> #ff6b6b #b84444
team=true local_snake=Some(0) local_team=None snake_team=None slot=2 count=3 index=2 -> #ff6b6b #b84444
team=true local_snake=Some(0) local_team=None snake_team=None slot=2 count=3 index=3 -> #ff6b6b #b84444
team=true local_snake=Some(0) local_team=None snake_team=None slot=2 count=4 index=0 -> #70bfe3 #5299bb
team=true local_snake=Some(0) local_team=None snake_team=None slot=2 count=4 index=1 -> #ff6b6b #b84444
team=true local_snake=Some(0) local_team=None snake_team=None slot=2 count=4 index=2 -> #ff6b6b #b84444
team=true local_snake=Some(0) local_team=None snake_team=None slot=2 count=4 index=3 -> #ff6b6b #b84444
team=true local_snake=Some(0) local_team=None snake_team=Some(0) slot=0 count=1 index=0 -> #70bfe3 #5299bb
team=true local_snake=Some(0) local_team=None snake_team=Some(0) slot=0 count=1 index=1 -> #70bfe3 #5299bb
team=true local_snake=Some(0) local_team=None snake_team=Some(0) slot=0 count=1 index=2 -> #70bfe3 #5299bb
team=true local_snake=Some(0) local_team=None snake_team=Some(0) slot=0 count=1 index=3 -> #70bfe3 #5299bb
team=true local_snake=Some(0) local_team=None snake_team=Some(0) slot=0 count=2 index=0 -> #70bfe3 #5299bb
team=true local_snake=Some(0) local_team=None snake_team=Some(0) slot=0 count=2 index=1 -> #70bfe3 #5299bb
team=true local_snake=Some(0) local_team=None snake_team=Some(0) slot=0 count=2 index=2 -> #70bfe3 #5299bb
team=true local_snake=Some(0) local_team=None snake_team=Some(0) slot=0 count=2 index=3 -> #70bfe3 #5299bb
team=true local_snake=Some(0) local_team=None snake_team=Some(0) slot=0 count=3 index=0 -> #70bfe3 #5299bb
team=true local_snake=Some(0) local_team=None snake_team=Some(0) slot=0 count=3 index=1 -> #70bfe3 #5299bb
team=true local_snake=Some(0) local_team=None snake_team=Some(0) slot=0 count=3 index=2 -> #70bfe3 #5299bb
team=true local_snake=Some(0) local_team=None snake_team=Some(0) slot=0 count=3 index=3 -> #70bfe3 #5299bb
team=true local_snake=Some(0) local_team=None snake_team=Some(0) slot=0 count=4 index=0 -> #70bfe3 #5299bb
team=true local_snake=Some(0) local_team=None snake_team=Some(0) slot=0 count=4 index=1 -> #70bfe3 #5299bb
team=true local_snake=Some(0) local_team=None snake_team=Some(0) slot=0 count=4 index=2 -> #70bfe3 #5299bb
team=true local_snake=Some(0) local_team=None snake_team=Some(0) slot=0 count=4 index=3 -> #70bfe3 #5299bb
team=true local_snake=Some(0) local_team=None snake_team=Some(0) slot=1 count=1 index=0 -> #3c8dde #286eae
team=true local_snake=Some(0) local_team=None snake_team=Some(0) slot=1 count=1 index=1 -> #3c8dde #286eae
team=true local_snake=Some(0) local_team=None snake_team=Some(0) slot=1 count=1 index=2 -> #3c8dde #286eae
team=true local_snake=Some(0) local_team=None snake_team=Some(0) slot=1 count=1 index=3 -> #3c8dde #286eae
team=true local_snake=Some(0) local_team=None snake_team=Some(0) slot=1 count=2 index=0 -> #3c8dde #286eae
team=true local_snake=Some(0) local_team=None snake_team=Some(0) slot=1 count=2 index=1 -> #3c8dde #286eae
team=true local_snake=Some(0) local_team=None snake_team=Some(0) slot=1 count=2 index=2 -> #3c8dde #286eae
team=true local_snake=Some(0) local_team=None snake_team=Some(0) slot=1 count=2 index=3 -> #3c8dde #286eae
team=true local_snake=Some(0) local_team=None snake_team=Some(0) slot=1 count=3 index=0 -> #3c8dde #286eae
team=true local_snake=Some(0) local_team=None snake_team=Some(0) slot=1 count=3 index=1 -> #3c8dde #286eae
team=true local_snake=Some(0) local_team=None snake_team=Some(0) slot=1 count=3 index=2 -> #3c8dde #286eae
team=true local_snake=Some(0) local_team=None snake_team=Some(0) slot=1 count=3 index=3 -> #3c8dde #286eae
team=true local_snake=Some(0) local_team=None snake_team=Some(0) slot=1 count=4 index=0 -> #3c8dde #286eae
team=true local_snake=Some(0) local_team=None snake_team=Some(0) slot=1 count=4 index=1 -> #3c8dde #286eae
team=true local_snake=Some(0) local_team=None snake_team=Some(0) slot=1 count=4 index=2 -> #3c8dde #286eae
team=true local_snake=Some(0) local_team=None snake_team=Some(0) slot=1 count=4 index=3 -> #3c8dde #286eae
team=true local_snake=Some(0) local_team=None snake_team=Some(0) slot=2 count=1 index=0 -> #70bfe3 #5299bb
team=true local_snake=Some(0) local_team=None snake_team=Some(0) slot=2 count=1 index=1 -> #70bfe3 #5299bb
team=true local_snake=Some(0) local_team=None snake_team=Some(0) slot=2 count=1 index=2 -> #70bfe3 #5299bb
team=true local_snake=Some(0) local_team=None snake_team=Some(0) slot=2 count=1 index=3 -> #70bfe3 #5299bb
team=true local_snake=Some(0) local_team=None snake_team=Some(0) slot=2 count=2 index=0 -> #70bfe3 #5299bb
team=true local_snake=Some(0) local_team=None snake_team=Some(0) slot=2 count=2 index=1 -> #70bfe3 #5299bb
team=true local_snake=Some(0) local_team=None snake_team=Some(0) slot=2 count=2 index=2 -> #70bfe3 #5299bb
team=true local_snake=Some(0) local_team=None snake_team=Some(0) slot=2 count=2 index=3 -> #70bfe3 #5299bb
team=true local_snake=Some(0) local_team=None snake_team=Some(0) slot=2 count=3 index=0 -> #70bfe3 #5299bb
team=true local_snake=Some(0) local_team=None snake_team=Some(0) slot=2 count=3 index=1 -> #70bfe3 #5299bb
team=true local_snake=Some(0) local_team=None snake_team=Some(0) slot=2 count=3 index=2 -> #70bfe3 #5299bb
team=true local_snake=Some(0) local_team=None snake_team=Some(0) slot=2 count=3 index=3 -> #70bfe3 #5299bb
team=true local_snake=Some(0) local_team=None snake_team=Some(0) slot=2 count=4 index=0 -> #70bfe3 #5299bb
team=true local_snake=Some(0) local_team=None snake_team=Some(0) slot=2 count=4 index=1 -> #70bfe3 #5299bb
team=true local_snake=Some(0) local_team=None snake_team=Some(0) slot=2 count=4 index=2 -> #70bfe3 #5299bb
team=true local_snake=Some(0) local_team=None snake_team=Some(0) slot=2 count=4 index=3 -> #70bfe3 #5299bb
team=true local_snake=Some(0) local_team=None snake_team=Some(1) slot=0 count=1 index=0 -> #ff6b6b #b84444
team=true local_snake=Some(0) local_team=None snake_team=Some(1) slot=0 count=1 index=1 -> #ff6b6b #b84444
team=true local_snake=Some(0) local_team=None snake_team=Some(1) slot=0 count=1 index=2 -> #ff6b6b #b84444
team=true local_snake=Some(0) local_team=None snake_team=Some(1) slot=0 count=1 index=3 -> #ff6b6b #b84444
team=true local_snake=Some(0) local_team=None snake_team=Some(1) slot=0 count=2 index=0 -> #ff6b6b #b84444
team=true local_snake=Some(0) local_team=None snake_team=Some(1) slot=0 count=2 index=1 -> #ff6b6b #b84444
team=true local_snake=Some(0) local_team=None snake_team=Some(1) slot=0 count=2 index=2 -> #ff6b6b #b84444
team=true local_snake=Some(0) local_team=None snake_team=Some(1) slot=0 count=2 index=3 -> #ff6b6b #b84444
team=true local_snake=Some(0) local_team=None snake_team=Some(1) slot=0 count=3 index=0 -> #ff6b6b #b84444
team=true local_snake=Some(0) local_team=None snake_team=Some(1) slot=0 count=3 index=1 -> #ff6b6b #b84444
team=true local_snake=Some(0) local_team=None snake_team=Some(1) slot=0 count=3 index=2 -> #ff6b6b #b84444
team=true local_snake=Some(0) local_team=None snake_team=Some(1) slot=0 count=3 index=3 -> #ff6b6b #b84444
team=true local_snake=Some(0) local_team=None snake_team=Some(1) slot=0 count=4 index=0 -> #ff6b6b #b84444
team=true local_snake=Some(0) local_team=None snake_team=Some(1) slot=0 count=4 index=1 -> #ff6b6b #b84444
team=true local_snake=Some(0) local_team=None snake_team=Some(1) slot=0 count=4 index=2 -> #ff6b6b #b84444
team=true local_snake=Some(0) local_team=None snake_team=Some(1) slot=0 count=4 index=3 -> #ff6b6b #b84444
team=true local_snake=Some(0) local_team=None snake_team=Some(1) slot=1 count=1 index=0 -> #e34e5b #a92f3a
team=true local_snake=Some(0) local_team=None snake_team=Some(1) slot=1 count=1 index=1 -> #e34e5b #a92f3a
team=true local_snake=Some(0) local_team=None snake_team=Some(1) slot=1 count=1 index=2 -> #e34e5b #a92f3a
team=true local_snake=Some(0) local_team=None snake_team=Some(1) slot=1 count=1 index=3 -> #e34e5b #a92f3a
team=true local_snake=Some(0) local_team=None snake_team=Some(1) slot=1 count=2 index=0 -> #e34e5b #a92f3a
team=true local_snake=Some(0) local_team=None snake_team=Some(1) slot=1 count=2 index=1 -> #e34e5b #a92f3a
team=true local_snake=Some(0) local_team=None snake_team=Some(1) slot=1 count=2 index=2 -> #e34e5b #a92f3a
team=true local_snake=Some(0) local_team=None snake_team=Some(1) slot=1 count=2 index=3 -> #e34e5b #a92f3a
team=true local_snake=Some(0) local_team=None snake_team=Some(1) slot=1 count=3 index=0 -> #e34e5b #a92f3a
team=true local_snake=Some(0) local_team=None snake_team=Some(1) slot=1 count=3 index=1 -> #e34e5b #a92f3a
team=true local_snake=Some(0) local_team=None snake_team=Some(1) slot=1 count=3 index=2 -> #e34e5b #a92f3a
team=true local_snake=Some(0) local_team=None snake_team=Some(1) slot=1 count=3 index=3 -> #e34e5b #a92f3a
team=true local_snake=Some(0) local_team=None snake_team=Some(1) slot=1 count=4 index=0 -> #e34e5b #a92f3a
team=true local_snake=Some(0) local_team=None snake_team=Some(1) slot=1 count=4 index=1 -> #e34e5b #a92f3a
team=true local_snake=Some(0) local_team=None snake_team=Some(1) slot=1 count=4 index=2 -> #e34e5b #a92f3a
team=true local_snake=Some(0) local_team=None snake_team=Some(1) slot=1 count=4 index=3 -> #e34e5b #a92f3a
team=true local_snake=Some(0) local_team=None snake_team=Some(1) slot=2 count=1 index=0 -> #ff6b6b #b84444
team=true local_snake=Some(0) local_team=None snake_team=Some(1) slot=2 count=1 index=1 -> #ff6b6b #b84444
team=true local_snake=Some(0) local_team=None snake_team=Some(1) slot=2 count=1 index=2 -> #ff6b6b #b84444
team=true local_snake=Some(0) local_team=None snake_team=Some(1) slot=2 count=1 index=3 -> #ff6b6b #b84444
team=true local_snake=Some(0) local_team=None snake_team=Some(1) slot=2 count=2 index=0 -> #ff6b6b #b84444
team=true local_snake=Some(0) local_team=None snake_team=Some(1) slot=2 count=2 index=1 -> #ff6b6b #b84444
team=true local_snake=Some(0) local_team=None snake_team=Some(1) slot=2 count=2 index=2 -> #ff6b6b #b84444
team=true local_snake=Some(0) local_team=None snake_team=Some(1) slot=2 count=2 index=3 -> #ff6b6b #b84444
team=true local_snake=Some(0) local_team=None snake_team=Some(1) slot=2 count=3 index=0 -> #ff6b6b #b84444
team=true local_snake=Some(0) local_team=None snake_team=Some(1) slot=2 count=3 index=1 -> #ff6b6b #b84444
team=true local_snake=Some(0) local_team=None snake_team=Some(1) slot=2 count=3 index=2 -> #ff6b6b #b84444
team=true local_snake=Some(0) local_team=None snake_team=Some(1) slot=2 count=3 index=3 -> #ff6b6b #b84444
team=true local_snake=Some(0) local_team=None snake_team=Some(1) slot=2 count=4 index=0 -> #ff6b6b #b84444
team=true local_snake=Some(0) local_team=None snake_team=Some(1) slot=2 count=4 index=1 -> #ff6b6b #b84444
team=true local_snake=Some(0) local_team=None snake_team=Some(1) slot=2 count=4 index=2 -> #ff6b6b #b84444
team=true local_snake=Some(0) local_team=None snake_team=Some(1) slot=2 count=4 index=3 -> #ff6b6b #b84444
team=true local_snake=Some(0) local_team=Some(0) snake_team=None slot=0 count=1 index=0 -> #70bfe3 #5299bb
team=true local_snake=Some(0) local_team=Some(0) snake_team=None slot=0 count=1 index=1 -> #ff6b6b #b84444
team=true local_snake=Some(0) local_team=Some(0) snake_team=None slot=0 count=1 index=2 -> #ff6b6b #b84444
team=true local_snake=Some(0) local_team=Some(0) snake_team=None slot=0 count=1 index=3 -> #ff6b6b #b84444
team=true local_snake=Some(0) local_team=Some(0) snake_team=None slot=0 count=2 index=0 -> #70bfe3 #5299bb
team=true local_snake=Some(0) local_team=Some(0) snake_team=None slot=0 count=2 index=1 -> #ff6b6b #b84444
team=true local_snake=Some(0) local_team=Some(0) snake_team=None slot=0 count=2 index=2 -> #ff6b6b #b84444
team=true local_snake=Some(0) local_team=Some(0) snake_team=None slot=0 count=2 index=3 -> #ff6b6b #b84444
team=true local_snake=Some(0) local_team=Some(0) snake_team=None slot=0 count=3 index=0 -> #70bfe3 #5299bb
team=true local_snake=Some(0) local_team=Some(0) snake_team=None slot=0 count=3 index=1 -> #ff6b6b #b84444
team=true local_snake=Some(0) local_team=Some(0) snake_team=None slot=0 count=3 index=2 -> #ff6b6b #b84444
team=true local_snake=Some(0) local_team=Some(0) snake_team=None slot=0 count=3 index=3 -> #ff6b6b #b84444
team=true local_snake=Some(0) local_team=Some(0) snake_team=None slot=0 count=4 index=0 -> #70bfe3 #5299bb
team=true local_snake=Some(0) local_team=Some(0) snake_team=None slot=0 count=4 index=1 -> #ff6b6b #b84444
team=true local_snake=Some(0) local_team=Some(0) snake_team=None slot=0 count=4 index=2 -> #ff6b6b #b84444
team=true local_snake=Some(0) local_team=Some(0) snake_team=None slot=0 count=4 index=3 -> #ff6b6b #b84444
team=true local_snake=Some(0) local_team=Some(0) snake_team=None slot=1 count=1 index=0 -> #3c8dde #286eae
team=true local_snake=Some(0) local_team=Some(0) snake_team=None slot=1 count=1 index=1 -> #e34e5b #a92f3a
team=true local_snake=Some(0) local_team=Some(0) snake_team=None slot=1 count=1 index=2 -> #e34e5b #a92f3a
team=true local_snake=Some(0) local_team=Some(0) snake_team=None slot=1 count=1 index=3 -> #e34e5b #a92f3a
team=true local_snake=Some(0) local_team=Some(0) snake_team=None slot=1 count=2 index=0 -> #3c8dde #286eae
team=true local_snake=Some(0) local_team=Some(0) snake_team=None slot=1 count=2 index=1 -> #e34e5b #a92f3a
team=true local_snake=Some(0) local_team=Some(0) snake_team=None slot=1 count=2 index=2 -> #e34e5b #a92f3a
team=true local_snake=Some(0) local_team=Some(0) snake_team=None slot=1 count=2 index=3 -> #e34e5b #a92f3a
team=true local_snake=Some(0) local_team=Some(0) snake_team=None slot=1 count=3 index=0 -> #3c8dde #286eae
team=true local_snake=Some(0) local_team=Some(0) snake_team=None slot=1 count=3 index=1 -> #e34e5b #a92f3a
team=true local_snake=Some(0) local_team=Some(0) snake_team=None slot=1 count=3 index=2 -> #e34e5b #a92f3a
team=true local_snake=Some(0) local_team=Some(0) snake_team=None slot=1 count=3 index=3 -> #e34e5b #a92f3a
team=true local_snake=Some(0) local_team=Some(0) snake_team=None slot=1 count=4 index=0 -> #3c8dde #286eae
team=true local_snake=Some(0) local_team=Some(0) snake_team=None slot=1 count=4 index=1 -> #e34e5b #a92f3a
team=true local_snake=Some(0) local_team=Some(0) snake_team=None slot=1 count=4 index=2 -> #e34e5b #a92f3a
team=true local_snake=Some(0) local_team=Some(0) snake_team=None slot=1 count=4 index=3 -> #e34e5b #a92f3a
team=true local_snake=Some(0) local_team=Some(0) snake_team=None slot=2 count=1 index=0 -> #70bfe3 #5299bb
team=true local_snake=Some(0) local_team=Some(0) snake_team=None slot=2 count=1 index=1 -> #ff6b6b #b84444
team=true local_snake=Some(0) local_team=Some(0) snake_team=None slot=2 count=1 index=2 -> #ff6b6b #b84444
team=true local_snake=Some(0) local_team=Some(0) snake_team=None slot=2 count=1 index=3 -> #ff6b6b #b84444
team=true local_snake=Some(0) local_team=Some(0) snake_team=None slot=2 count=2 index=0 -> #70bfe3 #5299bb
team=true local_snake=Some(0) local_team=Some(0) snake_team=None slot=2 count=2 index=1 -> #ff6b6b #b84444
team=true local_snake=Some(0) local_team=Some(0) snake_team=None slot=2 count=2 index=2 -> #ff6b6b #b84444
team=true local_snake=Some(0) local_team=Some(0) snake_team=None slot=2 count=2 index=3 -> #ff6b6b #b84444
team=true local_snake=Some(0) local_team=Some(0) snake_team=None slot=2 count=3 index=0 -> #70bfe3 #5299bb
team=true local_snake=Some(0) local_team=Some(0) snake_team=None slot=2 count=3 index=1 -> #ff6b6b #b84444
team=true local_snake=Some(0) local_team=Some(0) snake_team=None slot=2 count=3 index=2 -> #ff6b6b #b84444
team=true local_snake=Some(0) local_team=Some(0) snake_team=None slot=2 count=3 index=3 -> #ff6b6b #b84444
team=true local_snake=Some(0) local_team=Some(0) snake_team=None slot=2 count=4 index=0 -> #70bfe3 #5299bb
team=true local_snake=Some(0) local_team=Some(0) snake_team=None slot=2 count=4 index=1 -> #ff6b6b #b84444
team=true local_snake=Some(0) local_team=Some(0) snake_team=None slot=2 count=4 index=2 -> #ff6b6b #b84444
team=true local_snake=Some(0) local_team=Some(0) snake_team=None slot=2 count=4 index=3 -> #ff6b6b #b84444
team=true local_snake=Some(0) local_team=Some(0) snake_team=Some(0) slot=0 count=1 index=0 -> #70bfe3 #5299bb
team=true local_snake=Some(0) local_team=Some(0) snake_team=Some(0) slot=0 count=1 index=1 -> #70bfe3 #5299bb
team=true local_snake=Some(0) local_team=Some(0) snake_team=Some(0) slot=0 count=1 index=2 -> #70bfe3 #5299bb
team=true local_snake=Some(0) local_team=Some(0) snake_team=Some(0) slot=0 count=1 index=3 -> #70bfe3 #5299bb
team=true local_snake=Some(0) local_team=Some(0) snake_team=Some(0) slot=0 count=2 index=0 -> #70bfe3 #5299bb
team=true local_snake=Some(0) local_team=Some(0) snake_team=Some(0) slot=0 count=2 index=1 -> #70bfe3 #5299bb
team=true local_snake=Some(0) local_team=Some(0) snake_team=Some(0) slot=0 count=2 index=2 -> #70bfe3 #5299bb
team=true local_snake=Some(0) local_team=Some(0) snake_team=Some(0) slot=0 count=2 index=3 -> #70bfe3 #5299bb
team=true local_snake=Some(0) local_team=Some(0) snake_team=Some(0) slot=0 count=3 index=0 -> #70bfe3 #5299bb
team=true local_snake=Some(0) local_team=Some(0) snake_team=Some(0) slot=0 count=3 index=1 -> #70bfe3 #5299bb
team=true local_snake=Some(0) local_team=Some(0) snake_team=Some(0) slot=0 count=3 index=2 -> #70bfe3 #5299bb
team=true local_snake=Some(0) local_team=Some(0) snake_team=Some(0) slot=0 count=3 index=3 -> #70bfe3 #5299bb
team=true local_snake=Some(0) local_team=Some(0) snake_team=Some(0) slot=0 count=4 index=0 -> #70bfe3 #5299bb
team=true local_snake=Some(0) local_team=Some(0) snake_team=Some(0) slot=0 count=4 index=1 -> #70bfe3 #5299bb
team=true local_snake=Some(0) local_team=Some(0) snake_team=Some(0) slot=0 count=4 index=2 -> #70bfe3 #5299bb
team=true local_snake=Some(0) local_team=Some(0) snake_team=Some(0) slot=0 count=4 index=3 -> #70bfe3 #5299bb
team=true local_snake=Some(0) local_team=Some(0) snake_team=Some(0) slot=1 count=1 index=0 -> #3c8dde #286eae
team=true local_snake=Some(0) local_team=Some(0) snake_team=Some(0) slot=1 count=1 index=1 -> #3c8dde #286eae
team=true local_snake=Some(0) local_team=Some(0) snake_team=Some(0) slot=1 count=1 index=2 -> #3c8dde #286eae
team=true local_snake=Some(0) local_team=Some(0) snake_team=Some(0) slot=1 count=1 index=3 -> #3c8dde #286eae
team=true local_snake=Some(0) local_team=Some(0) snake_team=Some(0) slot=1 count=2 index=0 -> #3c8dde #286eae
team=true local_snake=Some(0) local_team=Some(0) snake_team=Some(0) slot=1 count=2 index=1 -> #3c8dde #286eae
team=true local_snake=Some(0) local_team=Some(0) snake_team=Some(0) slot=1 count=2 index=2 -> #3c8dde #286eae
team=true local_snake=Some(0) local_team=Some(0) snake_team=Some(0) slot=1 count=2 index=3 -> #3c8dde #286eae
team=true local_snake=Some(0) local_team=Some(0) snake_team=Some(0) slot=1 count=3 index=0 -> #3c8dde #286eae
team=true local_snake=Some(0) local_team=Some(0) snake_team=Some(0) slot=1 count=3 index=1 -> #3c8dde #286eae
team=true local_snake=Some(0) local_team=Some(0) snake_team=Some(0) slot=1 count=3 index=2 -> #3c8dde #286eae
team=true local_snake=Some(0) local_team=Some(0) snake_team=Some(0) slot=1 count=3 index=3 -> #3c8dde #286eae
team=true local_snake=Some(0) local_team=Some(0) snake_team=Some(0) slot=1 count=4 index=0 -> #3c8dde #286eae
team=true local_snake=Some(0) local_team=Some(0) snake_team=Some(0) slot=1 count=4 index=1 -> #3c8dde #286eae
team=true local_snake=Some(0) local_team=Some(0) snake_team=Some(0) slot=1 count=4 index=2 -> #3c8dde #286eae
team=true local_snake=Some(0) local_team=Some(0) snake_team=Some(0) slot=1 count=4 index=3 -> #3c8dde #286eae
team=true local_snake=Some(0) local_team=Some(0) snake_team=Some(0) slot=2 count=1 index=0 -> #70bfe3 #5299bb
team=true local_snake=Some(0) local_team=Some(0) snake_team=Some(0) slot=2 count=1 index=1 -> #70bfe3 #5299bb
team=true local_snake=Some(0) local_team=Some(0) snake_team=Some(0) slot=2 count=1 index=2 -> #70bfe3 #5299bb
team=true local_snake=Some(0) local_team=Some(0) snake_team=Some(0) slot=2 count=1 index=3 -> #70bfe3 #5299bb
team=true local_snake=Some(0) local_team=Some(0) snake_team=Some(0) slot=2 count=2 index=0 -> #70bfe3 #5299bb
team=true local_snake=Some(0) local_team=Some(0) snake_team=Some(0) slot=2 count=2 index=1 -> #70bfe3 #5299bb
team=true local_snake=Some(0) local_team=Some(0) snake_team=Some(0) slot=2 count=2 index=2 -> #70bfe3 #5299bb
team=true local_snake=Some(0) local_team=Some(0) snake_team=Some(0) slot=2 count=2 index=3 -> #70bfe3 #5299bb
team=true local_snake=Some(0) local_team=Some(0) snake_team=Some(0) slot=2 count=3 index=0 -> #70bfe3 #5299bb
team=true local_snake=Some(0) local_team=Some(0) snake_team=Some(0) slot=2 count=3 index=1 -> #70bfe3 #5299bb
team=true local_snake=Some(0) local_team=Some(0) snake_team=Some(0) slot=2 count=3 index=2 -> #70bfe3 #5299bb
team=true local_snake=Some(0) local_team=Some(0) snake_team=Some(0) slot=2 count=3 index=3 -> #70bfe3 #5299bb
team=true local_snake=Some(0) local_team=Some(0) snake_team=Some(0) slot=2 count=4 index=0 -> #70bfe3 #5299bb
team=true local_snake=Some(0) local_team=Some(0) snake_team=Some(0) slot=2 count=4 index=1 -> #70bfe3 #5299bb
team=true local_snake=Some(0) local_team=Some(0) snake_team=Some(0) slot=2 count=4 index=2 -> #70bfe3 #5299bb
team=true local_snake=Some(0) local_team=Some(0) snake_team=Some(0) slot=2 count=4 index=3 -> #70bfe3 #5299bb
team=true local_snake=Some(0) local_team=Some(0) snake_team=Some(1) slot=0 count=1 index=0 -> #ff6b6b #b84444
team=true local_snake=Some(0) local_team=Some(0) snake_team=Some(1) slot=0 count=1 index=1 -> #ff6b6b #b84444
team=true local_snake=Some(0) local_team=Some(0) snake_team=Some(1) slot=0 count=1 index=2 -> #ff6b6b #b84444
team=true local_snake=Some(0) local_team=Some(0) snake_team=Some(1) slot=0 count=1 index=3 -> #ff6b6b #b84444
team=true local_snake=Some(0) local_team=Some(0) snake_team=Some(1) slot=0 count=2 index=0 -> #ff6b6b #b84444
team=true local_snake=Some(0) local_team=Some(0) snake_team=Some(1) slot=0 count=2 index=1 -> #ff6b6b #b84444
team=true local_snake=Some(0) local_team=Some(0) snake_team=Some(1) slot=0 count=2 index=2 -> #ff6b6b #b84444
team=true local_snake=Some(0) local_team=Some(0) snake_team=Some(1) slot=0 count=2 index=3 -> #ff6b6b #b84444
team=true local_snake=Some(0) local_team=Some(0) snake_team=Some(1) slot=0 count=3 index=0 -> #ff6b6b #b84444
team=true local_snake=Some(0) local_team=Some(0) snake_team=Some(1) slot=0 count=3 index=1 -> #ff6b6b #b84444
team=true local_snake=Some(0) local_team=Some(0) snake_team=Some(1) slot=0 count=3 index=2 -> #ff6b6b #b84444
team=true local_snake=Some(0) local_team=Some(0) snake_team=Some(1) slot=0 count=3 index=3 -> #ff6b6b #b84444
team=true local_snake=Some(0) local_team=Some(0) snake_team=Some(1) slot=0 count=4 index=0 -> #ff6b6b #b84444
team=true local_snake=Some(0) local_team=Some(0) snake_team=Some(1) slot=0 count=4 index=1 -> #ff6b6b #b84444
team=true local_snake=Some(0) local_team=Some(0) snake_team=Some(1) slot=0 count=4 index=2 -> #ff6b6b #b84444
team=true local_snake=Some(0) local_team=Some(0) snake_team=Some(1) slot=0 count=4 index=3 -> #ff6b6b #b84444
team=true local_snake=Some(0) local_team=Some(0) snake_team=Some(1) slot=1 count=1 index=0 -> #e34e5b #a92f3a
team=true local_snake=Some(0) local_team=Some(0) snake_team=Some(1) slot=1 count=1 index=1 -> #e34e5b #a92f3a
team=true local_snake=Some(0) local_team=Some(0) snake_team=Some(1) slot=1 count=1 index=2 -> #e34e5b #a92f3a
team=true local_snake=Some(0) local_team=Some(0) snake_team=Some(1) slot=1 count=1 index=3 -> #e34e5b #a92f3a
team=true local_snake=Some(0) local_team=Some(0) snake_team=Some(1) slot=1 count=2 index=0 -> #e34e5b #a92f3a
team=true local_snake=Some(0) local_team=Some(0) snake_team=Some(1) slot=1 count=2 index=1 -> #e34e5b #a92f3a
team=true local_snake=Some(0) local_team=Some(0) snake_team=Some(1) slot=1 count=2 index=2 -> #e34e5b #a92f3a
team=true local_snake=Some(0) local_team=Some(0) snake_team=Some(1) slot=1 count=2 index=3 -> #e34e5b #a92f3a
team=true local_snake=Some(0) local_team=Some(0) snake_team=Some(1) slot=1 count=3 index=0 -> #e34e5b #a92f3a
team=true local_snake=Some(0) local_team=Some(0) snake_team=Some(1) slot=1 count=3 index=1 -> #e34e5b #a92f3a
team=true local_snake=Some(0) local_team=Some(0) snake_team=Some(1) slot=1 count=3 index=2 -> #e34e5b #a92f3a
team=true local_snake=Some(0) local_team=Some(0) snake_team=Some(1) slot=1 count=3 index=3 -> #e34e5b #a92f3a
team=true local_snake=Some(0) local_team=Some(0) snake_team=Some(1) slot=1 count=4 index=0 -> #e34e5b #a92f3a
team=true local_snake=Some(0) local_team=Some(0) snake_team=Some(1) slot=1 count=4 index=1 -> #e34e5b #a92f3a
team=true local_snake=Some(0) local_team=Some(0) snake_team=Some(1) slot=1 count=4 index=2 -> #e34e5b #a92f3a
team=true local_snake=Some(0) local_team=Some(0) snake_team=Some(1) slot=1 count=4 index=3 -> #e34e5b #a92f3a
team=true local_snake=Some(0) local_team=Some(0) snake_team=Some(1) slot=2 count=1 index=0 -> #ff6b6b #b84444
team=true local_snake=Some(0) local_team=Some(0) snake_team=Some(1) slot=2 count=1 index=1 -> #ff6b6b #b84444
team=true local_snake=Some(0) local_team=Some(0) snake_team=Some(1) slot=2 count=1 index=2 -> #ff6b6b #b84444
team=true local_snake=Some(0) local_team=Some(0) snake_team=Some(1) slot=2 count=1 index=3 -> #ff6b6b #b84444
team=true local_snake=Some(0) local_team=Some(0) snake_team=Some(1) slot=2 count=2 index=0 -> #ff6b6b #b84444
team=true local_snake=Some(0) local_team=Some(0) snake_team=Some(1) slot=2 count=2 index=1 -> #ff6b6b #b84444
team=true local_snake=Some(0) local_team=Some(0) snake_team=Some(1) slot=2 count=2 index=2 -> #ff6b6b #b84444
team=true local_snake=Some(0) local_team=Some(0) snake_team=Some(1) slot=2 count=2 index=3 -> #ff6b6b #b84444
team=true local_snake=Some(0) local_team=Some(0) snake_team=Some(1) slot=2 count=3 index=0 -> #ff6b6b #b84444
team=true local_snake=Some(0) local_team=Some(0) snake_team=Some(1) slot=2 count=3 index=1 -> #ff6b6b #b84444
team=true local_snake=Some(0) local_team=Some(0) snake_team=Some(1) slot=2 count=3 index=2 -> #ff6b6b #b84444
team=true local_snake=Some(0) local_team=Some(0) snake_team=Some(1) slot=2 count=3 index=3 -> #ff6b6b #b84444
team=true local_snake=Some(0) local_team=Some(0) snake_team=Some(1) slot=2 count=4 index=0 -> #ff6b6b #b84444
team=true local_snake=Some(0) local_team=Some(0) snake_team=Some(1) slot=2 count=4 index=1 -> #ff6b6b #b84444
team=true local_snake=Some(0) local_team=Some(0) snake_team=Some(1) slot=2 count=4 index=2 -> #ff6b6b #b84444
team=true local_snake=Some(0) local_team=Some(0) snake_team=Some(1) slot=2 count=4 index=3 -> #ff6b6b #b84444
team=true local_snake=Some(0) local_team=Some(1) snake_team=None slot=0 count=1 index=0 -> #70bfe3 #5299bb
team=true local_snake=Some(0) local_team=Some(1) snake_team=None slot=0 count=1 index=1 -> #ff6b6b #b84444
team=true local_snake=Some(0) local_team=Some(1) snake_team=None slot=0 count=1 index=2 -> #ff6b6b #b84444
team=true local_snake=Some(0) local_team=Some(1) snake_team=None slot=0 count=1 index=3 -> #ff6b6b #b84444
team=true local_snake=Some(0) local_team=Some(1) snake_team=None slot=0 count=2 index=0 -> #70bfe3 #5299bb
team=true local_snake=Some(0) local_team=Some(1) snake_team=None slot=0 count=2 index=1 -> #ff6b6b #b84444
team=true local_snake=Some(0) local_team=Some(1) snake_team=None slot=0 count=2 index=2 -> #ff6b6b #b84444
team=true local_snake=Some(0) local_team=Some(1) snake_team=None slot=0 count=2 index=3 -> #ff6b6b #b84444
team=true local_snake=Some(0) local_team=Some(1) snake_team=None slot=0 count=3 index=0 -> #70bfe3 #5299bb
team=true local_snake=Some(0) local_team=Some(1) snake_team=None slot=0 count=3 index=1 -> #ff6b6b #b84444
team=true local_snake=Some(0) local_team=Some(1) snake_team=None slot=0 count=3 index=2 -> #ff6b6b #b84444
team=true local_snake=Some(0) local_team=Some(1) snake_team=None slot=0 count=3 index=3 -> #ff6b6b #b84444
team=true local_snake=Some(0) local_team=Some(1) snake_team=None slot=0 count=4 index=0 -> #70bfe3 #5299bb
team=true local_snake=Some(0) local_team=Some(1) snake_team=None slot=0 count=4 index=1 -> #ff6b6b #b84444
team=true local_snake=Some(0) local_team=Some(1) snake_team=None slot=0 count=4 index=2 -> #ff6b6b #b84444
team=true local_snake=Some(0) local_team=Some(1) snake_team=None slot=0 count=4 index=3 -> #ff6b6b #b84444
team=true local_snake=Some(0) local_team=Some(1) snake_team=None slot=1 count=1 index=0 -> #3c8dde #286eae
team=true local_snake=Some(0) local_team=Some(1) snake_team=None slot=1 count=1 index=1 -> #e34e5b #a92f3a
team=true local_snake=Some(0) local_team=Some(1) snake_team=None slot=1 count=1 index=2 -> #e34e5b #a92f3a
team=true local_snake=Some(0) local_team=Some(1) snake_team=None slot=1 count=1 index=3 -> #e34e5b #a92f3a
team=true local_snake=Some(0) local_team=Some(1) snake_team=None slot=1 count=2 index=0 -> #3c8dde #286eae
team=true local_snake=Some(0) local_team=Some(1) snake_team=None slot=1 count=2 index=1 -> #e34e5b #a92f3a
team=true local_snake=Some(0) local_team=Some(1) snake_team=None slot=1 count=2 index=2 -> #e34e5b #a92f3a
team=true local_snake=Some(0) local_team=Some(1) snake_team=None slot=1 count=2 index=3 -> #e34e5b #a92f3a
team=true local_snake=Some(0) local_team=Some(1) snake_team=None slot=1 count=3 index=0 -> #3c8dde #286eae
team=true local_snake=Some(0) local_team=Some(1) snake_team=None slot=1 count=3 index=1 -> #e34e5b #a92f3a
team=true local_snake=Some(0) local_team=Some(1) snake_team=None slot=1 count=3 index=2 -> #e34e5b #a92f3a
team=true local_snake=Some(0) local_team=Some(1) snake_team=None slot=1 count=3 index=3 -> #e34e5b #a92f3a
team=true local_snake=Some(0) local_team=Some(1) snake_team=None slot=1 count=4 index=0 -> #3c8dde #286eae
team=true local_snake=Some(0) local_team=Some(1) snake_team=None slot=1 count=4 index=1 -> #e34e5b #a92f3a
team=true local_snake=Some(0) local_team=Some(1) snake_team=None slot=1 count=4 index=2 -> #e34e5b #a92f3a
team=true local_snake=Some(0) local_team=Some(1) snake_team=None slot=1 count=4 index=3 -> #e34e5b #a92f3a
team=true local_snake=Some(0) local_team=Some(1) snake_team=None slot=2 count=1 index=0 -> #70bfe3 #5299bb
team=true local_snake=Some(0) local_team=Some(1) snake_team=None slot=2 count=1 index=1 -> #ff6b6b #b84444
team=true local_snake=Some(0) local_team=Some(1) snake_team=None slot=2 count=1 index=2 -> #ff6b6b #b84444
team=true local_snake=Some(0) local_team=Some(1) snake_team=None slot=2 count=1 index=3 -> #ff6b6b #b84444
team=true local_snake=Some(0) local_team=Some(1) snake_team=None slot=2 count=2 index=0 -> #70bfe3 #5299bb
team=true local_snake=Some(0) local_team=Some(1) snake_team=None slot=2 count=2 index=1 -> #ff6b6b #b84444
team=true local_snake=Some(0) local_team=Some(1) snake_team=None slot=2 count=2 index=2 -> #ff6b6b #b84444
team=true local_snake=Some(0) local_team=Some(1) snake_team=None slot=2 count=2 index=3 -> #ff6b6b #b84444
team=true local_snake=Some(0) local_team=Some(1) snake_team=None slot=2 count=3 index=0 -> #70bfe3 #5299bb
team=true local_snake=Some(0) local_team=Some(1) snake_team=None slot=2 count=3 index=1 -> #ff6b6b #b84444
team=true local_snake=Some(0) local_team=Some(1) snake_team=None slot=2 count=3 index=2 -> #ff6b6b #b84444
team=true local_snake=Some(0) local_team=Some(1) snake_team=None slot=2 count=3 index=3 -> #ff6b6b #b84444
team=true local_snake=Some(0) local_team=Some(1) snake_team=None slot=2 count=4 index=0 -> #70bfe3 #5299bb
team=true local_snake=Some(0) local_team=Some(1) snake_team=None slot=2 count=4 index=1 -> #ff6b6b #b84444
team=true local_snake=Some(0) local_team=Some(1) snake_team=None slot=2 count=4 index=2 -> #ff6b6b #b84444
team=true local_snake=Some(0) local_team=Some(1) snake_team=None slot=2 count=4 index=3 -> #ff6b6b #b84444
team=true local_snake=Some(0) local_team=Some(1) snake_team=Some(0) slot=0 count=1 index=0 -> #ff6b6b #b84444
team=true local_snake=Some(0) local_team=Some(1) snake_team=Some(0) slot=0 count=1 index=1 -> #ff6b6b #b84444
team=true local_snake=Some(0) local_team=Some(1) snake_team=Some(0) slot=0 count=1 index=2 -> #ff6b6b #b84444
team=true local_snake=Some(0) local_team=Some(1) snake_team=Some(0) slot=0 count=1 index=3 -> #ff6b6b #b84444
team=true local_snake=Some(0) local_team=Some(1) snake_team=Some(0) slot=0 count=2 index=0 -> #ff6b6b #b84444
team=true local_snake=Some(0) local_team=Some(1) snake_team=Some(0) slot=0 count=2 index=1 -> #ff6b6b #b84444
team=true local_snake=Some(0) local_team=Some(1) snake_team=Some(0) slot=0 count=2 index=2 -> #ff6b6b #b84444
team=true local_snake=Some(0) local_team=Some(1) snake_team=Some(0) slot=0 count=2 index=3 -> #ff6b6b #b84444
team=true local_snake=Some(0) local_team=Some(1) snake_team=Some(0) slot=0 count=3 index=0 -> #ff6b6b #b84444
team=true local_snake=Some(0) local_team=Some(1) snake_team=Some(0) slot=0 count=3 index=1 -> #ff6b6b #b84444
team=true local_snake=Some(0) local_team=Some(1) snake_team=Some(0) slot=0 count=3 index=2 -> #ff6b6b #b84444
team=true local_snake=Some(0) local_team=Some(1) snake_team=Some(0) slot=0 count=3 index=3 -> #ff6b6b #b84444
team=true local_snake=Some(0) local_team=Some(1) snake_team=Some(0) slot=0 count=4 index=0 -> #ff6b6b #b84444
team=true local_snake=Some(0) local_team=Some(1) snake_team=Some(0) slot=0 count=4 index=1 -> #ff6b6b #b84444
team=true local_snake=Some(0) local_team=Some(1) snake_team=Some(0) slot=0 count=4 index=2 -> #ff6b6b #b84444
team=true local_snake=Some(0) local_team=Some(1) snake_team=Some(0) slot=0 count=4 index=3 -> #ff6b6b #b84444
team=true local_snake=Some(0) local_team=Some(1) snake_team=Some(0) slot=1 count=1 index=0 -> #e34e5b #a92f3a
team=true local_snake=Some(0) local_team=Some(1) snake_team=Some(0) slot=1 count=1 index=1 -> #e34e5b #a92f3a
team=true local_snake=Some(0) local_team=Some(1) snake_team=Some(0) slot=1 count=1 index=2 -> #e34e5b #a92f3a
team=true local_snake=Some(0) local_team=Some(1) snake_team=Some(0) slot=1 count=1 index=3 -> #e34e5b #a92f3a
team=true local_snake=Some(0) local_team=Some(1) snake_team=Some(0) slot=1 count=2 index=0 -> #e34e5b #a92f3a
team=true local_snake=Some(0) local_team=Some(1) snake_team=Some(0) slot=1 count=2 index=1 -> #e34e5b #a92f3a
team=true local_snake=Some(0) local_team=Some(1) snake_team=Some(0) slot=1 count=2 index=2 -> #e34e5b #a92f3a
team=true local_snake=Some(0) local_team=Some(1) snake_team=Some(0) slot=1 count=2 index=3 -> #e34e5b #a92f3a
team=true local_snake=Some(0) local_team=Some(1) snake_team=Some(0) slot=1 count=3 index=0 -> #e34e5b #a92f3a
team=true local_snake=Some(0) local_team=Some(1) snake_team=Some(0) slot=1 count=3 index=1 -> #e34e5b #a92f3a
team=true local_snake=Some(0) local_team=Some(1) snake_team=Some(0) slot=1 count=3 index=2 -> #e34e5b #a92f3a
team=true local_snake=Some(0) local_team=Some(1) snake_team=Some(0) slot=1 count=3 index=3 -> #e34e5b #a92f3a
team=true local_snake=Some(0) local_team=Some(1) snake_team=Some(0) slot=1 count=4 index=0 -> #e34e5b #a92f3a
team=true local_snake=Some(0) local_team=Some(1) snake_team=Some(0) slot=1 count=4 index=1 -> #e34e5b #a92f3a
team=true local_snake=Some(0) local_team=Some(1) snake_team=Some(0) slot=1 count=4 index=2 -> #e34e5b #a92f3a
team=true local_snake=Some(0) local_team=Some(1) snake_team=Some(0) slot=1 count=4 index=3 -> #e34e5b #a92f3a
team=true local_snake=Some(0) local_team=Some(1) snake_team=Some(0) slot=2 count=1 index=0 -> #ff6b6b #b84444
team=true local_snake=Some(0) local_team=Some(1) snake_team=Some(0) slot=2 count=1 index=1 -> #ff6b6b #b84444
team=true local_snake=Some(0) local_team=Some(1) snake_team=Some(0) slot=2 count=1 index=2 -> #ff6b6b #b84444
team=true local_snake=Some(0) local_team=Some(1) snake_team=Some(0) slot=2 count=1 index=3 -> #ff6b6b #b84444
team=true local_snake=Some(0) local_team=Some(1) snake_team=Some(0) slot=2 count=2 index=0 -> #ff6b6b #b84444
team=true local_snake=Some(0) local_team=Some(1) snake_team=Some(0) slot=2 count=2 index=1 -> #ff6b6b #b84444
team=true local_snake=Some(0) local_team=Some(1) snake_team=Some(0) slot=2 count=2 index=2 -> #ff6b6b #b84444
team=true local_snake=Some(0) local_team=Some(1) snake_team=Some(0) slot=2 count=2 index=3 -> #ff6b6b #b84444
team=true local_snake=Some(0) local_team=Some(1) snake_team=Some(0) slot=2 count=3 index=0 -> #ff6b6b #b84444
team=true local_snake=Some(0) local_team=Some(1) snake_team=Some(0) slot=2 count=3 index=1 -> #ff6b6b #b84444
team=true local_snake=Some(0) local_team=Some(1) snake_team=Some(0) slot=2 count=3 index=2 -> #ff6b6b #b84444
team=true local_snake=Some(0) local_team=Some(1) snake_team=Some(0) slot=2 count=3 index=3 -> #ff6b6b #b84444
team=true local_snake=Some(0) local_team=Some(1) snake_team=Some(0) slot=2 count=4 index=0 -> #ff6b6b #b84444
team=true local_snake=Some(0) local_team=Some(1) snake_team=Some(0) slot=2 count=4 index=1 -> #ff6b6b #b84444
team=true local_snake=Some(0) local_team=Some(1) snake_team=Some(0) slot=2 count=4 index=2 -> #ff6b6b #b84444
team=true local_snake=Some(0) local_team=Some(1) snake_team=Some(0) slot=2 count=4 index=3 -> #ff6b6b #b84444
team=true local_snake=Some(0) local_team=Some(1) snake_team=Some(1) slot=0 count=1 index=0 -> #70bfe3 #5299bb
team=true local_snake=Some(0) local_team=Some(1) snake_team=Some(1) slot=0 count=1 index=1 -> #70bfe3 #5299bb
team=true local_snake=Some(0) local_team=Some(1) snake_team=Some(1) slot=0 count=1 index=2 -> #70bfe3 #5299bb
team=true local_snake=Some(0) local_team=Some(1) snake_team=Some(1) slot=0 count=1 index=3 -> #70bfe3 #5299bb
team=true local_snake=Some(0) local_team=Some(1) snake_team=Some(1) slot=0 count=2 index=0 -> #70bfe3 #5299bb
team=true local_snake=Some(0) local_team=Some(1) snake_team=Some(1) slot=0 count=2 index=1 -> #70bfe3 #5299bb
team=true local_snake=Some(0) local_team=Some(1) snake_team=Some(1) slot=0 count=2 index=2 -> #70bfe3 #5299bb
team=true local_snake=Some(0) local_team=Some(1) snake_team=Some(1) slot=0 count=2 index=3 -> #70bfe3 #5299bb
team=true local_snake=Some(0) local_team=Some(1) snake_team=Some(1) slot=0 count=3 index=0 -> #70bfe3 #5299bb
team=true local_snake=Some(0) local_team=Some(1) snake_team=Some(1) slot=0 count=3 index=1 -> #70bfe3 #5299bb
team=true local_snake=Some(0) local_team=Some(1) snake_team=Some(1) slot=0 count=3 index=2 -> #70bfe3 #5299bb
team=true local_snake=Some(0) local_team=Some(1) snake_team=Some(1) slot=0 count=3 index=3 -> #70bfe3 #5299bb
team=true local_snake=Some(0) local_team=Some(1) snake_team=Some(1) slot=0 count=4 index=0 -> #70bfe3 #5299bb
team=true local_snake=Some(0) local_team=Some(1) snake_team=Some(1) slot=0 count=4 index=1 -> #70bfe3 #5299bb
team=true local_snake=Some(0) local_team=Some(1) snake_team=Some(1) slot=0 count=4 index=2 -> #70bfe3 #5299bb
team=true local_snake=Some(0) local_team=Some(1) snake_team=Some(1) slot=0 count=4 index=3 -> #70bfe3 #5299bb
team=true local_snake=Some(0) local_team=Some(1) snake_team=Some(1) slot=1 count=1 index=0 -> #3c8dde #286eae
team=true local_snake=Some(0) local_team=Some(1) snake_team=Some(1) slot=1 count=1 index=1 -> #3c8dde #286eae
team=true local_snake=Some(0) local_team=Some(1) snake_team=Some(1) slot=1 count=1 index=2 -> #3c8dde #286eae
team=true local_snake=Some(0) local_team=Some(1) snake_team=Some(1) slot=1 count=1 index=3 -> #3c8dde #286eae
team=true local_snake=Some(0) local_team=Some(1) snake_team=Some(1) slot=1 count=2 index=0 -> #3c8dde #286eae
team=true local_snake=Some(0) local_team=Some(1) snake_team=Some(1) slot=1 count=2 index=1 -> #3c8dde #286eae
team=true local_snake=Some(0) local_team=Some(1) snake_team=Some(1) slot=1 count=2 index=2 -> #3c8dde #286eae
team=true local_snake=Some(0) local_team=Some(1) snake_team=Some(1) slot=1 count=2 index=3 -> #3c8dde #286eae
team=true local_snake=Some(0) local_team=Some(1) snake_team=Some(1) slot=1 count=3 index=0 -> #3c8dde #286eae
team=true local_snake=Some(0) local_team=Some(1) snake_team=Some(1) slot=1 count=3 index=1 -> #3c8dde #286eae
team=true local_snake=Some(0) local_team=Some(1) snake_team=Some(1) slot=1 count=3 index=2 -> #3c8dde #286eae
team=true local_snake=Some(0) local_team=Some(1) snake_team=Some(1) slot=1 count=3 index=3 -> #3c8dde #286eae
team=true local_snake=Some(0) local_team=Some(1) snake_team=Some(1) slot=1 count=4 index=0 -> #3c8dde #286eae
team=true local_snake=Some(0) local_team=Some(1) snake_team=Some(1) slot=1 count=4 index=1 -> #3c8dde #286eae
team=true local_snake=Some(0) local_team=Some(1) snake_team=Some(1) slot=1 count=4 index=2 -> #3c8dde #286eae
team=true local_snake=Some(0) local_team=Some(1) snake_team=Some(1) slot=1 count=4 index=3 -> #3c8dde #286eae
team=true local_snake=Some(0) local_team=Some(1) snake_team=Some(1) slot=2 count=1 index=0 -> #70bfe3 #5299bb
team=true local_snake=Some(0) local_team=Some(1) snake_team=Some(1) slot=2 count=1 index=1 -> #70bfe3 #5299bb
team=true local_snake=Some(0) local_team=Some(1) snake_team=Some(1) slot=2 count=1 index=2 -> #70bfe3 #5299bb
team=true local_snake=Some(0) local_team=Some(1) snake_team=Some(1) slot=2 count=1 index=3 -> #70bfe3 #5299bb
team=true local_snake=Some(0) local_team=Some(1) snake_team=Some(1) slot=2 count=2 index=0 -> #70bfe3 #5299bb
team=true local_snake=Some(0) local_team=Some(1) snake_team=Some(1) slot=2 count=2 index=1 -> #70bfe3 #5299bb
team=true local_snake=Some(0) local_team=Some(1) snake_team=Some(1) slot=2 count=2 index=2 -> #70bfe3 #5299bb
team=true local_snake=Some(0) local_team=Some(1) snake_team=Some(1) slot=2 count=2 index=3 -> #70bfe3 #5299bb
team=true local_snake=Some(0) local_team=Some(1) snake_team=Some(1) slot=2 count=3 index=0 -> #70bfe3 #5299bb
team=true local_snake=Some(0) local_team=Some(1) snake_team=Some(1) slot=2 count=3 index=1 -> #70bfe3 #5299bb
team=true local_snake=Some(0) local_team=Some(1) snake_team=Some(1) slot=2 count=3 index=2 -> #70bfe3 #5299bb
team=true local_snake=Some(0) local_team=Some(1) snake_team=Some(1) slot=2 count=3 index=3 -> #70bfe3 #5299bb
team=true local_snake=Some(0) local_team=Some(1) snake_team=Some(1) slot=2 count=4 index=0 -> #70bfe3 #5299bb
team=true local_snake=Some(0) local_team=Some(1) snake_team=Some(1) slot=2 count=4 index=1 -> #70bfe3 #5299bb
team=true local_snake=Some(0) local_team=Some(1) snake_team=Some(1) slot=2 count=4 index=2 -> #70bfe3 #5299bb
team=true local_snake=Some(0) local_team=Some(1) snake_team=Some(1) slot=2 count=4 index=3 -> #70bfe3 #5299bb
team=true local_snake=Some(1) local_team=None snake_team=None slot=0 count=1 index=0 -> #ff6b6b #b84444
team=true local_snake=Some(1) local_team=None snake_team=None slot=0 count=1 index=1 -> #70bfe3 #5299bb
team=true local_snake=Some(1) local_team=None snake_team=None slot=0 count=1 index=2 -> #ff6b6b #b84444
team=true local_snake=Some(1) local_team=None snake_team=None slot=0 count=1 index=3 -> #ff6b6b #b84444
team=true local_snake=Some(1) local_team=None snake_team=None slot=0 count=2 index=0 -> #ff6b6b #b84444
team=true local_snake=Some(1) local_team=None snake_team=None slot=0 count=2 index=1 -> #70bfe3 #5299bb
team=true local_snake=Some(1) local_team=None snake_team=None slot=0 count=2 index=2 -> #ff6b6b #b84444
team=true local_snake=Some(1) local_team=None snake_team=None slot=0 count=2 index=3 -> #ff6b6b #b84444
team=true local_snake=Some(1) local_team=None snake_team=None slot=0 count=3 index=0 -> #ff6b6b #b84444
team=true local_snake=Some(1) local_team=None snake_team=None slot=0 count=3 index=1 -> #70bfe3 #5299bb
team=true local_snake=Some(1) local_team=None snake_team=None slot=0 count=3 index=2 -> #ff6b6b #b84444
team=true local_snake=Some(1) local_team=None snake_team=None slot=0 count=3 index=3 -> #ff6b6b #b84444
team=true local_snake=Some(1) local_team=None snake_team=None slot=0 count=4 index=0 -> #ff6b6b #b84444
team=true local_snake=Some(1) local_team=None snake_team=None slot=0 count=4 index=1 -> #70bfe3 #5299bb
team=true local_snake=Some(1) local_team=None snake_team=None slot=0 count=4 index=2 -> #ff6b6b #b84444
team=true local_snake=Some(1) local_team=None snake_team=None slot=0 count=4 index=3 -> #ff6b6b #b84444
team=true local_snake=Some(1) local_team=None snake_team=None slot=1 count=1 index=0 -> #e34e5b #a92f3a
team=true local_snake=Some(1) local_team=None snake_team=None slot=1 count=1 index=1 -> #3c8dde #286eae
team=true local_snake=Some(1) local_team=None snake_team=None slot=1 count=1 index=2 -> #e34e5b #a92f3a
team=true local_snake=Some(1) local_team=None snake_team=None slot=1 count=1 index=3 -> #e34e5b #a92f3a
team=true local_snake=Some(1) local_team=None snake_team=None slot=1 count=2 index=0 -> #e34e5b #a92f3a
team=true local_snake=Some(1) local_team=None snake_team=None slot=1 count=2 index=1 -> #3c8dde #286eae
team=true local_snake=Some(1) local_team=None snake_team=None slot=1 count=2 index=2 -> #e34e5b #a92f3a
team=true local_snake=Some(1) local_team=None snake_team=None slot=1 count=2 index=3 -> #e34e5b #a92f3a
team=true local_snake=Some(1) local_team=None snake_team=None slot=1 count=3 index=0 -> #e34e5b #a92f3a
team=true local_snake=Some(1) local_team=None snake_team=None slot=1 count=3 index=1 -> #3c8dde #286eae
team=true local_snake=Some(1) local_team=None snake_team=None slot=1 count=3 index=2 -> #e34e5b #a92f3a
team=true local_snake=Some(1) local_team=None snake_team=None slot=1 count=3 index=3 -> #e34e5b #a92f3a
team=true local_snake=Some(1) local_team=None snake_team=None slot=1 count=4 index=0 -> #e34e5b #a92f3a
team=true local_snake=Some(1) local_team=None snake_team=None slot=1 count=4 index=1 -> #3c8dde #286eae
team=true local_snake=Some(1) local_team=None snake_team=None slot=1 count=4 index=2 -> #e34e5b #a92f3a
team=true local_snake=Some(1) local_team=None snake_team=None slot=1 count=4 index=3 -> #e34e5b #a92f3a
team=true local_snake=Some(1) local_team=None snake_team=None slot=2 count=1 index=0 -> #ff6b6b #b84444
team=true local_snake=Some(1) local_team=None snake_team=None slot=2 count=1 index=1 -> #70bfe3 #5299bb
team=true local_snake=Some(1) local_team=None snake_team=None slot=2 count=1 index=2 -> #ff6b6b #b84444
team=true local_snake=Some(1) local_team=None snake_team=None slot=2 count=1 index=3 -> #ff6b6b #b84444
team=true local_snake=Some(1) local_team=None snake_team=None slot=2 count=2 index=0 -> #ff6b6b #b84444
team=true local_snake=Some(1) local_team=None snake_team=None slot=2 count=2 index=1 -> #70bfe3 #5299bb
team=true local_snake=Some(1) local_team=None snake_team=None slot=2 count=2 index=2 -> #ff6b6b #b84444
team=true local_snake=Some(1) local_team=None snake_team=None slot=2 count=2 index=3 -> #ff6b6b #b84444
team=true local_snake=Some(1) local_team=None snake_team=None slot=2 count=3 index=0 -> #ff6b6b #b84444
team=true local_snake=Some(1) local_team=None snake_team=None slot=2 count=3 index=1 -> #70bfe3 #5299bb
team=true local_snake=Some(1) local_team=None snake_team=None slot=2 count=3 index=2 -> #ff6b6b #b84444
team=true local_snake=Some(1) local_team=None snake_team=None slot=2 count=3 index=3 -> #ff6b6b #b84444
team=true local_snake=Some(1) local_team=None snake_team=None slot=2 count=4 index=0 -> #ff6b6b #b84444
team=true local_snake=Some(1) local_team=None snake_team=None slot=2 count=4 index=1 -> #70bfe3 #5299bb
team=true local_snake=Some(1) local_team=None snake_team=None slot=2 count=4 index=2 -> #ff6b6b #b84444
team=true local_snake=Some(1) local_team=None snake_team=None slot=2 count=4 index=3 -> #ff6b6b #b84444
team=true local_snake=Some(1) local_team=None snake_team=Some(0) slot=0 count=1 index=0 -> #70bfe3 #5299bb
team=true local_snake=Some(1) local_team=None snake_team=Some(0) slot=0 count=1 index=1 -> #70bfe3 #5299bb
team=true local_snake=Some(1) local_team=None snake_team=Some(0) slot=0 count=1 index=2 -> #70bfe3 #5299bb
team=true local_snake=Some(1) local_team=None snake_team=Some(0) slot=0 count=1 index=3 -> #70bfe3 #5299bb
team=true local_snake=Some(1) local_team=None snake_team=Some(0) slot=0 count=2 index=0 -> #70bfe3 #5299bb
team=true local_snake=Some(1) local_team=None snake_team=Some(0) slot=0 count=2 index=1 -> #70bfe3 #5299bb
team=true local_snake=Some(1) local_team=None snake_team=Some(0) slot=0 count=2 index=2 -> #70bfe3 #5299bb
team=true local_snake=Some(1) local_team=None snake_team=Some(0) slot=0 count=2 index=3 -> #70bfe3 #5299bb
team=true local_snake=Some(1) local_team=None snake_team=Some(0) slot=0 count=3 index=0 -> #70bfe3 #5299bb
team=true local_snake=Some(1) local_team=None snake_team=Some(0) slot=0 count=3 index=1 -> #70bfe3 #5299bb
team=true local_snake=Some(1) local_team=None snake_team=Some(0) slot=0 count=3 index=2 -> #70bfe3 #5299bb
team=true local_snake=Some(1) local_team=None snake_team=Some(0) slot=0 count=3 index=3 -> #70bfe3 #5299bb
team=true local_snake=Some(1) local_team=None snake_team=Some(0) slot=0 count=4 index=0 -> #70bfe3 #5299bb
team=true local_snake=Some(1) local_team=None snake_team=Some(0) slot=0 count=4 index=1 -> #70bfe3 #5299bb
team=true local_snake=Some(1) local_team=None snake_team=Some(0) slot=0 count=4 index=2 -> #70bfe3 #5299bb
team=true local_snake=Some(1) local_team=None snake_team=Some(0) slot=0 count=4 index=3 -> #70bfe3 #5299bb
team=true local_snake=Some(1) local_team=None snake_team=Some(0) slot=1 count=1 index=0 -> #3c8dde #286eae
team=true local_snake=Some(1) local_team=None snake_team=Some(0) slot=1 count=1 index=1 -> #3c8dde #286eae
team=true local_snake=Some(1) local_team=None snake_team=Some(0) slot=1 count=1 index=2 -> #3c8dde #286eae
team=true local_snake=Some(1) local_team=None snake_team=Some(0) slot=1 count=1 index=3 -> #3c8dde #286eae
team=true local_snake=Some(1) local_team=None snake_team=Some(0) slot=1 count=2 index=0 -> #3c8dde #286eae
team=true local_snake=Some(1) local_team=None snake_team=Some(0) slot=1 count=2 index=1 -> #3c8dde #286eae
team=true local_snake=Some(1) local_team=None snake_team=Some(0) slot=1 count=2 index=2 -> #3c8dde #286eae
team=true local_snake=Some(1) local_team=None snake_team=Some(0) slot=1 count=2 index=3 -> #3c8dde #286eae
team=true local_snake=Some(1) local_team=None snake_team=Some(0) slot=1 count=3 index=0 -> #3c8dde #286eae
team=true local_snake=Some(1) local_team=None snake_team=Some(0) slot=1 count=3 index=1 -> #3c8dde #286eae
team=true local_snake=Some(1) local_team=None snake_team=Some(0) slot=1 count=3 index=2 -> #3c8dde #286eae
team=true local_snake=Some(1) local_team=None snake_team=Some(0) slot=1 count=3 index=3 -> #3c8dde #286eae
team=true local_snake=Some(1) local_team=None snake_team=Some(0) slot=1 count=4 index=0 -> #3c8dde #286eae
team=true local_snake=Some(1) local_team=None snake_team=Some(0) slot=1 count=4 index=1 -> #3c8dde #286eae
team=true local_snake=Some(1) local_team=None snake_team=Some(0) slot=1 count=4 index=2 -> #3c8dde #286eae
team=true local_snake=Some(1) local_team=None snake_team=Some(0) slot=1 count=4 index=3 -> #3c8dde #286eae
team=true local_snake=Some(1) local_team=None snake_team=Some(0) slot=2 count=1 index=0 -> #70bfe3 #5299bb
team=true local_snake=Some(1) local_team=None snake_team=Some(0) slot=2 count=1 index=1 -> #70bfe3 #5299bb
team=true local_snake=Some(1) local_team=None snake_team=Some(0) slot=2 count=1 index=2 -> #70bfe3 #5299bb
team=true local_snake=Some(1) local_team=None snake_team=Some(0) slot=2 count=1 index=3 -> #70bfe3 #5299bb
team=true local_snake=Some(1) local_team=None snake_team=Some(0) slot=2 count=2 index=0 -> #70bfe3 #5299bb
team=true local_snake=Some(1) local_team=None snake_team=Some(0) slot=2 count=2 index=1 -> #70bfe3 #5299bb
team=true local_snake=Some(1) local_team=None snake_team=Some(0) slot=2 count=2 index=2 -> #70bfe3 #5299bb
team=true local_snake=Some(1) local_team=None snake_team=Some(0) slot=2 count=2 index=3 -> #70bfe3 #5299bb
team=true local_snake=Some(1) local_team=None snake_team=Some(0) slot=2 count=3 index=0 -> #70bfe3 #5299bb
team=true local_snake=Some(1) local_team=None snake_team=Some(0) slot=2 count=3 index=1 -> #70bfe3 #5299bb
team=true local_snake=Some(1) local_team=None snake_team=Some(0) slot=2 count=3 index=2 -> #70bfe3 #5299bb
team=true local_snake=Some(1) local_team=None snake_team=Some(0) slot=2 count=3 index=3 -> #70bfe3 #5299bb
team=true local_snake=Some(1) local_team=None snake_team=Some(0) slot=2 count=4 index=0 -> #70bfe3 #5299bb
team=true local_snake=Some(1) local_team=None snake_team=Some(0) slot=2 count=4 index=1 -> #70bfe3 #5299bb
team=true local_snake=Some(1) local_team=None snake_team=Some(0) slot=2 count=4 index=2 -> #70bfe3 #5299bb
team=true local_snake=Some(1) local_team=None snake_team=Some(0) slot=2 count=4 index=3 -> #70bfe3 #5299bb
team=true local_snake=Some(1) local_team=None snake_team=Some(1) slot=0 count=1 index=0 -> #ff6b6b #b84444
team=true local_snake=Some(1) local_team=None snake_team=Some(1) slot=0 count=1 index=1 -> #ff6b6b #b84444
team=true local_snake=Some(1) local_team=None snake_team=Some(1) slot=0 count=1 index=2 -> #ff6b6b #b84444
team=true local_snake=Some(1) local_team=None snake_team=Some(1) slot=0 count=1 index=3 -> #ff6b6b #b84444
team=true local_snake=Some(1) local_team=None snake_team=Some(1) slot=0 count=2 index=0 -> #ff6b6b #b84444
team=true local_snake=Some(1) local_team=None snake_team=Some(1) slot=0 count=2 index=1 -> #ff6b6b #b84444
team=true local_snake=Some(1) local_team=None snake_team=Some(1) slot=0 count=2 index=2 -> #ff6b6b #b84444
team=true local_snake=Some(1) local_team=None snake_team=Some(1) slot=0 count=2 index=3 -> #ff6b6b #b84444
team=true local_snake=Some(1) local_team=None snake_team=Some(1) slot=0 count=3 index=0 -> #ff6b6b #b84444
team=true local_snake=Some(1) local_team=None snake_team=Some(1) slot=0 count=3 index=1 -> #ff6b6b #b84444
team=true local_snake=Some(1) local_team=None snake_team=Some(1) slot=0 count=3 index=2 -> #ff6b6b #b84444
team=true local_snake=Some(1) local_team=None snake_team=Some(1) slot=0 count=3 index=3 -> #ff6b6b #b84444
team=true local_snake=Some(1) local_team=None snake_team=Some(1) slot=0 count=4 index=0 -> #ff6b6b #b84444
team=true local_snake=Some(1) local_team=None snake_team=Some(1) slot=0 count=4 index=1 -> #ff6b6b #b84444
team=true local_snake=Some(1) local_team=None snake_team=Some(1) slot=0 count=4 index=2 -> #ff6b6b #b84444
team=true local_snake=Some(1) local_team=None snake_team=Some(1) slot=0 count=4 index=3 -> #ff6b6b #b84444
team=true local_snake=Some(1) local_team=None snake_team=Some(1) slot=1 count=1 index=0 -> #e34e5b #a92f3a
team=true local_snake=Some(1) local_team=None snake_team=Some(1) slot=1 count=1 index=1 -> #e34e5b #a92f3a
team=true local_snake=Some(1) local_team=None snake_team=Some(1) slot=1 count=1 index=2 -> #e34e5b #a92f3a
team=true local_snake=Some(1) local_team=None snake_team=Some(1) slot=1 count=1 index=3 -> #e34e5b #a92f3a
team=true local_snake=Some(1) local_team=None snake_team=Some(1) slot=1 count=2 index=0 -> #e34e5b #a92f3a
team=true local_snake=Some(1) local_team=None snake_team=Some(1) slot=1 count=2 index=1 -> #e34e5b #a92f3a
team=true local_snake=Some(1) local_team=None snake_team=Some(1) slot=1 count=2 index=2 -> #e34e5b #a92f3a
team=true local_snake=Some(1) local_team=None snake_team=Some(1) slot=1 count=2 index=3 -> #e34e5b #a92f3a
team=true local_snake=Some(1) local_team=None snake_team=Some(1) slot=1 count=3 index=0 -> #e34e5b #a92f3a
team=true local_snake=Some(1) local_team=None snake_team=Some(1) slot=1 count=3 index=1 -> #e34e5b #a92f3a
team=true local_snake=Some(1) local_team=None snake_team=Some(1) slot=1 count=3 index=2 -> #e34e5b #a92f3a
team=true local_snake=Some(1) local_team=None snake_team=Some(1) slot=1 count=3 index=3 -> #e34e5b #a92f3a
team=true local_snake=Some(1) local_team=None snake_team=Some(1) slot=1 count=4 index=0 -> #e34e5b #a92f3a
team=true local_snake=Some(1) local_team=None snake_team=Some(1) slot=1 count=4 index=1 -> #e34e5b #a92f3a
team=true local_snake=Some(1) local_team=None snake_team=Some(1) slot=1 count=4 index=2 -> #e34e5b #a92f3a
team=true local_snake=Some(1) local_team=None snake_team=Some(1) slot=1 count=4 index=3 -> #e34e5b #a92f3a
team=true local_snake=Some(1) local_team=None snake_team=Some(1) slot=2 count=1 index=0 -> #ff6b6b #b84444
team=true local_snake=Some(1) local_team=None snake_team=Some(1) slot=2 count=1 index=1 -> #ff6b6b #b84444
team=true local_snake=Some(1) local_team=None snake_team=Some(1) slot=2 count=1 index=2 -> #ff6b6b #b84444
team=true local_snake=Some(1) local_team=None snake_team=Some(1) slot=2 count=1 index=3 -> #ff6b6b #b84444
team=true local_snake=Some(1) local_team=None snake_team=Some(1) slot=2 count=2 index=0 -> #ff6b6b #b84444
team=true local_snake=Some(1) local_team=None snake_team=Some(1) slot=2 count=2 index=1 -> #ff6b6b #b84444
team=true local_snake=Some(1) local_team=None snake_team=Some(1) slot=2 count=2 index=2 -> #ff6b6b #b84444
team=true local_snake=Some(1) local_team=None snake_team=Some(1) slot=2 count=2 index=3 -> #ff6b6b #b84444
team=true local_snake=Some(1) local_team=None snake_team=Some(1) slot=2 count=3 index=0 -> #ff6b6b #b84444
team=true local_snake=Some(1) local_team=None snake_team=Some(1) slot=2 count=3 index=1 -> #ff6b6b #b84444
team=true local_snake=Some(1) local_team=None snake_team=Some(1) slot=2 count=3 index=2 -> #ff6b6b #b84444
team=true local_snake=Some(1) local_team=None snake_team=Some(1) slot=2 count=3 index=3 -> #ff6b6b #b84444
team=true local_snake=Some(1) local_team=None snake_team=Some(1) slot=2 count=4 index=0 -> #ff6b6b #b84444
team=true local_snake=Some(1) local_team=None snake_team=Some(1) slot=2 count=4 index=1 -> #ff6b6b #b84444
team=true local_snake=Some(1) local_team=None snake_team=Some(1) slot=2 count=4 index=2 -> #ff6b6b #b84444
team=true local_snake=Some(1) local_team=None snake_team=Some(1) slot=2 count=4 index=3 -> #ff6b6b #b84444
team=true local_snake=Some(1) local_team=Some(0) snake_team=None slot=0 count=1 index=0 -> #ff6b6b #b84444
team=true local_snake=Some(1) local_team=Some(0) snake_team=None slot=0 count=1 index=1 -> #70bfe3 #5299bb
team=true local_snake=Some(1) local_team=Some(0) snake_team=None slot=0 count=1 index=2 -> #ff6b6b #b84444
team=true local_snake=Some(1) local_team=Some(0) snake_team=None slot=0 count=1 index=3 -> #ff6b6b #b84444
team=true local_snake=Some(1) local_team=Some(0) snake_team=None slot=0 count=2 index=0 -> #ff6b6b #b84444
team=true local_snake=Some(1) local_team=Some(0) snake_team=None slot=0 count=2 index=1 -> #70bfe3 #5299bb
team=true local_snake=Some(1) local_team=Some(0) snake_team=None slot=0 count=2 index=2 -> #ff6b6b #b84444
team=true local_snake=Some(1) local_team=Some(0) snake_team=None slot=0 count=2 index=3 -> #ff6b6b #b84444
team=true local_snake=Some(1) local_team=Some(0) snake_team=None slot=0 count=3 index=0 -> #ff6b6b #b84444
team=true local_snake=Some(1) local_team=Some(0) snake_team=None slot=0 count=3 index=1 -> #70bfe3 #5299bb
team=true local_snake=Some(1) local_team=Some(0) snake_team=None slot=0 count=3 index=2 -> #ff6b6b #b84444
team=true local_snake=Some(1) local_team=Some(0) snake_team=None slot=0 count=3 index=3 -> #ff6b6b #b84444
team=true local_snake=Some(1) local_team=Some(0) snake_team=None slot=0 count=4 index=0 -> #ff6b6b #b84444
team=true local_snake=Some(1) local_team=Some(0) snake_team=None slot=0 count=4 index=1 -> #70bfe3 #5299bb
team=true local_snake=Some(1) local_team=Some(0) snake_team=None slot=0 count=4 index=2 -> #ff6b6b #b84444
team=true local_snake=Some(1) local_team=Some(0) snake_team=None slot=0 count=4 index=3 -> #ff6b6b #b84444
team=true local_snake=Some(1) local_team=Some(0) snake_team=None slot=1 count=1 index=0 -> #e34e5b #a92f3a
team=true local_snake=Some(1) local_team=Some(0) snake_team=None slot=1 count=1 index=1 -> #3c8dde #286eae
team=true local_snake=Some(1) local_team=Some(0) snake_team=None slot=1 count=1 index=2 -> #e34e5b #a92f3a
team=true local_snake=Some(1) local_team=Some(0) snake_team=None slot=1 count=1 index=3 -> #e34e5b #a92f3a
team=true local_snake=Some(1) local_team=Some(0) snake_team=None slot=1 count=2 index=0 -> #e34e5b #a92f3a
team=true local_snake=Some(1) local_team=Some(0) snake_team=None slot=1 count=2 index=1 -> #3c8dde #286eae
team=true local_snake=Some(1) local_team=Some(0) snake_team=None slot=1 count=2 index=2 -> #e34e5b #a92f3a
team=true local_snake=Some(1) local_team=Some(0) snake_team=None slot=1 count=2 index=3 -> #e34e5b #a92f3a
team=true local_snake=Some(1) local_team=Some(0) snake_team=None slot=1 count=3 index=0 -> #e34e5b #a92f3a
team=true local_snake=Some(1) local_team=Some(0) snake_team=None slot=1 count=3 index=1 -> #3c8dde #286eae
team=true local_snake=Some(1) local_team=Some(0) snake_team=None slot=1 count=3 index=2 -> #e34e5b #a92f3a
team=true local_snake=Some(1) local_team=Some(0) snake_team=None slot=1 count=3 index=3 -> #e34e5b #a92f3a
team=true local_snake=Some(1) local_team=Some(0) snake_team=None slot=1 count=4 index=0 -> #e34e5b #a92f3a
team=true local_snake=Some(1) local_team=Some(0) snake_team=None slot=1 count=4 index=1 -> #3c8dde #286eae
team=true local_snake=Some(1) local_team=Some(0) snake_team=None slot=1 count=4 index=2 -> #e34e5b #a92f3a
team=true local_snake=Some(1) local_team=Some(0) snake_team=None slot=1 count=4 index=3 -> #e34e5b #a92f3a
team=true local_snake=Some(1) local_team=Some(0) snake_team=None slot=2 count=1 index=0 -> #ff6b6b #b84444
team=true local_snake=Some(1) local_team=Some(0) snake_team=None slot=2 count=1 index=1 -> #70bfe3 #5299bb
team=true local_snake=Some(1) local_team=Some(0) snake_team=None slot=2 count=1 index=2 -> #ff6b6b #b84444
team=true local_snake=Some(1) local_team=Some(0) snake_team=None slot=2 count=1 index=3 -> #ff6b6b #b84444
team=true local_snake=Some(1) local_team=Some(0) snake_team=None slot=2 count=2 index=0 -> #ff6b6b #b84444
team=true local_snake=Some(1) local_team=Some(0) snake_team=None slot=2 count=2 index=1 -> #70bfe3 #5299bb
team=true local_snake=Some(1) local_team=Some(0) snake_team=None slot=2 count=2 index=2 -> #ff6b6b #b84444
team=true local_snake=Some(1) local_team=Some(0) snake_team=None slot=2 count=2 index=3 -> #ff6b6b #b84444
team=true local_snake=Some(1) local_team=Some(0) snake_team=None slot=2 count=3 index=0 -> #ff6b6b #b84444
team=true local_snake=Some(1) local_team=Some(0) snake_team=None slot=2 count=3 index=1 -> #70bfe3 #5299bb
team=true local_snake=Some(1) local_team=Some(0) snake_team=None slot=2 count=3 index=2 -> #ff6b6b #b84444
team=true local_snake=Some(1) local_team=Some(0) snake_team=None slot=2 count=3 index=3 -> #ff6b6b #b84444
team=true local_snake=Some(1) local_team=Some(0) snake_team=None slot=2 count=4 index=0 -> #ff6b6b #b84444
team=true local_snake=Some(1) local_team=Some(0) snake_team=None slot=2 count=4 index=1 -> #70bfe3 #5299bb
team=true local_snake=Some(1) local_team=Some(0) snake_team=None slot=2 count=4 index=2 -> #ff6b6b #b84444
team=true local_snake=Some(1) local_team=Some(0) snake_team=None slot=2 count=4 index=3 -> #ff6b6b #b84444
team=true local_snake=Some(1) local_team=Some(0) snake_team=Some(0) slot=0 count=1 index=0 -> #70bfe3 #5299bb
team=true local_snake=Some(1) local_team=Some(0) snake_team=Some(0) slot=0 count=1 index=1 -> #70bfe3 #5299bb
team=true local_snake=Some(1) local_team=Some(0) snake_team=Some(0) slot=0 count=1 index=2 -> #70bfe3 #5299bb
team=true local_snake=Some(1) local_team=Some(0) snake_team=Some(0) slot=0 count=1 index=3 -> #70bfe3 #5299bb
team=true local_snake=Some(1) local_team=Some(0) snake_team=Some(0) slot=0 count=2 index=0 -> #70bfe3 #5299bb
team=true local_snake=Some(1) local_team=Some(0) snake_team=Some(0) slot=0 count=2 index=1 -> #70bfe3 #5299bb
team=true local_snake=Some(1) local_team=Some(0) snake_team=Some(0) slot=0 count=2 index=2 -> #70bfe3 #5299bb
team=true local_snake=Some(1) local_team=Some(0) snake_team=Some(0) slot=0 count=2 index=3 -> #70bfe3 #5299bb
team=true local_snake=Some(1) local_team=Some(0) snake_team=Some(0) slot=0 count=3 index=0 -> #70bfe3 #5299bb
team=true local_snake=Some(1) local_team=Some(0) snake_team=Some(0) slot=0 count=3 index=1 -> #70bfe3 #5299bb
team=true local_snake=Some(1) local_team=Some(0) snake_team=Some(0) slot=0 count=3 index=2 -> #70bfe3 #5299bb
team=true local_snake=Some(1) local_team=Some(0) snake_team=Some(0) slot=0 count=3 index=3 -> #70bfe3 #5299bb
team=true local_snake=Some(1) local_team=Some(0) snake_team=Some(0) slot=0 count=4 index=0 -> #70bfe3 #5299bb
team=true local_snake=Some(1) local_team=Some(0) snake_team=Some(0) slot=0 count=4 index=1 -> #70bfe3 #5299bb
team=true local_snake=Some(1) local_team=Some(0) snake_team=Some(0) slot=0 count=4 index=2 -> #70bfe3 #5299bb
team=true local_snake=Some(1) local_team=Some(0) snake_team=Some(0) slot=0 count=4 index=3 -> #70bfe3 #5299bb
team=true local_snake=Some(1) local_team=Some(0) snake_team=Some(0) slot=1 count=1 index=0 -> #3c8dde #286eae
team=true local_snake=Some(1) local_team=Some(0) snake_team=Some(0) slot=1 count=1 index=1 -> #3c8dde #286eae
team=true local_snake=Some(1) local_team=Some(0) snake_team=Some(0) slot=1 count=1 index=2 -> #3c8dde #286eae
team=true local_snake=Some(1) local_team=Some(0) snake_team=Some(0) slot=1 count=1 index=3 -> #3c8dde #286eae
team=true local_snake=Some(1) local_team=Some(0) snake_team=Some(0) slot=1 count=2 index=0 -> #3c8dde #286eae
team=true local_snake=Some(1) local_team=Some(0) snake_team=Some(0) slot=1 count=2 index=1 -> #3c8dde #286eae
team=true local_snake=Some(1) local_team=Some(0) snake_team=Some(0) slot=1 count=2 index=2 -> #3c8dde #286eae
team=true local_snake=Some(1) local_team=Some(0) snake_team=Some(0) slot=1 count=2 index=3 -> #3c8dde #286eae
team=true local_snake=Some(1) local_team=Some(0) snake_team=Some(0) slot=1 count=3 index=0 -> #3c8dde #286eae
team=true local_snake=Some(1) local_team=Some(0) snake_team=Some(0) slot=1 count=3 index=1 -> #3c8dde #286eae
team=true local_snake=Some(1) local_team=Some(0) snake_team=Some(0) slot=1 count=3 index=2 -> #3c8dde #286eae
team=true local_snake=Some(1) local_team=Some(0) snake_team=Some(0) slot=1 count=3 index=3 -> #3c8dde #286eae
team=true local_snake=Some(1) local_team=Some(0) snake_team=Some(0) slot=1 count=4 index=0 -> #3c8dde #286eae
team=true local_snake=Some(1) local_team=Some(0) snake_team=Some(0) slot=1 count=4 index=1 -> #3c8dde #286eae
team=true local_snake=Some(1) local_team=Some(0) snake_team=Some(0) slot=1 count=4 index=2 -> #3c8dde #286eae
team=true local_snake=Some(1) local_team=Some(0) snake_team=Some(0) slot=1 count=4 index=3 -> #3c8dde #286eae
team=true local_snake=Some(1) local_team=Some(0) snake_team=Some(0) slot=2 count=1 index=0 -> #70bfe3 #5299bb
team=true local_snake=Some(1) local_team=Some(0) snake_team=Some(0) slot=2 count=1 index=1 -> #70bfe3 #5299bb
team=true local_snake=Some(1) local_team=Some(0) snake_team=Some(0) slot=2 count=1 index=2 -> #70bfe3 #5299bb
team=true local_snake=Some(1) local_team=Some(0) snake_team=Some(0) slot=2 count=1 index=3 -> #70bfe3 #5299bb
team=true local_snake=Some(1) local_team=Some(0) snake_team=Some(0) slot=2 count=2 index=0 -> #70bfe3 #5299bb
team=true local_snake=Some(1) local_team=Some(0) snake_team=Some(0) slot=2 count=2 index=1 -> #70bfe3 #5299bb
team=true local_snake=Some(1) local_team=Some(0) snake_team=Some(0) slot=2 count=2 index=2 -> #70bfe3 #5299bb
team=true local_snake=Some(1) local_team=Some(0) snake_team=Some(0) slot=2 count=2 index=3 -> #70bfe3 #5299bb
team=true local_snake=Some(1) local_team=Some(0) snake_team=Some(0) slot=2 count=3 index=0 -> #70bfe3 #5299bb
team=true local_snake=Some(1) local_team=Some(0) snake_team=Some(0) slot=2 count=3 index=1 -> #70bfe3 #5299bb
team=true local_snake=Some(1) local_team=Some(0) snake_team=Some(0) slot=2 count=3 index=2 -> #70bfe3 #5299bb
team=true local_snake=Some(1) local_team=Some(0) snake_team=Some(0) slot=2 count=3 index=3 -> #70bfe3 #5299bb
team=true local_snake=Some(1) local_team=Some(0) snake_team=Some(0) slot=2 count=4 index=0 -> #70bfe3 #5299bb
team=true local_snake=Some(1) local_team=Some(0) snake_team=Some(0) slot=2 count=4 index=1 -> #70bfe3 #5299bb
team=true local_snake=Some(1) local_team=Some(0) snake_team=Some(0) slot=2 count=4 index=2 -> #70bfe3 #5299bb
team=true local_snake=Some(1) local_team=Some(0) snake_team=Some(0) slot=2 count=4 index=3 -> #70bfe3 #5299bb
team=true local_snake=Some(1) local_team=Some(0) snake_team=Some(1) slot=0 count=1 index=0 -> #ff6b6b #b84444
team=true local_snake=Some(1) local_team=Some(0) snake_team=Some(1) slot=0 count=1 index=1 -> #ff6b6b #b84444
team=true local_snake=Some(1) local_team=Some(0) snake_team=Some(1) slot=0 count=1 index=2 -> #ff6b6b #b84444
team=true local_snake=Some(1) local_team=Some(0) snake_team=Some(1) slot=0 count=1 index=3 -> #ff6b6b #b84444
team=true local_snake=Some(1) local_team=Some(0) snake_team=Some(1) slot=0 count=2 index=0 -> #ff6b6b #b84444
team=true local_snake=Some(1) local_team=Some(0) snake_team=Some(1) slot=0 count=2 index=1 -> #ff6b6b #b84444
team=true local_snake=Some(1) local_team=Some(0) snake_team=Some(1) slot=0 count=2 index=2 -> #ff6b6b #b84444
team=true local_snake=Some(1) local_team=Some(0) snake_team=Some(1) slot=0 count=2 index=3 -> #ff6b6b #b84444
team=true local_snake=Some(1) local_team=Some(0) snake_team=Some(1) slot=0 count=3 index=0 -> #ff6b6b #b84444
team=true local_snake=Some(1) local_team=Some(0) snake_team=Some(1) slot=0 count=3 index=1 -> #ff6b6b #b84444
team=true local_snake=Some(1) local_team=Some(0) snake_team=Some(1) slot=0 count=3 index=2 -> #ff6b6b #b84444
team=true local_snake=Some(1) local_team=Some(0) snake_team=Some(1) slot=0 count=3 index=3 -> #ff6b6b #b84444
team=true local_snake=Some(1) local_team=Some(0) snake_team=Some(1) slot=0 count=4 index=0 -> #ff6b6b #b84444
team=true local_snake=Some(1) local_team=Some(0) snake_team=Some(1) slot=0 count=4 index=1 -> #ff6b6b #b84444
team=true local_snake=Some(1) local_team=Some(0) snake_team=Some(1) slot=0 count=4 index=2 -> #ff6b6b #b84444
team=true local_snake=Some(1) local_team=Some(0) snake_team=Some(1) slot=0 count=4 index=3 -> #ff6b6b #b84444
team=true local_snake=Some(1) local_team=Some(0) snake_team=Some(1) slot=1 count=1 index=0 -> #e34e5b #a92f3a
team=true local_snake=Some(1) local_team=Some(0) snake_team=Some(1) slot=1 count=1 index=1 -> #e34e5b #a92f3a
team=true local_snake=Some(1) local_team=Some(0) snake_team=Some(1) slot=1 count=1 index=2 -> #e34e5b #a92f3a
team=true local_snake=Some(1) local_team=Some(0) snake_team=Some(1) slot=1 count=1 index=3 -> #e34e5b #a92f3a
team=true local_snake=Some(1) local_team=Some(0) snake_team=Some(1) slot=1 count=2 index=0 -> #e34e5b #a92f3a
team=true local_snake=Some(1) local_team=Some(0) snake_team=Some(1) slot=1 count=2 index=1 -> #e34e5b #a92f3a
team=true local_snake=Some(1) local_team=Some(0) snake_team=Some(1) slot=1 count=2 index=2 -> #e34e5b #a92f3a
team=true local_snake=Some(1) local_team=Some(0) snake_team=Some(1) slot=1 count=2 index=3 -> #e34e5b #a92f3a
team=true local_snake=Some(1) local_team=Some(0) snake_team=Some(1) slot=1 count=3 index=0 -> #e34e5b #a92f3a
team=true local_snake=Some(1) local_team=Some(0) snake_team=Some(1) slot=1 count=3 index=1 -> #e34e5b #a92f3a
team=true local_snake=Some(1) local_team=Some(0) snake_team=Some(1) slot=1 count=3 index=2 -> #e34e5b #a92f3a
team=true local_snake=Some(1) local_team=Some(0) snake_team=Some(1) slot=1 count=3 index=3 -> #e34e5b #a92f3a
team=true local_snake=Some(1) local_team=Some(0) snake_team=Some(1) slot=1 count=4 index=0 -> #e34e5b #a92f3a
team=true local_snake=Some(1) local_team=Some(0) snake_team=Some(1) slot=1 count=4 index=1 -> #e34e5b #a92f3a
team=true local_snake=Some(1) local_team=Some(0) snake_team=Some(1) slot=1 count=4 index=2 -> #e34e5b #a92f3a
team=true local_snake=Some(1) local_team=Some(0) snake_team=Some(1) slot=1 count=4 index=3 -> #e34e5b #a92f3a
team=true local_snake=Some(1) local_team=Some(0) snake_team=Some(1) slot=2 count=1 index=0 -> #ff6b6b #b84444
team=true local_snake=Some(1) local_team=Some(0) snake_team=Some(1) slot=2 count=1 index=1 -> #ff6b6b #b84444
team=true local_snake=Some(1) local_team=Some(0) snake_team=Some(1) slot=2 count=1 index=2 -> #ff6b6b #b84444
team=true local_snake=Some(1) local_team=Some(0) snake_team=Some(1) slot=2 count=1 index=3 -> #ff6b6b #b84444
team=true local_snake=Some(1) local_team=Some(0) snake_team=Some(1) slot=2 count=2 index=0 -> #ff6b6b #b84444
team=true local_snake=Some(1) local_team=Some(0) snake_team=Some(1) slot=2 count=2 index=1 -> #ff6b6b #b84444
team=true local_snake=Some(1) local_team=Some(0) snake_team=Some(1) slot=2 count=2 index=2 -> #ff6b6b #b84444
team=true local_snake=Some(1) local_team=Some(0) snake_team=Some(1) slot=2 count=2 index=3 -> #ff6b6b #b84444
team=true local_snake=Some(1) local_team=Some(0) snake_team=Some(1) slot=2 count=3 index=0 -> #ff6b6b #b84444
team=true local_snake=Some(1) local_team=Some(0) snake_team=Some(1) slot=2 count=3 index=1 -> #ff6b6b #b84444
team=true local_snake=Some(1) local_team=Some(0) snake_team=Some(1) slot=2 count=3 index=2 -> #ff6b6b #b84444
team=true local_snake=Some(1) local_team=Some(0) snake_team=Some(1) slot=2 count=3 index=3 -> #ff6b6b #b84444
team=true local_snake=Some(1) local_team=Some(0) snake_team=Some(1) slot=2 count=4 index=0 -> #ff6b6b #b84444
team=true local_snake=Some(1) local_team=Some(0) snake_team=Some(1) slot=2 count=4 index=1 -> #ff6b6b #b84444
team=true local_snake=Some(1) local_team=Some(0) snake_team=Some(1) slot=2 count=4 index=2 -> #ff6b6b #b84444
team=true local_snake=Some(1) local_team=Some(0) snake_team=Some(1) slot=2 count=4 index=3 -> #ff6b6b #b84444
team=true local_snake=Some(1) local_team=Some(1) snake_team=None slot=0 count=1 index=0 -> #ff6b6b #b84444
team=true local_snake=Some(1) local_team=Some(1) snake_team=None slot=0 count=1 index=1 -> #70bfe3 #5299bb
team=true local_snake=Some(1) local_team=Some(1) snake_team=None slot=0 count=1 index=2 -> #ff6b6b #b84444
team=true local_snake=Some(1) local_team=Some(1) snake_team=None slot=0 count=1 index=3 -> #ff6b6b #b84444
team=true local_snake=Some(1) local_team=Some(1) snake_team=None slot=0 count=2 index=0 -> #ff6b6b #b84444
team=true local_snake=Some(1) local_team=Some(1) snake_team=None slot=0 count=2 index=1 -> #70bfe3 #5299bb
team=true local_snake=Some(1) local_team=Some(1) snake_team=None slot=0 count=2 index=2 -> #ff6b6b #b84444
team=true local_snake=Some(1) local_team=Some(1) snake_team=None slot=0 count=2 index=3 -> #ff6b6b #b84444
team=true local_snake=Some(1) local_team=Some(1) snake_team=None slot=0 count=3 index=0 -> #ff6b6b #b84444
team=true local_snake=Some(1) local_team=Some(1) snake_team=None slot=0 count=3 index=1 -> #70bfe3 #5299bb
team=true local_snake=Some(1) local_team=Some(1) snake_team=None slot=0 count=3 index=2 -> #ff6b6b #b84444
team=true local_snake=Some(1) local_team=Some(1) snake_team=None slot=0 count=3 index=3 -> #ff6b6b #b84444
team=true local_snake=Some(1) local_team=Some(1) snake_team=None slot=0 count=4 index=0 -> #ff6b6b #b84444
team=true local_snake=Some(1) local_team=Some(1) snake_team=None slot=0 count=4 index=1 -> #70bfe3 #5299bb
team=true local_snake=Some(1) local_team=Some(1) snake_team=None slot=0 count=4 index=2 -> #ff6b6b #b84444
team=true local_snake=Some(1) local_team=Some(1) snake_team=None slot=0 count=4 index=3 -> #ff6b6b #b84444
team=true local_snake=Some(1) local_team=Some(1) snake_team=None slot=1 count=1 index=0 -> #e34e5b #a92f3a
team=true local_snake=Some(1) local_team=Some(1) snake_team=None slot=1 count=1 index=1 -> #3c8dde #286eae
team=true local_snake=Some(1) local_team=Some(1) snake_team=None slot=1 count=1 index=2 -> #e34e5b #a92f3a
team=true local_snake=Some(1) local_team=Some(1) snake_team=None slot=1 count=1 index=3 -> #e34e5b #a92f3a
team=true local_snake=Some(1) local_team=Some(1) snake_team=None slot=1 count=2 index=0 -> #e34e5b #a92f3a
team=true local_snake=Some(1) local_team=Some(1) snake_team=None slot=1 count=2 index=1 -> #3c8dde #286eae
team=true local_snake=Some(1) local_team=Some(1) snake_team=None slot=1 count=2 index=2 -> #e34e5b #a92f3a
team=true local_snake=Some(1) local_team=Some(1) snake_team=None slot=1 count=2 index=3 -> #e34e5b #a92f3a
team=true local_snake=Some(1) local_team=Some(1) snake_team=None slot=1 count=3 index=0 -> #e34e5b #a92f3a
team=true local_snake=Some(1) local_team=Some(1) snake_team=None slot=1 count=3 index=1 -> #3c8dde #286eae
team=true local_snake=Some(1) local_team=Some(1) snake_team=None slot=1 count=3 index=2 -> #e34e5b #a92f3a
team=true local_snake=Some(1) local_team=Some(1) snake_team=None slot=1 count=3 index=3 -> #e34e5b #a92f3a
team=true local_snake=Some(1) local_team=Some(1) snake_team=None slot=1 count=4 index=0 -> #e34e5b #a92f3a
team=true local_snake=Some(1) local_team=Some(1) snake_team=None slot=1 count=4 index=1 -> #3c8dde #286eae
team=true local_snake=Some(1) local_team=Some(1) snake_team=None slot=1 count=4 index=2 -> #e34e5b #a92f3a
team=true local_snake=Some(1) local_team=Some(1) snake_team=None slot=1 count=4 index=3 -> #e34e5b #a92f3a
team=true local_snake=Some(1) local_team=Some(1) snake_team=None slot=2 count=1 index=0 -> #ff6b6b #b84444
team=true local_snake=Some(1) local_team=Some(1) snake_team=None slot=2 count=1 index=1 -> #70bfe3 #5299bb
team=true local_snake=Some(1) local_team=Some(1) snake_team=None slot=2 count=1 index=2 -> #ff6b6b #b84444
team=true local_snake=Some(1) local_team=Some(1) snake_team=None slot=2 count=1 index=3 -> #ff6b6b #b84444
team=true local_snake=Some(1) local_team=Some(1) snake_team=None slot=2 count=2 index=0 -> #ff6b6b #b84444
team=true local_snake=Some(1) local_team=Some(1) snake_team=None slot=2 count=2 index=1 -> #70bfe3 #5299bb
team=true local_snake=Some(1) local_team=Some(1) snake_team=None slot=2 count=2 index=2 -> #ff6b6b #b84444
team=true local_snake=Some(1) local_team=Some(1) snake_team=None slot=2 count=2 index=3 -> #ff6b6b #b84444
team=true local_snake=Some(1) local_team=Some(1) snake_team=None slot=2 count=3 index=0 -> #ff6b6b #b84444
team=true local_snake=Some(1) local_team=Some(1) snake_team=None slot=2 count=3 index=1 -> #70bfe3 #5299bb
team=true local_snake=Some(1) local_team=Some(1) snake_team=None slot=2 count=3 index=2 -> #ff6b6b #b84444
team=true local_snake=Some(1) local_team=Some(1) snake_team=None slot=2 count=3 index=3 -> #ff6b6b #b84444
team=true local_snake=Some(1) local_team=Some(1) snake_team=None slot=2 count=4 index=0 -> #ff6b6b #b84444
team=true local_snake=Some(1) local_team=Some(1) snake_team=None slot=2 count=4 index=1 -> #70bfe3 #5299bb
team=true local_snake=Some(1) local_team=Some(1) snake_team=None slot=2 count=4 index=2 -> #ff6b6b #b84444
team=true local_snake=Some(1) local_team=Some(1) snake_team=None slot=2 count=4 index=3 -> #ff6b6b #b84444
team=true local_snake=Some(1) local_team=Some(1) snake_team=Some(0) slot=0 count=1 index=0 -> #ff6b6b #b84444
team=true local_snake=Some(1) local_team=Some(1) snake_team=Some(0) slot=0 count=1 index=1 -> #ff6b6b #b84444
team=true local_snake=Some(1) local_team=Some(1) snake_team=Some(0) slot=0 count=1 index=2 -> #ff6b6b #b84444
team=true local_snake=Some(1) local_team=Some(1) snake_team=Some(0) slot=0 count=1 index=3 -> #ff6b6b #b84444
team=true local_snake=Some(1) local_team=Some(1) snake_team=Some(0) slot=0 count=2 index=0 -> #ff6b6b #b84444
team=true local_snake=Some(1) local_team=Some(1) snake_team=Some(0) slot=0 count=2 index=1 -> #ff6b6b #b84444
team=true local_snake=Some(1) local_team=Some(1) snake_team=Some(0) slot=0 count=2 index=2 -> #ff6b6b #b84444
team=true local_snake=Some(1) local_team=Some(1) snake_team=Some(0) slot=0 count=2 index=3 -> #ff6b6b #b84444
team=true local_snake=Some(1) local_team=Some(1) snake_team=Some(0) slot=0 count=3 index=0 -> #ff6b6b #b84444
team=true local_snake=Some(1) local_team=Some(1) snake_team=Some(0) slot=0 count=3 index=1 -> #ff6b6b #b84444
team=true local_snake=Some(1) local_team=Some(1) snake_team=Some(0) slot=0 count=3 index=2 -> #ff6b6b #b84444
team=true local_snake=Some(1) local_team=Some(1) snake_team=Some(0) slot=0 count=3 index=3 -> #ff6b6b #b84444
team=true local_snake=Some(1) local_team=Some(1) snake_team=Some(0) slot=0 count=4 index=0 -> #ff6b6b #b84444
team=true local_snake=Some(1) local_team=Some(1) snake_team=Some(0) slot=0 count=4 index=1 -> #ff6b6b #b84444
team=true local_snake=Some(1) local_team=Some(1) snake_team=Some(0) slot=0 count=4 index=2 -> #ff6b6b #b84444
team=true local_snake=Some(1) local_team=Some(1) snake_team=Some(0) slot=0 count=4 index=3 -> #ff6b6b #b84444
team=true local_snake=Some(1) local_team=Some(1) snake_team=Some(0) slot=1 count=1 index=0 -> #e34e5b #a92f3a
team=true local_snake=Some(1) local_team=Some(1) snake_team=Some(0) slot=1 count=1 index=1 -> #e34e5b #a92f3a
team=true local_snake=Some(1) local_team=Some(1) snake_team=Some(0) slot=1 count=1 index=2 -> #e34e5b #a92f3a
team=true local_snake=Some(1) local_team=Some(1) snake_team=Some(0) slot=1 count=1 index=3 -> #e34e5b #a92f3a
team=true local_snake=Some(1) local_team=Some(1) snake_team=Some(0) slot=1 count=2 index=0 -> #e34e5b #a92f3a
team=true local_snake=Some(1) local_team=Some(1) snake_team=Some(0) slot=1 count=2 index=1 -> #e34e5b #a92f3a
team=true local_snake=Some(1) local_team=Some(1) snake_team=Some(0) slot=1 count=2 index=2 -> #e34e5b #a92f3a
team=true local_snake=Some(1) local_team=Some(1) snake_team=Some(0) slot=1 count=2 index=3 -> #e34e5b #a92f3a
team=true local_snake=Some(1) local_team=Some(1) snake_team=Some(0) slot=1 count=3 index=0 -> #e34e5b #a92f3a
team=true local_snake=Some(1) local_team=Some(1) snake_team=Some(0) slot=1 count=3 index=1 -> #e34e5b #a92f3a
team=true local_snake=Some(1) local_team=Some(1) snake_team=Some(0) slot=1 count=3 index=2 -> #e34e5b #a92f3a
team=true local_snake=Some(1) local_team=Some(1) snake_team=Some(0) slot=1 count=3 index=3 -> #e34e5b #a92f3a
team=true local_snake=Some(1) local_team=Some(1) snake_team=Some(0) slot=1 count=4 index=0 -> #e34e5b #a92f3a
team=true local_snake=Some(1) local_team=Some(1) snake_team=Some(0) slot=1 count=4 index=1 -> #e34e5b #a92f3a
team=true local_snake=Some(1) local_team=Some(1) snake_team=Some(0) slot=1 count=4 index=2 -> #e34e5b #a92f3a
team=true local_snake=Some(1) local_team=Some(1) snake_team=Some(0) slot=1 count=4 index=3 -> #e34e5b #a92f3a
team=true local_snake=Some(1) local_team=Some(1) snake_team=Some(0) slot=2 count=1 index=0 -> #ff6b6b #b84444
team=true local_snake=Some(1) local_team=Some(1) snake_team=Some(0) slot=2 count=1 index=1 -> #ff6b6b #b84444
team=true local_snake=Some(1) local_team=Some(1) snake_team=Some(0) slot=2 count=1 index=2 -> #ff6b6b #b84444
team=true local_snake=Some(1) local_team=Some(1) snake_team=Some(0) slot=2 count=1 index=3 -> #ff6b6b #b84444
team=true local_snake=Some(1) local_team=Some(1) snake_team=Some(0) slot=2 count=2 index=0 -> #ff6b6b #b84444
team=true local_snake=Some(1) local_team=Some(1) snake_team=Some(0) slot=2 count=2 index=1 -> #ff6b6b #b84444
team=true local_snake=Some(1) local_team=Some(1) snake_team=Some(0) slot=2 count=2 index=2 -> #ff6b6b #b84444
team=true local_snake=Some(1) local_team=Some(1) snake_team=Some(0) slot=2 count=2 index=3 -> #ff6b6b #b84444
team=true local_snake=Some(1) local_team=Some(1) snake_team=Some(0) slot=2 count=3 index=0 -> #ff6b6b #b84444
team=true local_snake=Some(1) local_team=Some(1) snake_team=Some(0) slot=2 count=3 index=1 -> #ff6b6b #b84444
team=true local_snake=Some(1) local_team=Some(1) snake_team=Some(0) slot=2 count=3 index=2 -> #ff6b6b #b84444
team=true local_snake=Some(1) local_team=Some(1) snake_team=Some(0) slot=2 count=3 index=3 -> #ff6b6b #b84444
team=true local_snake=Some(1) local_team=Some(1) snake_team=Some(0) slot=2 count=4 index=0 -> #ff6b6b #b84444
team=true local_snake=Some(1) local_team=Some(1) snake_team=Some(0) slot=2 count=4 index=1 -> #ff6b6b #b84444
team=true local_snake=Some(1) local_team=Some(1) snake_team=Some(0) slot=2 count=4 index=2 -> #ff6b6b #b84444
team=true local_snake=Some(1) local_team=Some(1) snake_team=Some(0) slot=2 count=4 index=3 -> #ff6b6b #b84444
team=true local_snake=Some(1) local_team=Some(1) snake_team=Some(1) slot=0 count=1 index=0 -> #70bfe3 #5299bb
team=true local_snake=Some(1) local_team=Some(1) snake_team=Some(1) slot=0 count=1 index=1 -> #70bfe3 #5299bb
team=true local_snake=Some(1) local_team=Some(1) snake_team=Some(1) slot=0 count=1 index=2 -> #70bfe3 #5299bb
team=true local_snake=Some(1) local_team=Some(1) snake_team=Some(1) slot=0 count=1 index=3 -> #70bfe3 #5299bb
team=true local_snake=Some(1) local_team=Some(1) snake_team=Some(1) slot=0 count=2 index=0 -> #70bfe3 #5299bb
team=true local_snake=Some(1) local_team=Some(1) snake_team=Some(1) slot=0 count=2 index=1 -> #70bfe3 #5299bb
team=true local_snake=Some(1) local_team=Some(1) snake_team=Some(1) slot=0 count=2 index=2 -> #70bfe3 #5299bb
team=true local_snake=Some(1) local_team=Some(1) snake_team=Some(1) slot=0 count=2 index=3 -> #70bfe3 #5299bb
team=true local_snake=Some(1) local_team=Some(1) snake_team=Some(1) slot=0 count=3 index=0 -> #70bfe3 #5299bb
team=true local_snake=Some(1) local_team=Some(1) snake_team=Some(1) slot=0 count=3 index=1 -> #70bfe3 #5299bb
team=true local_snake=Some(1) local_team=Some(1) snake_team=Some(1) slot=0 count=3 index=2 -> #70bfe3 #5299bb
team=true local_snake=Some(1) local_team=Some(1) snake_team=Some(1) slot=0 count=3 index=3 -> #70bfe3 #5299bb
team=true local_snake=Some(1) local_team=Some(1) snake_team=Some(1) slot=0 count=4 index=0 -> #70bfe3 #5299bb
team=true local_snake=Some(1) local_team=Some(1) snake_team=Some(1) slot=0 count=4 index=1 -> #70bfe3 #5299bb
team=true local_snake=Some(1) local_team=Some(1) snake_team=Some(1) slot=0 count=4 index=2 -> #70bfe3 #5299bb
team=true local_snake=Some(1) local_team=Some(1) snake_team=Some(1) slot=0 count=4 index=3 -> #70bfe3 #5299bb
team=true local_snake=Some(1) local_team=Some(1) snake_team=Some(1) slot=1 count=1 index=0 -> #3c8dde #286eae
team=true local_snake=Some(1) local_team=Some(1) snake_team=Some(1) slot=1 count=1 index=1 -> #3c8dde #286eae
team=true local_snake=Some(1) local_team=Some(1) snake_team=Some(1) slot=1 count=1 index=2 -> #3c8dde #286eae
team=true local_snake=Some(1) local_team=Some(1) snake_team=Some(1) slot=1 count=1 index=3 -> #3c8dde #286eae
team=true local_snake=Some(1) local_team=Some(1) snake_team=Some(1) slot=1 count=2 index=0 -> #3c8dde #286eae
team=true local_snake=Some(1) local_team=Some(1) snake_team=Some(1) slot=1 count=2 index=1 -> #3c8dde #286eae
team=true local_snake=Some(1) local_team=Some(1) snake_team=Some(1) slot=1 count=2 index=2 -> #3c8dde #286eae
team=true local_snake=Some(1) local_team=Some(1) snake_team=Some(1) slot=1 count=2 index=3 -> #3c8dde #286eae
team=true local_snake=Some(1) local_team=Some(1) snake_team=Some(1) slot=1 count=3 index=0 -> #3c8dde #286eae
team=true local_snake=Some(1) local_team=Some(1) snake_team=Some(1) slot=1 count=3 index=1 -> #3c8dde #286eae
team=true local_snake=Some(1) local_team=Some(1) snake_team=Some(1) slot=1 count=3 index=2 -> #3c8dde #286eae
team=true local_snake=Some(1) local_team=Some(1) snake_team=Some(1) slot=1 count=3 index=3 -> #3c8dde #286eae
team=true local_snake=Some(1) local_team=Some(1) snake_team=Some(1) slot=1 count=4 index=0 -> #3c8dde #286eae
team=true local_snake=Some(1) local_team=Some(1) snake_team=Some(1) slot=1 count=4 index=1 -> #3c8dde #286eae
team=true local_snake=Some(1) local_team=Some(1) snake_team=Some(1) slot=1 count=4 index=2 -> #3c8dde #286eae
team=true local_snake=Some(1) local_team=Some(1) snake_team=Some(1) slot=1 count=4 index=3 -> #3c8dde #286eae
team=true local_snake=Some(1) local_team=Some(1) snake_team=Some(1) slot=2 count=1 index=0 -> #70bfe3 #5299bb
team=true local_snake=Some(1) local_team=Some(1) snake_team=Some(1) slot=2 count=1 index=1 -> #70bfe3 #5299bb
team=true local_snake=Some(1) local_team=Some(1) snake_team=Some(1) slot=2 count=1 index=2 -> #70bfe3 #5299bb
team=true local_snake=Some(1) local_team=Some(1) snake_team=Some(1) slot=2 count=1 index=3 -> #70bfe3 #5299bb
team=true local_snake=Some(1) local_team=Some(1) snake_team=Some(1) slot=2 count=2 index=0 -> #70bfe3 #5299bb
team=true local_snake=Some(1) local_team=Some(1) snake_team=Some(1) slot=2 count=2 index=1 -> #70bfe3 #5299bb
team=true local_snake=Some(1) local_team=Some(1) snake_team=Some(1) slot=2 count=2 index=2 -> #70bfe3 #5299bb
team=true local_snake=Some(1) local_team=Some(1) snake_team=Some(1) slot=2 count=2 index=3 -> #70bfe3 #5299bb
team=true local_snake=Some(1) local_team=Some(1) snake_team=Some(1) slot=2 count=3 index=0 -> #70bfe3 #5299bb
team=true local_snake=Some(1) local_team=Some(1) snake_team=Some(1) slot=2 count=3 index=1 -> #70bfe3 #5299bb
team=true local_snake=Some(1) local_team=Some(1) snake_team=Some(1) slot=2 count=3 index=2 -> #70bfe3 #5299bb
team=true local_snake=Some(1) local_team=Some(1) snake_team=Some(1) slot=2 count=3 index=3 -> #70bfe3 #5299bb
team=true local_snake=Some(1) local_team=Some(1) snake_team=Some(1) slot=2 count=4 index=0 -> #70bfe3 #5299bb
team=true local_snake=Some(1) local_team=Some(1) snake_team=Some(1) slot=2 count=4 index=1 -> #70bfe3 #5299bb
team=true local_snake=Some(1) local_team=Some(1) snake_team=Some(1) slot=2 count=4 index=2 -> #70bfe3 #5299bb
team=true local_snake=Some(1) local_team=Some(1) snake_team=Some(1) slot=2 count=4 index=3 -> #70bfe3 #5299bb

## alive

# alive pose=single_cell cell=5.0 boost=false mask=none
set_fill #286eae
begin_path
arc(17.5, 17.5, 3.5, 0.0, 6.283185307179586)
fill
set_fill #3c8dde
begin_path
arc(17.5, 17.5, 2.5, 0.0, 6.283185307179586)
fill
set_fill #333
begin_path
arc(17.5, 17.5, 1.9, 0.0, 6.283185307179586)
fill

# alive pose=single_cell cell=5.0 boost=false mask=#ffffff
set_fill #286eae
begin_path
arc(17.5, 17.5, 3.5, 0.0, 6.283185307179586)
fill
set_fill #3c8dde
begin_path
arc(17.5, 17.5, 2.5, 0.0, 6.283185307179586)
fill
set_fill #333
begin_path
arc(17.5, 17.5, 1.9, 0.0, 6.283185307179586)
fill

# alive pose=single_cell cell=5.0 boost=true mask=none
set_fill #fff200
begin_path
arc(17.5, 17.5, 5.5, 0.0, 6.283185307179586)
fill
set_fill #286eae
begin_path
arc(17.5, 17.5, 3.5, 0.0, 6.283185307179586)
fill
set_fill #3c8dde
begin_path
arc(17.5, 17.5, 2.5, 0.0, 6.283185307179586)
fill
set_fill #333
begin_path
arc(17.5, 17.5, 1.9, 0.0, 6.283185307179586)
fill

# alive pose=single_cell cell=5.0 boost=true mask=#ffffff
set_fill #fff200
begin_path
arc(17.5, 17.5, 5.5, 0.0, 6.283185307179586)
fill
set_fill #286eae
begin_path
arc(17.5, 17.5, 3.5, 0.0, 6.283185307179586)
fill
set_fill #3c8dde
begin_path
arc(17.5, 17.5, 2.5, 0.0, 6.283185307179586)
fill
set_fill #333
begin_path
arc(17.5, 17.5, 1.9, 0.0, 6.283185307179586)
fill

# alive pose=single_cell cell=10.0 boost=false mask=none
set_fill #286eae
begin_path
arc(35.0, 35.0, 6.0, 0.0, 6.283185307179586)
fill
set_fill #3c8dde
begin_path
arc(35.0, 35.0, 5.0, 0.0, 6.283185307179586)
fill
set_fill #333
begin_path
arc(35.0, 35.0, 3.8, 0.0, 6.283185307179586)
fill

# alive pose=single_cell cell=10.0 boost=false mask=#ffffff
set_fill #286eae
begin_path
arc(35.0, 35.0, 6.0, 0.0, 6.283185307179586)
fill
set_fill #3c8dde
begin_path
arc(35.0, 35.0, 5.0, 0.0, 6.283185307179586)
fill
set_fill #333
begin_path
arc(35.0, 35.0, 3.8, 0.0, 6.283185307179586)
fill

# alive pose=single_cell cell=10.0 boost=true mask=none
set_fill #fff200
begin_path
arc(35.0, 35.0, 8.0, 0.0, 6.283185307179586)
fill
set_fill #286eae
begin_path
arc(35.0, 35.0, 6.0, 0.0, 6.283185307179586)
fill
set_fill #3c8dde
begin_path
arc(35.0, 35.0, 5.0, 0.0, 6.283185307179586)
fill
set_fill #333
begin_path
arc(35.0, 35.0, 3.8, 0.0, 6.283185307179586)
fill

# alive pose=single_cell cell=10.0 boost=true mask=#ffffff
set_fill #fff200
begin_path
arc(35.0, 35.0, 8.0, 0.0, 6.283185307179586)
fill
set_fill #286eae
begin_path
arc(35.0, 35.0, 6.0, 0.0, 6.283185307179586)
fill
set_fill #3c8dde
begin_path
arc(35.0, 35.0, 5.0, 0.0, 6.283185307179586)
fill
set_fill #333
begin_path
arc(35.0, 35.0, 3.8, 0.0, 6.283185307179586)
fill

# alive pose=single_cell cell=15.0 boost=false mask=none
set_fill #286eae
begin_path
arc(52.5, 52.5, 8.5, 0.0, 6.283185307179586)
fill
set_fill #3c8dde
begin_path
arc(52.5, 52.5, 7.5, 0.0, 6.283185307179586)
fill
set_fill #333
begin_path
arc(52.5, 52.5, 5.7, 0.0, 6.283185307179586)
fill

# alive pose=single_cell cell=15.0 boost=false mask=#ffffff
set_fill #286eae
begin_path
arc(52.5, 52.5, 8.5, 0.0, 6.283185307179586)
fill
set_fill #3c8dde
begin_path
arc(52.5, 52.5, 7.5, 0.0, 6.283185307179586)
fill
set_fill #333
begin_path
arc(52.5, 52.5, 5.7, 0.0, 6.283185307179586)
fill

# alive pose=single_cell cell=15.0 boost=true mask=none
set_fill #fff200
begin_path
arc(52.5, 52.5, 10.5, 0.0, 6.283185307179586)
fill
set_fill #286eae
begin_path
arc(52.5, 52.5, 8.5, 0.0, 6.283185307179586)
fill
set_fill #3c8dde
begin_path
arc(52.5, 52.5, 7.5, 0.0, 6.283185307179586)
fill
set_fill #333
begin_path
arc(52.5, 52.5, 5.7, 0.0, 6.283185307179586)
fill

# alive pose=single_cell cell=15.0 boost=true mask=#ffffff
set_fill #fff200
begin_path
arc(52.5, 52.5, 10.5, 0.0, 6.283185307179586)
fill
set_fill #286eae
begin_path
arc(52.5, 52.5, 8.5, 0.0, 6.283185307179586)
fill
set_fill #3c8dde
begin_path
arc(52.5, 52.5, 7.5, 0.0, 6.283185307179586)
fill
set_fill #333
begin_path
arc(52.5, 52.5, 5.7, 0.0, 6.283185307179586)
fill

# alive pose=two_cell cell=5.0 boost=false mask=none
set_stroke #286eae
set_line_width(7.0)
set_line_cap round
begin_path
move_to(17.5, 22.5)
line_to(22.5, 22.5)
stroke
set_fill #286eae
set_stroke #3c8dde
set_fill #3c8dde
set_line_width(5.0)
set_line_cap round
begin_path
move_to(17.5, 22.5)
line_to(22.5, 22.5)
stroke
set_fill #3c8dde
begin_path
arc(17.5, 22.5, 2.5, 0.0, 6.283185307179586)
fill
set_fill rgba(255, 255, 255, 0.3)
fill_rect(20.0, 20.0, 5.0, 5.0)
set_fill rgba(255, 255, 255, 0.27)
fill_rect(15.0, 20.0, 5.0, 5.0)
set_fill #3c8dde
begin_path
arc(22.5, 22.5, 2.5, 0.0, 6.283185307179586)
fill
set_fill rgba(255, 255, 255, 0.3)
begin_path
arc(22.5, 22.5, 2.5, 0.0, 6.283185307179586)
fill
set_fill #333
begin_path
arc(22.5, 22.5, 1.9, 0.0, 6.283185307179586)
fill

# alive pose=two_cell cell=5.0 boost=false mask=#ffffff
set_fill #ffffff
fill_rect(14.0, 19.0, 12.0, 7.0)
fill_rect(19.0, 19.0, 7.0, 7.0)
fill_rect(14.0, 19.0, 7.0, 7.0)
set_stroke #286eae
set_line_width(7.0)
set_line_cap round
begin_path
move_to(17.5, 22.5)
line_to(22.5, 22.5)
stroke
set_fill #286eae
set_stroke #3c8dde
set_fill #3c8dde
set_line_width(5.0)
set_line_cap round
begin_path
move_to(17.5, 22.5)
line_to(22.5, 22.5)
stroke
set_fill #3c8dde
begin_path
arc(17.5, 22.5, 2.5, 0.0, 6.283185307179586)
fill
set_fill rgba(255, 255, 255, 0.3)
fill_rect(20.0, 20.0, 5.0, 5.0)
set_fill rgba(255, 255, 255, 0.27)
fill_rect(15.0, 20.0, 5.0, 5.0)
set_fill #3c8dde
begin_path
arc(22.5, 22.5, 2.5, 0.0, 6.283185307179586)
fill
set_fill rgba(255, 255, 255, 0.3)
begin_path
arc(22.5, 22.5, 2.5, 0.0, 6.283185307179586)
fill
set_fill #333
begin_path
arc(22.5, 22.5, 1.9, 0.0, 6.283185307179586)
fill

# alive pose=two_cell cell=5.0 boost=true mask=none
set_stroke #fff200
set_line_width(11.0)
set_line_cap round
begin_path
move_to(17.5, 22.5)
line_to(22.5, 22.5)
stroke
set_fill #fff200
set_stroke #286eae
set_line_width(7.0)
set_line_cap round
begin_path
move_to(17.5, 22.5)
line_to(22.5, 22.5)
stroke
set_fill #286eae
set_stroke #3c8dde
set_fill #3c8dde
set_line_width(5.0)
set_line_cap round
begin_path
move_to(17.5, 22.5)
line_to(22.5, 22.5)
stroke
set_fill #3c8dde
begin_path
arc(17.5, 22.5, 2.5, 0.0, 6.283185307179586)
fill
set_fill rgba(255, 255, 255, 0.3)
fill_rect(20.0, 20.0, 5.0, 5.0)
set_fill rgba(255, 255, 255, 0.27)
fill_rect(15.0, 20.0, 5.0, 5.0)
set_fill #3c8dde
begin_path
arc(22.5, 22.5, 2.5, 0.0, 6.283185307179586)
fill
set_fill rgba(255, 255, 255, 0.3)
begin_path
arc(22.5, 22.5, 2.5, 0.0, 6.283185307179586)
fill
set_fill #333
begin_path
arc(22.5, 22.5, 1.9, 0.0, 6.283185307179586)
fill

# alive pose=two_cell cell=5.0 boost=true mask=#ffffff
set_fill #ffffff
fill_rect(12.0, 17.0, 16.0, 11.0)
fill_rect(17.0, 17.0, 11.0, 11.0)
fill_rect(12.0, 17.0, 11.0, 11.0)
set_stroke #fff200
set_line_width(11.0)
set_line_cap round
begin_path
move_to(17.5, 22.5)
line_to(22.5, 22.5)
stroke
set_fill #fff200
set_stroke #286eae
set_line_width(7.0)
set_line_cap round
begin_path
move_to(17.5, 22.5)
line_to(22.5, 22.5)
stroke
set_fill #286eae
set_stroke #3c8dde
set_fill #3c8dde
set_line_width(5.0)
set_line_cap round
begin_path
move_to(17.5, 22.5)
line_to(22.5, 22.5)
stroke
set_fill #3c8dde
begin_path
arc(17.5, 22.5, 2.5, 0.0, 6.283185307179586)
fill
set_fill rgba(255, 255, 255, 0.3)
fill_rect(20.0, 20.0, 5.0, 5.0)
set_fill rgba(255, 255, 255, 0.27)
fill_rect(15.0, 20.0, 5.0, 5.0)
set_fill #3c8dde
begin_path
arc(22.5, 22.5, 2.5, 0.0, 6.283185307179586)
fill
set_fill rgba(255, 255, 255, 0.3)
begin_path
arc(22.5, 22.5, 2.5, 0.0, 6.283185307179586)
fill
set_fill #333
begin_path
arc(22.5, 22.5, 1.9, 0.0, 6.283185307179586)
fill

# alive pose=two_cell cell=10.0 boost=false mask=none
set_stroke #286eae
set_line_width(12.0)
set_line_cap round
begin_path
move_to(35.0, 45.0)
line_to(45.0, 45.0)
stroke
set_fill #286eae
set_stroke #3c8dde
set_fill #3c8dde
set_line_width(10.0)
set_line_cap round
begin_path
move_to(35.0, 45.0)
line_to(45.0, 45.0)
stroke
set_fill #3c8dde
begin_path
arc(35.0, 45.0, 5.0, 0.0, 6.283185307179586)
fill
set_fill rgba(255, 255, 255, 0.3)
fill_rect(40.0, 40.0, 10.0, 10.0)
set_fill rgba(255, 255, 255, 0.27)
fill_rect(30.0, 40.0, 10.0, 10.0)
set_fill #3c8dde
begin_path
arc(45.0, 45.0, 5.0, 0.0, 6.283185307179586)
fill
set_fill rgba(255, 255, 255, 0.3)
begin_path
arc(45.0, 45.0, 5.0, 0.0, 6.283185307179586)
fill
set_fill #333
begin_path
arc(45.0, 45.0, 3.8, 0.0, 6.283185307179586)
fill

# alive pose=two_cell cell=10.0 boost=false mask=#ffffff
set_fill #ffffff
fill_rect(29.0, 39.0, 22.0, 12.0)
fill_rect(39.0, 39.0, 12.0, 12.0)
fill_rect(29.0, 39.0, 12.0, 12.0)
set_stroke #286eae
set_line_width(12.0)
set_line_cap round
begin_path
move_to(35.0, 45.0)
line_to(45.0, 45.0)
stroke
set_fill #286eae
set_stroke #3c8dde
set_fill #3c8dde
set_line_width(10.0)
set_line_cap round
begin_path
move_to(35.0, 45.0)
line_to(45.0, 45.0)
stroke
set_fill #3c8dde
begin_path
arc(35.0, 45.0, 5.0, 0.0, 6.283185307179586)
fill
set_fill rgba(255, 255, 255, 0.3)
fill_rect(40.0, 40.0, 10.0, 10.0)
set_fill rgba(255, 255, 255, 0.27)
fill_rect(30.0, 40.0, 10.0, 10.0)
set_fill #3c8dde
begin_path
arc(45.0, 45.0, 5.0, 0.0, 6.283185307179586)
fill
set_fill rgba(255, 255, 255, 0.3)
begin_path
arc(45.0, 45.0, 5.0, 0.0, 6.283185307179586)
fill
set_fill #333
begin_path
arc(45.0, 45.0, 3.8, 0.0, 6.283185307179586)
fill

# alive pose=two_cell cell=10.0 boost=true mask=none
set_stroke #fff200
set_line_width(16.0)
set_line_cap round
begin_path
move_to(35.0, 45.0)
line_to(45.0, 45.0)
stroke
set_fill #fff200
set_stroke #286eae
set_line_width(12.0)
set_line_cap round
begin_path
move_to(35.0, 45.0)
line_to(45.0, 45.0)
stroke
set_fill #286eae
set_stroke #3c8dde
set_fill #3c8dde
set_line_width(10.0)
set_line_cap round
begin_path
move_to(35.0, 45.0)
line_to(45.0, 45.0)
stroke
set_fill #3c8dde
begin_path
arc(35.0, 45.0, 5.0, 0.0, 6.283185307179586)
fill
set_fill rgba(255, 255, 255, 0.3)
fill_rect(40.0, 40.0, 10.0, 10.0)
set_fill rgba(255, 255, 255, 0.27)
fill_rect(30.0, 40.0, 10.0, 10.0)
set_fill #3c8dde
begin_path
arc(45.0, 45.0, 5.0, 0.0, 6.283185307179586)
fill
set_fill rgba(255, 255, 255, 0.3)
begin_path
arc(45.0, 45.0, 5.0, 0.0, 6.283185307179586)
fill
set_fill #333
begin_path
arc(45.0, 45.0, 3.8, 0.0, 6.283185307179586)
fill

# alive pose=two_cell cell=10.0 boost=true mask=#ffffff
set_fill #ffffff
fill_rect(27.0, 37.0, 26.0, 16.0)
fill_rect(37.0, 37.0, 16.0, 16.0)
fill_rect(27.0, 37.0, 16.0, 16.0)
set_stroke #fff200
set_line_width(16.0)
set_line_cap round
begin_path
move_to(35.0, 45.0)
line_to(45.0, 45.0)
stroke
set_fill #fff200
set_stroke #286eae
set_line_width(12.0)
set_line_cap round
begin_path
move_to(35.0, 45.0)
line_to(45.0, 45.0)
stroke
set_fill #286eae
set_stroke #3c8dde
set_fill #3c8dde
set_line_width(10.0)
set_line_cap round
begin_path
move_to(35.0, 45.0)
line_to(45.0, 45.0)
stroke
set_fill #3c8dde
begin_path
arc(35.0, 45.0, 5.0, 0.0, 6.283185307179586)
fill
set_fill rgba(255, 255, 255, 0.3)
fill_rect(40.0, 40.0, 10.0, 10.0)
set_fill rgba(255, 255, 255, 0.27)
fill_rect(30.0, 40.0, 10.0, 10.0)
set_fill #3c8dde
begin_path
arc(45.0, 45.0, 5.0, 0.0, 6.283185307179586)
fill
set_fill rgba(255, 255, 255, 0.3)
begin_path
arc(45.0, 45.0, 5.0, 0.0, 6.283185307179586)
fill
set_fill #333
begin_path
arc(45.0, 45.0, 3.8, 0.0, 6.283185307179586)
fill

# alive pose=two_cell cell=15.0 boost=false mask=none
set_stroke #286eae
set_line_width(17.0)
set_line_cap round
begin_path
move_to(52.5, 67.5)
line_to(67.5, 67.5)
stroke
set_fill #286eae
set_stroke #3c8dde
set_fill #3c8dde
set_line_width(15.0)
set_line_cap round
begin_path
move_to(52.5, 67.5)
line_to(67.5, 67.5)
stroke
set_fill #3c8dde
begin_path
arc(52.5, 67.5, 7.5, 0.0, 6.283185307179586)
fill
set_fill rgba(255, 255, 255, 0.3)
fill_rect(60.0, 60.0, 15.0, 15.0)
set_fill rgba(255, 255, 255, 0.27)
fill_rect(45.0, 60.0, 15.0, 15.0)
set_fill #3c8dde
begin_path
arc(67.5, 67.5, 7.5, 0.0, 6.283185307179586)
fill
set_fill rgba(255, 255, 255, 0.3)
begin_path
arc(67.5, 67.5, 7.5, 0.0, 6.283185307179586)
fill
set_fill #333
begin_path
arc(67.5, 67.5, 5.7, 0.0, 6.283185307179586)
fill

# alive pose=two_cell cell=15.0 boost=false mask=#ffffff
set_fill #ffffff
fill_rect(44.0, 59.0, 32.0, 17.0)
fill_rect(59.0, 59.0, 17.0, 17.0)
fill_rect(44.0, 59.0, 17.0, 17.0)
set_stroke #286eae
set_line_width(17.0)
set_line_cap round
begin_path
move_to(52.5, 67.5)
line_to(67.5, 67.5)
stroke
set_fill #286eae
set_stroke #3c8dde
set_fill #3c8dde
set_line_width(15.0)
set_line_cap round
begin_path
move_to(52.5, 67.5)
line_to(67.5, 67.5)
stroke
set_fill #3c8dde
begin_path
arc(52.5, 67.5, 7.5, 0.0, 6.283185307179586)
fill
set_fill rgba(255, 255, 255, 0.3)
fill_rect(60.0, 60.0, 15.0, 15.0)
set_fill rgba(255, 255, 255, 0.27)
fill_rect(45.0, 60.0, 15.0, 15.0)
set_fill #3c8dde
begin_path
arc(67.5, 67.5, 7.5, 0.0, 6.283185307179586)
fill
set_fill rgba(255, 255, 255, 0.3)
begin_path
arc(67.5, 67.5, 7.5, 0.0, 6.283185307179586)
fill
set_fill #333
begin_path
arc(67.5, 67.5, 5.7, 0.0, 6.283185307179586)
fill

# alive pose=two_cell cell=15.0 boost=true mask=none
set_stroke #fff200
set_line_width(21.0)
set_line_cap round
begin_path
move_to(52.5, 67.5)
line_to(67.5, 67.5)
stroke
set_fill #fff200
set_stroke #286eae
set_line_width(17.0)
set_line_cap round
begin_path
move_to(52.5, 67.5)
line_to(67.5, 67.5)
stroke
set_fill #286eae
set_stroke #3c8dde
set_fill #3c8dde
set_line_width(15.0)
set_line_cap round
begin_path
move_to(52.5, 67.5)
line_to(67.5, 67.5)
stroke
set_fill #3c8dde
begin_path
arc(52.5, 67.5, 7.5, 0.0, 6.283185307179586)
fill
set_fill rgba(255, 255, 255, 0.3)
fill_rect(60.0, 60.0, 15.0, 15.0)
set_fill rgba(255, 255, 255, 0.27)
fill_rect(45.0, 60.0, 15.0, 15.0)
set_fill #3c8dde
begin_path
arc(67.5, 67.5, 7.5, 0.0, 6.283185307179586)
fill
set_fill rgba(255, 255, 255, 0.3)
begin_path
arc(67.5, 67.5, 7.5, 0.0, 6.283185307179586)
fill
set_fill #333
begin_path
arc(67.5, 67.5, 5.7, 0.0, 6.283185307179586)
fill

# alive pose=two_cell cell=15.0 boost=true mask=#ffffff
set_fill #ffffff
fill_rect(42.0, 57.0, 36.0, 21.0)
fill_rect(57.0, 57.0, 21.0, 21.0)
fill_rect(42.0, 57.0, 21.0, 21.0)
set_stroke #fff200
set_line_width(21.0)
set_line_cap round
begin_path
move_to(52.5, 67.5)
line_to(67.5, 67.5)
stroke
set_fill #fff200
set_stroke #286eae
set_line_width(17.0)
set_line_cap round
begin_path
move_to(52.5, 67.5)
line_to(67.5, 67.5)
stroke
set_fill #286eae
set_stroke #3c8dde
set_fill #3c8dde
set_line_width(15.0)
set_line_cap round
begin_path
move_to(52.5, 67.5)
line_to(67.5, 67.5)
stroke
set_fill #3c8dde
begin_path
arc(52.5, 67.5, 7.5, 0.0, 6.283185307179586)
fill
set_fill rgba(255, 255, 255, 0.3)
fill_rect(60.0, 60.0, 15.0, 15.0)
set_fill rgba(255, 255, 255, 0.27)
fill_rect(45.0, 60.0, 15.0, 15.0)
set_fill #3c8dde
begin_path
arc(67.5, 67.5, 7.5, 0.0, 6.283185307179586)
fill
set_fill rgba(255, 255, 255, 0.3)
begin_path
arc(67.5, 67.5, 7.5, 0.0, 6.283185307179586)
fill
set_fill #333
begin_path
arc(67.5, 67.5, 5.7, 0.0, 6.283185307179586)
fill

# alive pose=straight_horizontal cell=5.0 boost=false mask=none
set_stroke #286eae
set_line_width(7.0)
set_line_cap round
begin_path
move_to(17.5, 17.5)
line_to(42.5, 17.5)
stroke
set_fill #286eae
set_stroke #3c8dde
set_fill #3c8dde
set_line_width(5.0)
set_line_cap round
begin_path
move_to(17.5, 17.5)
line_to(42.5, 17.5)
stroke
set_fill #3c8dde
begin_path
arc(17.5, 17.5, 2.5, 0.0, 6.283185307179586)
fill
set_fill rgba(255, 255, 255, 0.3)
fill_rect(40.0, 15.0, 5.0, 5.0)
set_fill rgba(255, 255, 255, 0.27)
fill_rect(35.0, 15.0, 5.0, 5.0)
set_fill rgba(255, 255, 255, 0.24)
fill_rect(30.0, 15.0, 5.0, 5.0)
set_fill rgba(255, 255, 255, 0.21)
fill_rect(25.0, 15.0, 5.0, 5.0)
set_fill rgba(255, 255, 255, 0.18)
fill_rect(20.0, 15.0, 5.0, 5.0)
set_fill rgba(255, 255, 255, 0.15)
fill_rect(15.0, 15.0, 5.0, 5.0)
set_fill #3c8dde
begin_path
arc(42.5, 17.5, 2.5, 0.0, 6.283185307179586)
fill
set_fill rgba(255, 255, 255, 0.3)
begin_path
arc(42.5, 17.5, 2.5, 0.0, 6.283185307179586)
fill
set_fill #333
begin_path
arc(42.5, 17.5, 1.9, 0.0, 6.283185307179586)
fill

# alive pose=straight_horizontal cell=5.0 boost=false mask=#ffffff
set_fill #ffffff
fill_rect(14.0, 14.0, 32.0, 7.0)
fill_rect(39.0, 14.0, 7.0, 7.0)
fill_rect(14.0, 14.0, 7.0, 7.0)
set_stroke #286eae
set_line_width(7.0)
set_line_cap round
begin_path
move_to(17.5, 17.5)
line_to(42.5, 17.5)
stroke
set_fill #286eae
set_stroke #3c8dde
set_fill #3c8dde
set_line_width(5.0)
set_line_cap round
begin_path
move_to(17.5, 17.5)
line_to(42.5, 17.5)
stroke
set_fill #3c8dde
begin_path
arc(17.5, 17.5, 2.5, 0.0, 6.283185307179586)
fill
set_fill rgba(255, 255, 255, 0.3)
fill_rect(40.0, 15.0, 5.0, 5.0)
set_fill rgba(255, 255, 255, 0.27)
fill_rect(35.0, 15.0, 5.0, 5.0)
set_fill rgba(255, 255, 255, 0.24)
fill_rect(30.0, 15.0, 5.0, 5.0)
set_fill rgba(255, 255, 255, 0.21)
fill_rect(25.0, 15.0, 5.0, 5.0)
set_fill rgba(255, 255, 255, 0.18)
fill_rect(20.0, 15.0, 5.0, 5.0)
set_fill rgba(255, 255, 255, 0.15)
fill_rect(15.0, 15.0, 5.0, 5.0)
set_fill #3c8dde
begin_path
arc(42.5, 17.5, 2.5, 0.0, 6.283185307179586)
fill
set_fill rgba(255, 255, 255, 0.3)
begin_path
arc(42.5, 17.5, 2.5, 0.0, 6.283185307179586)
fill
set_fill #333
begin_path
arc(42.5, 17.5, 1.9, 0.0, 6.283185307179586)
fill

# alive pose=straight_horizontal cell=5.0 boost=true mask=none
set_stroke #fff200
set_line_width(11.0)
set_line_cap round
begin_path
move_to(17.5, 17.5)
line_to(42.5, 17.5)
stroke
set_fill #fff200
set_stroke #286eae
set_line_width(7.0)
set_line_cap round
begin_path
move_to(17.5, 17.5)
line_to(42.5, 17.5)
stroke
set_fill #286eae
set_stroke #3c8dde
set_fill #3c8dde
set_line_width(5.0)
set_line_cap round
begin_path
move_to(17.5, 17.5)
line_to(42.5, 17.5)
stroke
set_fill #3c8dde
begin_path
arc(17.5, 17.5, 2.5, 0.0, 6.283185307179586)
fill
set_fill rgba(255, 255, 255, 0.3)
fill_rect(40.0, 15.0, 5.0, 5.0)
set_fill rgba(255, 255, 255, 0.27)
fill_rect(35.0, 15.0, 5.0, 5.0)
set_fill rgba(255, 255, 255, 0.24)
fill_rect(30.0, 15.0, 5.0, 5.0)
set_fill rgba(255, 255, 255, 0.21)
fill_rect(25.0, 15.0, 5.0, 5.0)
set_fill rgba(255, 255, 255, 0.18)
fill_rect(20.0, 15.0, 5.0, 5.0)
set_fill rgba(255, 255, 255, 0.15)
fill_rect(15.0, 15.0, 5.0, 5.0)
set_fill #3c8dde
begin_path
arc(42.5, 17.5, 2.5, 0.0, 6.283185307179586)
fill
set_fill rgba(255, 255, 255, 0.3)
begin_path
arc(42.5, 17.5, 2.5, 0.0, 6.283185307179586)
fill
set_fill #333
begin_path
arc(42.5, 17.5, 1.9, 0.0, 6.283185307179586)
fill

# alive pose=straight_horizontal cell=5.0 boost=true mask=#ffffff
set_fill #ffffff
fill_rect(12.0, 12.0, 36.0, 11.0)
fill_rect(37.0, 12.0, 11.0, 11.0)
fill_rect(12.0, 12.0, 11.0, 11.0)
set_stroke #fff200
set_line_width(11.0)
set_line_cap round
begin_path
move_to(17.5, 17.5)
line_to(42.5, 17.5)
stroke
set_fill #fff200
set_stroke #286eae
set_line_width(7.0)
set_line_cap round
begin_path
move_to(17.5, 17.5)
line_to(42.5, 17.5)
stroke
set_fill #286eae
set_stroke #3c8dde
set_fill #3c8dde
set_line_width(5.0)
set_line_cap round
begin_path
move_to(17.5, 17.5)
line_to(42.5, 17.5)
stroke
set_fill #3c8dde
begin_path
arc(17.5, 17.5, 2.5, 0.0, 6.283185307179586)
fill
set_fill rgba(255, 255, 255, 0.3)
fill_rect(40.0, 15.0, 5.0, 5.0)
set_fill rgba(255, 255, 255, 0.27)
fill_rect(35.0, 15.0, 5.0, 5.0)
set_fill rgba(255, 255, 255, 0.24)
fill_rect(30.0, 15.0, 5.0, 5.0)
set_fill rgba(255, 255, 255, 0.21)
fill_rect(25.0, 15.0, 5.0, 5.0)
set_fill rgba(255, 255, 255, 0.18)
fill_rect(20.0, 15.0, 5.0, 5.0)
set_fill rgba(255, 255, 255, 0.15)
fill_rect(15.0, 15.0, 5.0, 5.0)
set_fill #3c8dde
begin_path
arc(42.5, 17.5, 2.5, 0.0, 6.283185307179586)
fill
set_fill rgba(255, 255, 255, 0.3)
begin_path
arc(42.5, 17.5, 2.5, 0.0, 6.283185307179586)
fill
set_fill #333
begin_path
arc(42.5, 17.5, 1.9, 0.0, 6.283185307179586)
fill

# alive pose=straight_horizontal cell=10.0 boost=false mask=none
set_stroke #286eae
set_line_width(12.0)
set_line_cap round
begin_path
move_to(35.0, 35.0)
line_to(85.0, 35.0)
stroke
set_fill #286eae
set_stroke #3c8dde
set_fill #3c8dde
set_line_width(10.0)
set_line_cap round
begin_path
move_to(35.0, 35.0)
line_to(85.0, 35.0)
stroke
set_fill #3c8dde
begin_path
arc(35.0, 35.0, 5.0, 0.0, 6.283185307179586)
fill
set_fill rgba(255, 255, 255, 0.3)
fill_rect(80.0, 30.0, 10.0, 10.0)
set_fill rgba(255, 255, 255, 0.27)
fill_rect(70.0, 30.0, 10.0, 10.0)
set_fill rgba(255, 255, 255, 0.24)
fill_rect(60.0, 30.0, 10.0, 10.0)
set_fill rgba(255, 255, 255, 0.21)
fill_rect(50.0, 30.0, 10.0, 10.0)
set_fill rgba(255, 255, 255, 0.18)
fill_rect(40.0, 30.0, 10.0, 10.0)
set_fill rgba(255, 255, 255, 0.15)
fill_rect(30.0, 30.0, 10.0, 10.0)
set_fill #3c8dde
begin_path
arc(85.0, 35.0, 5.0, 0.0, 6.283185307179586)
fill
set_fill rgba(255, 255, 255, 0.3)
begin_path
arc(85.0, 35.0, 5.0, 0.0, 6.283185307179586)
fill
set_fill #333
begin_path
arc(85.0, 35.0, 3.8, 0.0, 6.283185307179586)
fill

# alive pose=straight_horizontal cell=10.0 boost=false mask=#ffffff
set_fill #ffffff
fill_rect(29.0, 29.0, 62.0, 12.0)
fill_rect(79.0, 29.0, 12.0, 12.0)
fill_rect(29.0, 29.0, 12.0, 12.0)
set_stroke #286eae
set_line_width(12.0)
set_line_cap round
begin_path
move_to(35.0, 35.0)
line_to(85.0, 35.0)
stroke
set_fill #286eae
set_stroke #3c8dde
set_fill #3c8dde
set_line_width(10.0)
set_line_cap round
begin_path
move_to(35.0, 35.0)
line_to(85.0, 35.0)
stroke
set_fill #3c8dde
begin_path
arc(35.0, 35.0, 5.0, 0.0, 6.283185307179586)
fill
set_fill rgba(255, 255, 255, 0.3)
fill_rect(80.0, 30.0, 10.0, 10.0)
set_fill rgba(255, 255, 255, 0.27)
fill_rect(70.0, 30.0, 10.0, 10.0)
set_fill rgba(255, 255, 255, 0.24)
fill_rect(60.0, 30.0, 10.0, 10.0)
set_fill rgba(255, 255, 255, 0.21)
fill_rect(50.0, 30.0, 10.0, 10.0)
set_fill rgba(255, 255, 255, 0.18)
fill_rect(40.0, 30.0, 10.0, 10.0)
set_fill rgba(255, 255, 255, 0.15)
fill_rect(30.0, 30.0, 10.0, 10.0)
set_fill #3c8dde
begin_path
arc(85.0, 35.0, 5.0, 0.0, 6.283185307179586)
fill
set_fill rgba(255, 255, 255, 0.3)
begin_path
arc(85.0, 35.0, 5.0, 0.0, 6.283185307179586)
fill
set_fill #333
begin_path
arc(85.0, 35.0, 3.8, 0.0, 6.283185307179586)
fill

# alive pose=straight_horizontal cell=10.0 boost=true mask=none
set_stroke #fff200
set_line_width(16.0)
set_line_cap round
begin_path
move_to(35.0, 35.0)
line_to(85.0, 35.0)
stroke
set_fill #fff200
set_stroke #286eae
set_line_width(12.0)
set_line_cap round
begin_path
move_to(35.0, 35.0)
line_to(85.0, 35.0)
stroke
set_fill #286eae
set_stroke #3c8dde
set_fill #3c8dde
set_line_width(10.0)
set_line_cap round
begin_path
move_to(35.0, 35.0)
line_to(85.0, 35.0)
stroke
set_fill #3c8dde
begin_path
arc(35.0, 35.0, 5.0, 0.0, 6.283185307179586)
fill
set_fill rgba(255, 255, 255, 0.3)
fill_rect(80.0, 30.0, 10.0, 10.0)
set_fill rgba(255, 255, 255, 0.27)
fill_rect(70.0, 30.0, 10.0, 10.0)
set_fill rgba(255, 255, 255, 0.24)
fill_rect(60.0, 30.0, 10.0, 10.0)
set_fill rgba(255, 255, 255, 0.21)
fill_rect(50.0, 30.0, 10.0, 10.0)
set_fill rgba(255, 255, 255, 0.18)
fill_rect(40.0, 30.0, 10.0, 10.0)
set_fill rgba(255, 255, 255, 0.15)
fill_rect(30.0, 30.0, 10.0, 10.0)
set_fill #3c8dde
begin_path
arc(85.0, 35.0, 5.0, 0.0, 6.283185307179586)
fill
set_fill rgba(255, 255, 255, 0.3)
begin_path
arc(85.0, 35.0, 5.0, 0.0, 6.283185307179586)
fill
set_fill #333
begin_path
arc(85.0, 35.0, 3.8, 0.0, 6.283185307179586)
fill

# alive pose=straight_horizontal cell=10.0 boost=true mask=#ffffff
set_fill #ffffff
fill_rect(27.0, 27.0, 66.0, 16.0)
fill_rect(77.0, 27.0, 16.0, 16.0)
fill_rect(27.0, 27.0, 16.0, 16.0)
set_stroke #fff200
set_line_width(16.0)
set_line_cap round
begin_path
move_to(35.0, 35.0)
line_to(85.0, 35.0)
stroke
set_fill #fff200
set_stroke #286eae
set_line_width(12.0)
set_line_cap round
begin_path
move_to(35.0, 35.0)
line_to(85.0, 35.0)
stroke
set_fill #286eae
set_stroke #3c8dde
set_fill #3c8dde
set_line_width(10.0)
set_line_cap round
begin_path
move_to(35.0, 35.0)
line_to(85.0, 35.0)
stroke
set_fill #3c8dde
begin_path
arc(35.0, 35.0, 5.0, 0.0, 6.283185307179586)
fill
set_fill rgba(255, 255, 255, 0.3)
fill_rect(80.0, 30.0, 10.0, 10.0)
set_fill rgba(255, 255, 255, 0.27)
fill_rect(70.0, 30.0, 10.0, 10.0)
set_fill rgba(255, 255, 255, 0.24)
fill_rect(60.0, 30.0, 10.0, 10.0)
set_fill rgba(255, 255, 255, 0.21)
fill_rect(50.0, 30.0, 10.0, 10.0)
set_fill rgba(255, 255, 255, 0.18)
fill_rect(40.0, 30.0, 10.0, 10.0)
set_fill rgba(255, 255, 255, 0.15)
fill_rect(30.0, 30.0, 10.0, 10.0)
set_fill #3c8dde
begin_path
arc(85.0, 35.0, 5.0, 0.0, 6.283185307179586)
fill
set_fill rgba(255, 255, 255, 0.3)
begin_path
arc(85.0, 35.0, 5.0, 0.0, 6.283185307179586)
fill
set_fill #333
begin_path
arc(85.0, 35.0, 3.8, 0.0, 6.283185307179586)
fill

# alive pose=straight_horizontal cell=15.0 boost=false mask=none
set_stroke #286eae
set_line_width(17.0)
set_line_cap round
begin_path
move_to(52.5, 52.5)
line_to(127.5, 52.5)
stroke
set_fill #286eae
set_stroke #3c8dde
set_fill #3c8dde
set_line_width(15.0)
set_line_cap round
begin_path
move_to(52.5, 52.5)
line_to(127.5, 52.5)
stroke
set_fill #3c8dde
begin_path
arc(52.5, 52.5, 7.5, 0.0, 6.283185307179586)
fill
set_fill rgba(255, 255, 255, 0.3)
fill_rect(120.0, 45.0, 15.0, 15.0)
set_fill rgba(255, 255, 255, 0.27)
fill_rect(105.0, 45.0, 15.0, 15.0)
set_fill rgba(255, 255, 255, 0.24)
fill_rect(90.0, 45.0, 15.0, 15.0)
set_fill rgba(255, 255, 255, 0.21)
fill_rect(75.0, 45.0, 15.0, 15.0)
set_fill rgba(255, 255, 255, 0.18)
fill_rect(60.0, 45.0, 15.0, 15.0)
set_fill rgba(255, 255, 255, 0.15)
fill_rect(45.0, 45.0, 15.0, 15.0)
set_fill #3c8dde
begin_path
arc(127.5, 52.5, 7.5, 0.0, 6.283185307179586)
fill
set_fill rgba(255, 255, 255, 0.3)
begin_path
arc(127.5, 52.5, 7.5, 0.0, 6.283185307179586)
fill
set_fill #333
begin_path
arc(127.5, 52.5, 5.7, 0.0, 6.283185307179586)
fill

# alive pose=straight_horizontal cell=15.0 boost=false mask=#ffffff
set_fill #ffffff
fill_rect(44.0, 44.0, 92.0, 17.0)
fill_rect(119.0, 44.0, 17.0, 17.0)
fill_rect(44.0, 44.0, 17.0, 17.0)
set_stroke #286eae
set_line_width(17.0)
set_line_cap round
begin_path
move_to(52.5, 52.5)
line_to(127.5, 52.5)
stroke
set_fill #286eae
set_stroke #3c8dde
set_fill #3c8dde
set_line_width(15.0)
set_line_cap round
begin_path
move_to(52.5, 52.5)
line_to(127.5, 52.5)
stroke
set_fill #3c8dde
begin_path
arc(52.5, 52.5, 7.5, 0.0, 6.283185307179586)
fill
set_fill rgba(255, 255, 255, 0.3)
fill_rect(120.0, 45.0, 15.0, 15.0)
set_fill rgba(255, 255, 255, 0.27)
fill_rect(105.0, 45.0, 15.0, 15.0)
set_fill rgba(255, 255, 255, 0.24)
fill_rect(90.0, 45.0, 15.0, 15.0)
set_fill rgba(255, 255, 255, 0.21)
fill_rect(75.0, 45.0, 15.0, 15.0)
set_fill rgba(255, 255, 255, 0.18)
fill_rect(60.0, 45.0, 15.0, 15.0)
set_fill rgba(255, 255, 255, 0.15)
fill_rect(45.0, 45.0, 15.0, 15.0)
set_fill #3c8dde
begin_path
arc(127.5, 52.5, 7.5, 0.0, 6.283185307179586)
fill
set_fill rgba(255, 255, 255, 0.3)
begin_path
arc(127.5, 52.5, 7.5, 0.0, 6.283185307179586)
fill
set_fill #333
begin_path
arc(127.5, 52.5, 5.7, 0.0, 6.283185307179586)
fill

# alive pose=straight_horizontal cell=15.0 boost=true mask=none
set_stroke #fff200
set_line_width(21.0)
set_line_cap round
begin_path
move_to(52.5, 52.5)
line_to(127.5, 52.5)
stroke
set_fill #fff200
set_stroke #286eae
set_line_width(17.0)
set_line_cap round
begin_path
move_to(52.5, 52.5)
line_to(127.5, 52.5)
stroke
set_fill #286eae
set_stroke #3c8dde
set_fill #3c8dde
set_line_width(15.0)
set_line_cap round
begin_path
move_to(52.5, 52.5)
line_to(127.5, 52.5)
stroke
set_fill #3c8dde
begin_path
arc(52.5, 52.5, 7.5, 0.0, 6.283185307179586)
fill
set_fill rgba(255, 255, 255, 0.3)
fill_rect(120.0, 45.0, 15.0, 15.0)
set_fill rgba(255, 255, 255, 0.27)
fill_rect(105.0, 45.0, 15.0, 15.0)
set_fill rgba(255, 255, 255, 0.24)
fill_rect(90.0, 45.0, 15.0, 15.0)
set_fill rgba(255, 255, 255, 0.21)
fill_rect(75.0, 45.0, 15.0, 15.0)
set_fill rgba(255, 255, 255, 0.18)
fill_rect(60.0, 45.0, 15.0, 15.0)
set_fill rgba(255, 255, 255, 0.15)
fill_rect(45.0, 45.0, 15.0, 15.0)
set_fill #3c8dde
begin_path
arc(127.5, 52.5, 7.5, 0.0, 6.283185307179586)
fill
set_fill rgba(255, 255, 255, 0.3)
begin_path
arc(127.5, 52.5, 7.5, 0.0, 6.283185307179586)
fill
set_fill #333
begin_path
arc(127.5, 52.5, 5.7, 0.0, 6.283185307179586)
fill

# alive pose=straight_horizontal cell=15.0 boost=true mask=#ffffff
set_fill #ffffff
fill_rect(42.0, 42.0, 96.0, 21.0)
fill_rect(117.0, 42.0, 21.0, 21.0)
fill_rect(42.0, 42.0, 21.0, 21.0)
set_stroke #fff200
set_line_width(21.0)
set_line_cap round
begin_path
move_to(52.5, 52.5)
line_to(127.5, 52.5)
stroke
set_fill #fff200
set_stroke #286eae
set_line_width(17.0)
set_line_cap round
begin_path
move_to(52.5, 52.5)
line_to(127.5, 52.5)
stroke
set_fill #286eae
set_stroke #3c8dde
set_fill #3c8dde
set_line_width(15.0)
set_line_cap round
begin_path
move_to(52.5, 52.5)
line_to(127.5, 52.5)
stroke
set_fill #3c8dde
begin_path
arc(52.5, 52.5, 7.5, 0.0, 6.283185307179586)
fill
set_fill rgba(255, 255, 255, 0.3)
fill_rect(120.0, 45.0, 15.0, 15.0)
set_fill rgba(255, 255, 255, 0.27)
fill_rect(105.0, 45.0, 15.0, 15.0)
set_fill rgba(255, 255, 255, 0.24)
fill_rect(90.0, 45.0, 15.0, 15.0)
set_fill rgba(255, 255, 255, 0.21)
fill_rect(75.0, 45.0, 15.0, 15.0)
set_fill rgba(255, 255, 255, 0.18)
fill_rect(60.0, 45.0, 15.0, 15.0)
set_fill rgba(255, 255, 255, 0.15)
fill_rect(45.0, 45.0, 15.0, 15.0)
set_fill #3c8dde
begin_path
arc(127.5, 52.5, 7.5, 0.0, 6.283185307179586)
fill
set_fill rgba(255, 255, 255, 0.3)
begin_path
arc(127.5, 52.5, 7.5, 0.0, 6.283185307179586)
fill
set_fill #333
begin_path
arc(127.5, 52.5, 5.7, 0.0, 6.283185307179586)
fill

# alive pose=straight_vertical cell=5.0 boost=false mask=none
set_stroke #286eae
set_line_width(7.0)
set_line_cap round
begin_path
move_to(17.5, 17.5)
line_to(17.5, 42.5)
stroke
set_fill #286eae
set_stroke #3c8dde
set_fill #3c8dde
set_line_width(5.0)
set_line_cap round
begin_path
move_to(17.5, 17.5)
line_to(17.5, 42.5)
stroke
set_fill #3c8dde
begin_path
arc(17.5, 17.5, 2.5, 0.0, 6.283185307179586)
fill
set_fill rgba(255, 255, 255, 0.3)
fill_rect(15.0, 40.0, 5.0, 5.0)
set_fill rgba(255, 255, 255, 0.27)
fill_rect(15.0, 35.0, 5.0, 5.0)
set_fill rgba(255, 255, 255, 0.24)
fill_rect(15.0, 30.0, 5.0, 5.0)
set_fill rgba(255, 255, 255, 0.21)
fill_rect(15.0, 25.0, 5.0, 5.0)
set_fill rgba(255, 255, 255, 0.18)
fill_rect(15.0, 20.0, 5.0, 5.0)
set_fill rgba(255, 255, 255, 0.15)
fill_rect(15.0, 15.0, 5.0, 5.0)
set_fill #3c8dde
begin_path
arc(17.5, 42.5, 2.5, 0.0, 6.283185307179586)
fill
set_fill rgba(255, 255, 255, 0.3)
begin_path
arc(17.5, 42.5, 2.5, 0.0, 6.283185307179586)
fill
set_fill #333
begin_path
arc(17.5, 42.5, 1.9, 0.0, 6.283185307179586)
fill

# alive pose=straight_vertical cell=5.0 boost=false mask=#ffffff
set_fill #ffffff
fill_rect(14.0, 14.0, 7.0, 32.0)
fill_rect(14.0, 39.0, 7.0, 7.0)
fill_rect(14.0, 14.0, 7.0, 7.0)
set_stroke #286eae
set_line_width(7.0)
set_line_cap round
begin_path
move_to(17.5, 17.5)
line_to(17.5, 42.5)
stroke
set_fill #286eae
set_stroke #3c8dde
set_fill #3c8dde
set_line_width(5.0)
set_line_cap round
begin_path
move_to(17.5, 17.5)
line_to(17.5, 42.5)
stroke
set_fill #3c8dde
begin_path
arc(17.5, 17.5, 2.5, 0.0, 6.283185307179586)
fill
set_fill rgba(255, 255, 255, 0.3)
fill_rect(15.0, 40.0, 5.0, 5.0)
set_fill rgba(255, 255, 255, 0.27)
fill_rect(15.0, 35.0, 5.0, 5.0)
set_fill rgba(255, 255, 255, 0.24)
fill_rect(15.0, 30.0, 5.0, 5.0)
set_fill rgba(255, 255, 255, 0.21)
fill_rect(15.0, 25.0, 5.0, 5.0)
set_fill rgba(255, 255, 255, 0.18)
fill_rect(15.0, 20.0, 5.0, 5.0)
set_fill rgba(255, 255, 255, 0.15)
fill_rect(15.0, 15.0, 5.0, 5.0)
set_fill #3c8dde
begin_path
arc(17.5, 42.5, 2.5, 0.0, 6.283185307179586)
fill
set_fill rgba(255, 255, 255, 0.3)
begin_path
arc(17.5, 42.5, 2.5, 0.0, 6.283185307179586)
fill
set_fill #333
begin_path
arc(17.5, 42.5, 1.9, 0.0, 6.283185307179586)
fill

# alive pose=straight_vertical cell=5.0 boost=true mask=none
set_stroke #fff200
set_line_width(11.0)
set_line_cap round
begin_path
move_to(17.5, 17.5)
line_to(17.5, 42.5)
stroke
set_fill #fff200
set_stroke #286eae
set_line_width(7.0)
set_line_cap round
begin_path
move_to(17.5, 17.5)
line_to(17.5, 42.5)
stroke
set_fill #286eae
set_stroke #3c8dde
set_fill #3c8dde
set_line_width(5.0)
set_line_cap round
begin_path
move_to(17.5, 17.5)
line_to(17.5, 42.5)
stroke
set_fill #3c8dde
begin_path
arc(17.5, 17.5, 2.5, 0.0, 6.283185307179586)
fill
set_fill rgba(255, 255, 255, 0.3)
fill_rect(15.0, 40.0, 5.0, 5.0)
set_fill rgba(255, 255, 255, 0.27)
fill_rect(15.0, 35.0, 5.0, 5.0)
set_fill rgba(255, 255, 255, 0.24)
fill_rect(15.0, 30.0, 5.0, 5.0)
set_fill rgba(255, 255, 255, 0.21)
fill_rect(15.0, 25.0, 5.0, 5.0)
set_fill rgba(255, 255, 255, 0.18)
fill_rect(15.0, 20.0, 5.0, 5.0)
set_fill rgba(255, 255, 255, 0.15)
fill_rect(15.0, 15.0, 5.0, 5.0)
set_fill #3c8dde
begin_path
arc(17.5, 42.5, 2.5, 0.0, 6.283185307179586)
fill
set_fill rgba(255, 255, 255, 0.3)
begin_path
arc(17.5, 42.5, 2.5, 0.0, 6.283185307179586)
fill
set_fill #333
begin_path
arc(17.5, 42.5, 1.9, 0.0, 6.283185307179586)
fill

# alive pose=straight_vertical cell=5.0 boost=true mask=#ffffff
set_fill #ffffff
fill_rect(12.0, 12.0, 11.0, 36.0)
fill_rect(12.0, 37.0, 11.0, 11.0)
fill_rect(12.0, 12.0, 11.0, 11.0)
set_stroke #fff200
set_line_width(11.0)
set_line_cap round
begin_path
move_to(17.5, 17.5)
line_to(17.5, 42.5)
stroke
set_fill #fff200
set_stroke #286eae
set_line_width(7.0)
set_line_cap round
begin_path
move_to(17.5, 17.5)
line_to(17.5, 42.5)
stroke
set_fill #286eae
set_stroke #3c8dde
set_fill #3c8dde
set_line_width(5.0)
set_line_cap round
begin_path
move_to(17.5, 17.5)
line_to(17.5, 42.5)
stroke
set_fill #3c8dde
begin_path
arc(17.5, 17.5, 2.5, 0.0, 6.283185307179586)
fill
set_fill rgba(255, 255, 255, 0.3)
fill_rect(15.0, 40.0, 5.0, 5.0)
set_fill rgba(255, 255, 255, 0.27)
fill_rect(15.0, 35.0, 5.0, 5.0)
set_fill rgba(255, 255, 255, 0.24)
fill_rect(15.0, 30.0, 5.0, 5.0)
set_fill rgba(255, 255, 255, 0.21)
fill_rect(15.0, 25.0, 5.0, 5.0)
set_fill rgba(255, 255, 255, 0.18)
fill_rect(15.0, 20.0, 5.0, 5.0)
set_fill rgba(255, 255, 255, 0.15)
fill_rect(15.0, 15.0, 5.0, 5.0)
set_fill #3c8dde
begin_path
arc(17.5, 42.5, 2.5, 0.0, 6.283185307179586)
fill
set_fill rgba(255, 255, 255, 0.3)
begin_path
arc(17.5, 42.5, 2.5, 0.0, 6.283185307179586)
fill
set_fill #333
begin_path
arc(17.5, 42.5, 1.9, 0.0, 6.283185307179586)
fill

# alive pose=straight_vertical cell=10.0 boost=false mask=none
set_stroke #286eae
set_line_width(12.0)
set_line_cap round
begin_path
move_to(35.0, 35.0)
line_to(35.0, 85.0)
stroke
set_fill #286eae
set_stroke #3c8dde
set_fill #3c8dde
set_line_width(10.0)
set_line_cap round
begin_path
move_to(35.0, 35.0)
line_to(35.0, 85.0)
stroke
set_fill #3c8dde
begin_path
arc(35.0, 35.0, 5.0, 0.0, 6.283185307179586)
fill
set_fill rgba(255, 255, 255, 0.3)
fill_rect(30.0, 80.0, 10.0, 10.0)
set_fill rgba(255, 255, 255, 0.27)
fill_rect(30.0, 70.0, 10.0, 10.0)
set_fill rgba(255, 255, 255, 0.24)
fill_rect(30.0, 60.0, 10.0, 10.0)
set_fill rgba(255, 255, 255, 0.21)
fill_rect(30.0, 50.0, 10.0, 10.0)
set_fill rgba(255, 255, 255, 0.18)
fill_rect(30.0, 40.0, 10.0, 10.0)
set_fill rgba(255, 255, 255, 0.15)
fill_rect(30.0, 30.0, 10.0, 10.0)
set_fill #3c8dde
begin_path
arc(35.0, 85.0, 5.0, 0.0, 6.283185307179586)
fill
set_fill rgba(255, 255, 255, 0.3)
begin_path
arc(35.0, 85.0, 5.0, 0.0, 6.283185307179586)
fill
set_fill #333
begin_path
arc(35.0, 85.0, 3.8, 0.0, 6.283185307179586)
fill

# alive pose=straight_vertical cell=10.0 boost=false mask=#ffffff
set_fill #ffffff
fill_rect(29.0, 29.0, 12.0, 62.0)
fill_rect(29.0, 79.0, 12.0, 12.0)
fill_rect(29.0, 29.0, 12.0, 12.0)
set_stroke #286eae
set_line_width(12.0)
set_line_cap round
begin_path
move_to(35.0, 35.0)
line_to(35.0, 85.0)
stroke
set_fill #286eae
set_stroke #3c8dde
set_fill #3c8dde
set_line_width(10.0)
set_line_cap round
begin_path
move_to(35.0, 35.0)
line_to(35.0, 85.0)
stroke
set_fill #3c8dde
begin_path
arc(35.0, 35.0, 5.0, 0.0, 6.283185307179586)
fill
set_fill rgba(255, 255, 255, 0.3)
fill_rect(30.0, 80.0, 10.0, 10.0)
set_fill rgba(255, 255, 255, 0.27)
fill_rect(30.0, 70.0, 10.0, 10.0)
set_fill rgba(255, 255, 255, 0.24)
fill_rect(30.0, 60.0, 10.0, 10.0)
set_fill rgba(255, 255, 255, 0.21)
fill_rect(30.0, 50.0, 10.0, 10.0)
set_fill rgba(255, 255, 255, 0.18)
fill_rect(30.0, 40.0, 10.0, 10.0)
set_fill rgba(255, 255, 255, 0.15)
fill_rect(30.0, 30.0, 10.0, 10.0)
set_fill #3c8dde
begin_path
arc(35.0, 85.0, 5.0, 0.0, 6.283185307179586)
fill
set_fill rgba(255, 255, 255, 0.3)
begin_path
arc(35.0, 85.0, 5.0, 0.0, 6.283185307179586)
fill
set_fill #333
begin_path
arc(35.0, 85.0, 3.8, 0.0, 6.283185307179586)
fill

# alive pose=straight_vertical cell=10.0 boost=true mask=none
set_stroke #fff200
set_line_width(16.0)
set_line_cap round
begin_path
move_to(35.0, 35.0)
line_to(35.0, 85.0)
stroke
set_fill #fff200
set_stroke #286eae
set_line_width(12.0)
set_line_cap round
begin_path
move_to(35.0, 35.0)
line_to(35.0, 85.0)
stroke
set_fill #286eae
set_stroke #3c8dde
set_fill #3c8dde
set_line_width(10.0)
set_line_cap round
begin_path
move_to(35.0, 35.0)
line_to(35.0, 85.0)
stroke
set_fill #3c8dde
begin_path
arc(35.0, 35.0, 5.0, 0.0, 6.283185307179586)
fill
set_fill rgba(255, 255, 255, 0.3)
fill_rect(30.0, 80.0, 10.0, 10.0)
set_fill rgba(255, 255, 255, 0.27)
fill_rect(30.0, 70.0, 10.0, 10.0)
set_fill rgba(255, 255, 255, 0.24)
fill_rect(30.0, 60.0, 10.0, 10.0)
set_fill rgba(255, 255, 255, 0.21)
fill_rect(30.0, 50.0, 10.0, 10.0)
set_fill rgba(255, 255, 255, 0.18)
fill_rect(30.0, 40.0, 10.0, 10.0)
set_fill rgba(255, 255, 255, 0.15)
fill_rect(30.0, 30.0, 10.0, 10.0)
set_fill #3c8dde
begin_path
arc(35.0, 85.0, 5.0, 0.0, 6.283185307179586)
fill
set_fill rgba(255, 255, 255, 0.3)
begin_path
arc(35.0, 85.0, 5.0, 0.0, 6.283185307179586)
fill
set_fill #333
begin_path
arc(35.0, 85.0, 3.8, 0.0, 6.283185307179586)
fill

# alive pose=straight_vertical cell=10.0 boost=true mask=#ffffff
set_fill #ffffff
fill_rect(27.0, 27.0, 16.0, 66.0)
fill_rect(27.0, 77.0, 16.0, 16.0)
fill_rect(27.0, 27.0, 16.0, 16.0)
set_stroke #fff200
set_line_width(16.0)
set_line_cap round
begin_path
move_to(35.0, 35.0)
line_to(35.0, 85.0)
stroke
set_fill #fff200
set_stroke #286eae
set_line_width(12.0)
set_line_cap round
begin_path
move_to(35.0, 35.0)
line_to(35.0, 85.0)
stroke
set_fill #286eae
set_stroke #3c8dde
set_fill #3c8dde
set_line_width(10.0)
set_line_cap round
begin_path
move_to(35.0, 35.0)
line_to(35.0, 85.0)
stroke
set_fill #3c8dde
begin_path
arc(35.0, 35.0, 5.0, 0.0, 6.283185307179586)
fill
set_fill rgba(255, 255, 255, 0.3)
fill_rect(30.0, 80.0, 10.0, 10.0)
set_fill rgba(255, 255, 255, 0.27)
fill_rect(30.0, 70.0, 10.0, 10.0)
set_fill rgba(255, 255, 255, 0.24)
fill_rect(30.0, 60.0, 10.0, 10.0)
set_fill rgba(255, 255, 255, 0.21)
fill_rect(30.0, 50.0, 10.0, 10.0)
set_fill rgba(255, 255, 255, 0.18)
fill_rect(30.0, 40.0, 10.0, 10.0)
set_fill rgba(255, 255, 255, 0.15)
fill_rect(30.0, 30.0, 10.0, 10.0)
set_fill #3c8dde
begin_path
arc(35.0, 85.0, 5.0, 0.0, 6.283185307179586)
fill
set_fill rgba(255, 255, 255, 0.3)
begin_path
arc(35.0, 85.0, 5.0, 0.0, 6.283185307179586)
fill
set_fill #333
begin_path
arc(35.0, 85.0, 3.8, 0.0, 6.283185307179586)
fill

# alive pose=straight_vertical cell=15.0 boost=false mask=none
set_stroke #286eae
set_line_width(17.0)
set_line_cap round
begin_path
move_to(52.5, 52.5)
line_to(52.5, 127.5)
stroke
set_fill #286eae
set_stroke #3c8dde
set_fill #3c8dde
set_line_width(15.0)
set_line_cap round
begin_path
move_to(52.5, 52.5)
line_to(52.5, 127.5)
stroke
set_fill #3c8dde
begin_path
arc(52.5, 52.5, 7.5, 0.0, 6.283185307179586)
fill
set_fill rgba(255, 255, 255, 0.3)
fill_rect(45.0, 120.0, 15.0, 15.0)
set_fill rgba(255, 255, 255, 0.27)
fill_rect(45.0, 105.0, 15.0, 15.0)
set_fill rgba(255, 255, 255, 0.24)
fill_rect(45.0, 90.0, 15.0, 15.0)
set_fill rgba(255, 255, 255, 0.21)
fill_rect(45.0, 75.0, 15.0, 15.0)
set_fill rgba(255, 255, 255, 0.18)
fill_rect(45.0, 60.0, 15.0, 15.0)
set_fill rgba(255, 255, 255, 0.15)
fill_rect(45.0, 45.0, 15.0, 15.0)
set_fill #3c8dde
begin_path
arc(52.5, 127.5, 7.5, 0.0, 6.283185307179586)
fill
set_fill rgba(255, 255, 255, 0.3)
begin_path
arc(52.5, 127.5, 7.5, 0.0, 6.283185307179586)
fill
set_fill #333
begin_path
arc(52.5, 127.5, 5.7, 0.0, 6.283185307179586)
fill

# alive pose=straight_vertical cell=15.0 boost=false mask=#ffffff
set_fill #ffffff
fill_rect(44.0, 44.0, 17.0, 92.0)
fill_rect(44.0, 119.0, 17.0, 17.0)
fill_rect(44.0, 44.0, 17.0, 17.0)
set_stroke #286eae
set_line_width(17.0)
set_line_cap round
begin_path
move_to(52.5, 52.5)
line_to(52.5, 127.5)
stroke
set_fill #286eae
set_stroke #3c8dde
set_fill #3c8dde
set_line_width(15.0)
set_line_cap round
begin_path
move_to(52.5, 52.5)
line_to(52.5, 127.5)
stroke
set_fill #3c8dde
begin_path
arc(52.5, 52.5, 7.5, 0.0, 6.283185307179586)
fill
set_fill rgba(255, 255, 255, 0.3)
fill_rect(45.0, 120.0, 15.0, 15.0)
set_fill rgba(255, 255, 255, 0.27)
fill_rect(45.0, 105.0, 15.0, 15.0)
set_fill rgba(255, 255, 255, 0.24)
fill_rect(45.0, 90.0, 15.0, 15.0)
set_fill rgba(255, 255, 255, 0.21)
fill_rect(45.0, 75.0, 15.0, 15.0)
set_fill rgba(255, 255, 255, 0.18)
fill_rect(45.0, 60.0, 15.0, 15.0)
set_fill rgba(255, 255, 255, 0.15)
fill_rect(45.0, 45.0, 15.0, 15.0)
set_fill #3c8dde
begin_path
arc(52.5, 127.5, 7.5, 0.0, 6.283185307179586)
fill
set_fill rgba(255, 255, 255, 0.3)
begin_path
arc(52.5, 127.5, 7.5, 0.0, 6.283185307179586)
fill
set_fill #333
begin_path
arc(52.5, 127.5, 5.7, 0.0, 6.283185307179586)
fill

# alive pose=straight_vertical cell=15.0 boost=true mask=none
set_stroke #fff200
set_line_width(21.0)
set_line_cap round
begin_path
move_to(52.5, 52.5)
line_to(52.5, 127.5)
stroke
set_fill #fff200
set_stroke #286eae
set_line_width(17.0)
set_line_cap round
begin_path
move_to(52.5, 52.5)
line_to(52.5, 127.5)
stroke
set_fill #286eae
set_stroke #3c8dde
set_fill #3c8dde
set_line_width(15.0)
set_line_cap round
begin_path
move_to(52.5, 52.5)
line_to(52.5, 127.5)
stroke
set_fill #3c8dde
begin_path
arc(52.5, 52.5, 7.5, 0.0, 6.283185307179586)
fill
set_fill rgba(255, 255, 255, 0.3)
fill_rect(45.0, 120.0, 15.0, 15.0)
set_fill rgba(255, 255, 255, 0.27)
fill_rect(45.0, 105.0, 15.0, 15.0)
set_fill rgba(255, 255, 255, 0.24)
fill_rect(45.0, 90.0, 15.0, 15.0)
set_fill rgba(255, 255, 255, 0.21)
fill_rect(45.0, 75.0, 15.0, 15.0)
set_fill rgba(255, 255, 255, 0.18)
fill_rect(45.0, 60.0, 15.0, 15.0)
set_fill rgba(255, 255, 255, 0.15)
fill_rect(45.0, 45.0, 15.0, 15.0)
set_fill #3c8dde
begin_path
arc(52.5, 127.5, 7.5, 0.0, 6.283185307179586)
fill
set_fill rgba(255, 255, 255, 0.3)
begin_path
arc(52.5, 127.5, 7.5, 0.0, 6.283185307179586)
fill
set_fill #333
begin_path
arc(52.5, 127.5, 5.7, 0.0, 6.283185307179586)
fill

# alive pose=straight_vertical cell=15.0 boost=true mask=#ffffff
set_fill #ffffff
fill_rect(42.0, 42.0, 21.0, 96.0)
fill_rect(42.0, 117.0, 21.0, 21.0)
fill_rect(42.0, 42.0, 21.0, 21.0)
set_stroke #fff200
set_line_width(21.0)
set_line_cap round
begin_path
move_to(52.5, 52.5)
line_to(52.5, 127.5)
stroke
set_fill #fff200
set_stroke #286eae
set_line_width(17.0)
set_line_cap round
begin_path
move_to(52.5, 52.5)
line_to(52.5, 127.5)
stroke
set_fill #286eae
set_stroke #3c8dde
set_fill #3c8dde
set_line_width(15.0)
set_line_cap round
begin_path
move_to(52.5, 52.5)
line_to(52.5, 127.5)
stroke
set_fill #3c8dde
begin_path
arc(52.5, 52.5, 7.5, 0.0, 6.283185307179586)
fill
set_fill rgba(255, 255, 255, 0.3)
fill_rect(45.0, 120.0, 15.0, 15.0)
set_fill rgba(255, 255, 255, 0.27)
fill_rect(45.0, 105.0, 15.0, 15.0)
set_fill rgba(255, 255, 255, 0.24)
fill_rect(45.0, 90.0, 15.0, 15.0)
set_fill rgba(255, 255, 255, 0.21)
fill_rect(45.0, 75.0, 15.0, 15.0)
set_fill rgba(255, 255, 255, 0.18)
fill_rect(45.0, 60.0, 15.0, 15.0)
set_fill rgba(255, 255, 255, 0.15)
fill_rect(45.0, 45.0, 15.0, 15.0)
set_fill #3c8dde
begin_path
arc(52.5, 127.5, 7.5, 0.0, 6.283185307179586)
fill
set_fill rgba(255, 255, 255, 0.3)
begin_path
arc(52.5, 127.5, 7.5, 0.0, 6.283185307179586)
fill
set_fill #333
begin_path
arc(52.5, 127.5, 5.7, 0.0, 6.283185307179586)
fill

# alive pose=single_corner cell=5.0 boost=false mask=none
set_stroke #286eae
set_line_width(7.0)
set_line_cap round
begin_path
move_to(17.5, 17.5)
line_to(42.5, 17.5)
stroke
set_line_width(7.0)
set_line_cap round
begin_path
move_to(17.5, 17.5)
line_to(17.5, 42.5)
stroke
set_fill #286eae
begin_path
arc(17.5, 17.5, 3.5, 0.0, 6.283185307179586)
fill
set_stroke #3c8dde
set_fill #3c8dde
set_line_width(5.0)
set_line_cap round
begin_path
move_to(17.5, 17.5)
line_to(42.5, 17.5)
stroke
set_line_width(5.0)
set_line_cap round
begin_path
move_to(17.5, 17.5)
line_to(17.5, 42.5)
stroke
begin_path
arc(17.5, 17.5, 2.5, 0.0, 6.283185307179586)
fill
set_fill #3c8dde
begin_path
arc(17.5, 42.5, 2.5, 0.0, 6.283185307179586)
fill
set_fill rgba(255, 255, 255, 0.3)
fill_rect(40.0, 15.0, 5.0, 5.0)
set_fill rgba(255, 255, 255, 0.27)
fill_rect(35.0, 15.0, 5.0, 5.0)
set_fill rgba(255, 255, 255, 0.24)
fill_rect(30.0, 15.0, 5.0, 5.0)
set_fill rgba(255, 255, 255, 0.21)
fill_rect(25.0, 15.0, 5.0, 5.0)
set_fill rgba(255, 255, 255, 0.18)
fill_rect(20.0, 15.0, 5.0, 5.0)
set_fill rgba(255, 255, 255, 0.15)
fill_rect(15.0, 15.0, 5.0, 5.0)
set_fill rgba(255, 255, 255, 0.12)
fill_rect(15.0, 20.0, 5.0, 5.0)
set_fill rgba(255, 255, 255, 0.09000000000000001)
fill_rect(15.0, 25.0, 5.0, 5.0)
set_fill rgba(255, 255, 255, 0.059999999999999984)
fill_rect(15.0, 30.0, 5.0, 5.0)
set_fill rgba(255, 255, 255, 0.029999999999999992)
fill_rect(15.0, 35.0, 5.0, 5.0)
set_fill #3c8dde
begin_path
arc(42.5, 17.5, 2.5, 0.0, 6.283185307179586)
fill
set_fill rgba(255, 255, 255, 0.3)
begin_path
arc(42.5, 17.5, 2.5, 0.0, 6.283185307179586)
fill
set_fill #333
begin_path
arc(42.5, 17.5, 1.9, 0.0, 6.283185307179586)
fill

# alive pose=single_corner cell=5.0 boost=false mask=#ffffff
set_fill #ffffff
fill_rect(14.0, 14.0, 32.0, 7.0)
fill_rect(14.0, 14.0, 7.0, 32.0)
fill_rect(39.0, 14.0, 7.0, 7.0)
fill_rect(14.0, 14.0, 7.0, 7.0)
fill_rect(14.0, 39.0, 7.0, 7.0)
set_stroke #286eae
set_line_width(7.0)
set_line_cap round
begin_path
move_to(17.5, 17.5)
line_to(42.5, 17.5)
stroke
set_line_width(7.0)
set_line_cap round
begin_path
move_to(17.5, 17.5)
line_to(17.5, 42.5)
stroke
set_fill #286eae
begin_path
arc(17.5, 17.5, 3.5, 0.0, 6.283185307179586)
fill
set_stroke #3c8dde
set_fill #3c8dde
set_line_width(5.0)
set_line_cap round
begin_path
move_to(17.5, 17.5)
line_to(42.5, 17.5)
stroke
set_line_width(5.0)
set_line_cap round
begin_path
move_to(17.5, 17.5)
line_to(17.5, 42.5)
stroke
begin_path
arc(17.5, 17.5, 2.5, 0.0, 6.283185307179586)
fill
set_fill #3c8dde
begin_path
arc(17.5, 42.5, 2.5, 0.0, 6.283185307179586)
fill
set_fill rgba(255, 255, 255, 0.3)
fill_rect(40.0, 15.0, 5.0, 5.0)
set_fill rgba(255, 255, 255, 0.27)
fill_rect(35.0, 15.0, 5.0, 5.0)
set_fill rgba(255, 255, 255, 0.24)
fill_rect(30.0, 15.0, 5.0, 5.0)
set_fill rgba(255, 255, 255, 0.21)
fill_rect(25.0, 15.0, 5.0, 5.0)
set_fill rgba(255, 255, 255, 0.18)
fill_rect(20.0, 15.0, 5.0, 5.0)
set_fill rgba(255, 255, 255, 0.15)
fill_rect(15.0, 15.0, 5.0, 5.0)
set_fill rgba(255, 255, 255, 0.12)
fill_rect(15.0, 20.0, 5.0, 5.0)
set_fill rgba(255, 255, 255, 0.09000000000000001)
fill_rect(15.0, 25.0, 5.0, 5.0)
set_fill rgba(255, 255, 255, 0.059999999999999984)
fill_rect(15.0, 30.0, 5.0, 5.0)
set_fill rgba(255, 255, 255, 0.029999999999999992)
fill_rect(15.0, 35.0, 5.0, 5.0)
set_fill #3c8dde
begin_path
arc(42.5, 17.5, 2.5, 0.0, 6.283185307179586)
fill
set_fill rgba(255, 255, 255, 0.3)
begin_path
arc(42.5, 17.5, 2.5, 0.0, 6.283185307179586)
fill
set_fill #333
begin_path
arc(42.5, 17.5, 1.9, 0.0, 6.283185307179586)
fill

# alive pose=single_corner cell=5.0 boost=true mask=none
set_stroke #fff200
set_line_width(11.0)
set_line_cap round
begin_path
move_to(17.5, 17.5)
line_to(42.5, 17.5)
stroke
set_line_width(11.0)
set_line_cap round
begin_path
move_to(17.5, 17.5)
line_to(17.5, 42.5)
stroke
set_fill #fff200
begin_path
arc(17.5, 17.5, 5.5, 0.0, 6.283185307179586)
fill
set_stroke #286eae
set_line_width(7.0)
set_line_cap round
begin_path
move_to(17.5, 17.5)
line_to(42.5, 17.5)
stroke
set_line_width(7.0)
set_line_cap round
begin_path
move_to(17.5, 17.5)
line_to(17.5, 42.5)
stroke
set_fill #286eae
begin_path
arc(17.5, 17.5, 3.5, 0.0, 6.283185307179586)
fill
set_stroke #3c8dde
set_fill #3c8dde
set_line_width(5.0)
set_line_cap round
begin_path
move_to(17.5, 17.5)
line_to(42.5, 17.5)
stroke
set_line_width(5.0)
set_line_cap round
begin_path
move_to(17.5, 17.5)
line_to(17.5, 42.5)
stroke
begin_path
arc(17.5, 17.5, 2.5, 0.0, 6.283185307179586)
fill
set_fill #3c8dde
begin_path
arc(17.5, 42.5, 2.5, 0.0, 6.283185307179586)
fill
set_fill rgba(255, 255, 255, 0.3)
fill_rect(40.0, 15.0, 5.0, 5.0)
set_fill rgba(255, 255, 255, 0.27)
fill_rect(35.0, 15.0, 5.0, 5.0)
set_fill rgba(255, 255, 255, 0.24)
fill_rect(30.0, 15.0, 5.0, 5.0)
set_fill rgba(255, 255, 255, 0.21)
fill_rect(25.0, 15.0, 5.0, 5.0)
set_fill rgba(255, 255, 255, 0.18)
fill_rect(20.0, 15.0, 5.0, 5.0)
set_fill rgba(255, 255, 255, 0.15)
fill_rect(15.0, 15.0, 5.0, 5.0)
set_fill rgba(255, 255, 255, 0.12)
fill_rect(15.0, 20.0, 5.0, 5.0)
set_fill rgba(255, 255, 255, 0.09000000000000001)
fill_rect(15.0, 25.0, 5.0, 5.0)
set_fill rgba(255, 255, 255, 0.059999999999999984)
fill_rect(15.0, 30.0, 5.0, 5.0)
set_fill rgba(255, 255, 255, 0.029999999999999992)
fill_rect(15.0, 35.0, 5.0, 5.0)
set_fill #3c8dde
begin_path
arc(42.5, 17.5, 2.5, 0.0, 6.283185307179586)
fill
set_fill rgba(255, 255, 255, 0.3)
begin_path
arc(42.5, 17.5, 2.5, 0.0, 6.283185307179586)
fill
set_fill #333
begin_path
arc(42.5, 17.5, 1.9, 0.0, 6.283185307179586)
fill

# alive pose=single_corner cell=5.0 boost=true mask=#ffffff
set_fill #ffffff
fill_rect(12.0, 12.0, 36.0, 11.0)
fill_rect(12.0, 12.0, 11.0, 36.0)
fill_rect(37.0, 12.0, 11.0, 11.0)
fill_rect(12.0, 12.0, 11.0, 11.0)
fill_rect(12.0, 37.0, 11.0, 11.0)
set_stroke #fff200
set_line_width(11.0)
set_line_cap round
begin_path
move_to(17.5, 17.5)
line_to(42.5, 17.5)
stroke
set_line_width(11.0)
set_line_cap round
begin_path
move_to(17.5, 17.5)
line_to(17.5, 42.5)
stroke
set_fill #fff200
begin_path
arc(17.5, 17.5, 5.5, 0.0, 6.283185307179586)
fill
set_stroke #286eae
set_line_width(7.0)
set_line_cap round
begin_path
move_to(17.5, 17.5)
line_to(42.5, 17.5)
stroke
set_line_width(7.0)
set_line_cap round
begin_path
move_to(17.5, 17.5)
line_to(17.5, 42.5)
stroke
set_fill #286eae
begin_path
arc(17.5, 17.5, 3.5, 0.0, 6.283185307179586)
fill
set_stroke #3c8dde
set_fill #3c8dde
set_line_width(5.0)
set_line_cap round
begin_path
move_to(17.5, 17.5)
line_to(42.5, 17.5)
stroke
set_line_width(5.0)
set_line_cap round
begin_path
move_to(17.5, 17.5)
line_to(17.5, 42.5)
stroke
begin_path
arc(17.5, 17.5, 2.5, 0.0, 6.283185307179586)
fill
set_fill #3c8dde
begin_path
arc(17.5, 42.5, 2.5, 0.0, 6.283185307179586)
fill
set_fill rgba(255, 255, 255, 0.3)
fill_rect(40.0, 15.0, 5.0, 5.0)
set_fill rgba(255, 255, 255, 0.27)
fill_rect(35.0, 15.0, 5.0, 5.0)
set_fill rgba(255, 255, 255, 0.24)
fill_rect(30.0, 15.0, 5.0, 5.0)
set_fill rgba(255, 255, 255, 0.21)
fill_rect(25.0, 15.0, 5.0, 5.0)
set_fill rgba(255, 255, 255, 0.18)
fill_rect(20.0, 15.0, 5.0, 5.0)
set_fill rgba(255, 255, 255, 0.15)
fill_rect(15.0, 15.0, 5.0, 5.0)
set_fill rgba(255, 255, 255, 0.12)
fill_rect(15.0, 20.0, 5.0, 5.0)
set_fill rgba(255, 255, 255, 0.09000000000000001)
fill_rect(15.0, 25.0, 5.0, 5.0)
set_fill rgba(255, 255, 255, 0.059999999999999984)
fill_rect(15.0, 30.0, 5.0, 5.0)
set_fill rgba(255, 255, 255, 0.029999999999999992)
fill_rect(15.0, 35.0, 5.0, 5.0)
set_fill #3c8dde
begin_path
arc(42.5, 17.5, 2.5, 0.0, 6.283185307179586)
fill
set_fill rgba(255, 255, 255, 0.3)
begin_path
arc(42.5, 17.5, 2.5, 0.0, 6.283185307179586)
fill
set_fill #333
begin_path
arc(42.5, 17.5, 1.9, 0.0, 6.283185307179586)
fill

# alive pose=single_corner cell=10.0 boost=false mask=none
set_stroke #286eae
set_line_width(12.0)
set_line_cap round
begin_path
move_to(35.0, 35.0)
line_to(85.0, 35.0)
stroke
set_line_width(12.0)
set_line_cap round
begin_path
move_to(35.0, 35.0)
line_to(35.0, 85.0)
stroke
set_fill #286eae
begin_path
arc(35.0, 35.0, 6.0, 0.0, 6.283185307179586)
fill
set_stroke #3c8dde
set_fill #3c8dde
set_line_width(10.0)
set_line_cap round
begin_path
move_to(35.0, 35.0)
line_to(85.0, 35.0)
stroke
set_line_width(10.0)
set_line_cap round
begin_path
move_to(35.0, 35.0)
line_to(35.0, 85.0)
stroke
begin_path
arc(35.0, 35.0, 5.0, 0.0, 6.283185307179586)
fill
set_fill #3c8dde
begin_path
arc(35.0, 85.0, 5.0, 0.0, 6.283185307179586)
fill
set_fill rgba(255, 255, 255, 0.3)
fill_rect(80.0, 30.0, 10.0, 10.0)
set_fill rgba(255, 255, 255, 0.27)
fill_rect(70.0, 30.0, 10.0, 10.0)
set_fill rgba(255, 255, 255, 0.24)
fill_rect(60.0, 30.0, 10.0, 10.0)
set_fill rgba(255, 255, 255, 0.21)
fill_rect(50.0, 30.0, 10.0, 10.0)
set_fill rgba(255, 255, 255, 0.18)
fill_rect(40.0, 30.0, 10.0, 10.0)
set_fill rgba(255, 255, 255, 0.15)
fill_rect(30.0, 30.0, 10.0, 10.0)
set_fill rgba(255, 255, 255, 0.12)
fill_rect(30.0, 40.0, 10.0, 10.0)
set_fill rgba(255, 255, 255, 0.09000000000000001)
fill_rect(30.0, 50.0, 10.0, 10.0)
set_fill rgba(255, 255, 255, 0.059999999999999984)
fill_rect(30.0, 60.0, 10.0, 10.0)
set_fill rgba(255, 255, 255, 0.029999999999999992)
fill_rect(30.0, 70.0, 10.0, 10.0)
set_fill #3c8dde
begin_path
arc(85.0, 35.0, 5.0, 0.0, 6.283185307179586)
fill
set_fill rgba(255, 255, 255, 0.3)
begin_path
arc(85.0, 35.0, 5.0, 0.0, 6.283185307179586)
fill
set_fill #333
begin_path
arc(85.0, 35.0, 3.8, 0.0, 6.283185307179586)
fill

# alive pose=single_corner cell=10.0 boost=false mask=#ffffff
set_fill #ffffff
fill_rect(29.0, 29.0, 62.0, 12.0)
fill_rect(29.0, 29.0, 12.0, 62.0)
fill_rect(79.0, 29.0, 12.0, 12.0)
fill_rect(29.0, 29.0, 12.0, 12.0)
fill_rect(29.0, 79.0, 12.0, 12.0)
set_stroke #286eae
set_line_width(12.0)
set_line_cap round
begin_path
move_to(35.0, 35.0)
line_to(85.0, 35.0)
stroke
set_line_width(12.0)
set_line_cap round
begin_path
move_to(35.0, 35.0)
line_to(35.0, 85.0)
stroke
set_fill #286eae
begin_path
arc(35.0, 35.0, 6.0, 0.0, 6.283185307179586)
fill
set_stroke #3c8dde
set_fill #3c8dde
set_line_width(10.0)
set_line_cap round
begin_path
move_to(35.0, 35.0)
line_to(85.0, 35.0)
stroke
set_line_width(10.0)
set_line_cap round
begin_path
move_to(35.0, 35.0)
line_to(35.0, 85.0)
stroke
begin_path
arc(35.0, 35.0, 5.0, 0.0, 6.283185307179586)
fill
set_fill #3c8dde
begin_path
arc(35.0, 85.0, 5.0, 0.0, 6.283185307179586)
fill
set_fill rgba(255, 255, 255, 0.3)
fill_rect(80.0, 30.0, 10.0, 10.0)
set_fill rgba(255, 255, 255, 0.27)
fill_rect(70.0, 30.0, 10.0, 10.0)
set_fill rgba(255, 255, 255, 0.24)
fill_rect(60.0, 30.0, 10.0, 10.0)
set_fill rgba(255, 255, 255, 0.21)
fill_rect(50.0, 30.0, 10.0, 10.0)
set_fill rgba(255, 255, 255, 0.18)
fill_rect(40.0, 30.0, 10.0, 10.0)
set_fill rgba(255, 255, 255, 0.15)
fill_rect(30.0, 30.0, 10.0, 10.0)
set_fill rgba(255, 255, 255, 0.12)
fill_rect(30.0, 40.0, 10.0, 10.0)
set_fill rgba(255, 255, 255, 0.09000000000000001)
fill_rect(30.0, 50.0, 10.0, 10.0)
set_fill rgba(255, 255, 255, 0.059999999999999984)
fill_rect(30.0, 60.0, 10.0, 10.0)
set_fill rgba(255, 255, 255, 0.029999999999999992)
fill_rect(30.0, 70.0, 10.0, 10.0)
set_fill #3c8dde
begin_path
arc(85.0, 35.0, 5.0, 0.0, 6.283185307179586)
fill
set_fill rgba(255, 255, 255, 0.3)
begin_path
arc(85.0, 35.0, 5.0, 0.0, 6.283185307179586)
fill
set_fill #333
begin_path
arc(85.0, 35.0, 3.8, 0.0, 6.283185307179586)
fill

# alive pose=single_corner cell=10.0 boost=true mask=none
set_stroke #fff200
set_line_width(16.0)
set_line_cap round
begin_path
move_to(35.0, 35.0)
line_to(85.0, 35.0)
stroke
set_line_width(16.0)
set_line_cap round
begin_path
move_to(35.0, 35.0)
line_to(35.0, 85.0)
stroke
set_fill #fff200
begin_path
arc(35.0, 35.0, 8.0, 0.0, 6.283185307179586)
fill
set_stroke #286eae
set_line_width(12.0)
set_line_cap round
begin_path
move_to(35.0, 35.0)
line_to(85.0, 35.0)
stroke
set_line_width(12.0)
set_line_cap round
begin_path
move_to(35.0, 35.0)
line_to(35.0, 85.0)
stroke
set_fill #286eae
begin_path
arc(35.0, 35.0, 6.0, 0.0, 6.283185307179586)
fill
set_stroke #3c8dde
set_fill #3c8dde
set_line_width(10.0)
set_line_cap round
begin_path
move_to(35.0, 35.0)
line_to(85.0, 35.0)
stroke
set_line_width(10.0)
set_line_cap round
begin_path
move_to(35.0, 35.0)
line_to(35.0, 85.0)
stroke
begin_path
arc(35.0, 35.0, 5.0, 0.0, 6.283185307179586)
fill
set_fill #3c8dde
begin_path
arc(35.0, 85.0, 5.0, 0.0, 6.283185307179586)
fill
set_fill rgba(255, 255, 255, 0.3)
fill_rect(80.0, 30.0, 10.0, 10.0)
set_fill rgba(255, 255, 255, 0.27)
fill_rect(70.0, 30.0, 10.0, 10.0)
set_fill rgba(255, 255, 255, 0.24)
fill_rect(60.0, 30.0, 10.0, 10.0)
set_fill rgba(255, 255, 255, 0.21)
fill_rect(50.0, 30.0, 10.0, 10.0)
set_fill rgba(255, 255, 255, 0.18)
fill_rect(40.0, 30.0, 10.0, 10.0)
set_fill rgba(255, 255, 255, 0.15)
fill_rect(30.0, 30.0, 10.0, 10.0)
set_fill rgba(255, 255, 255, 0.12)
fill_rect(30.0, 40.0, 10.0, 10.0)
set_fill rgba(255, 255, 255, 0.09000000000000001)
fill_rect(30.0, 50.0, 10.0, 10.0)
set_fill rgba(255, 255, 255, 0.059999999999999984)
fill_rect(30.0, 60.0, 10.0, 10.0)
set_fill rgba(255, 255, 255, 0.029999999999999992)
fill_rect(30.0, 70.0, 10.0, 10.0)
set_fill #3c8dde
begin_path
arc(85.0, 35.0, 5.0, 0.0, 6.283185307179586)
fill
set_fill rgba(255, 255, 255, 0.3)
begin_path
arc(85.0, 35.0, 5.0, 0.0, 6.283185307179586)
fill
set_fill #333
begin_path
arc(85.0, 35.0, 3.8, 0.0, 6.283185307179586)
fill

# alive pose=single_corner cell=10.0 boost=true mask=#ffffff
set_fill #ffffff
fill_rect(27.0, 27.0, 66.0, 16.0)
fill_rect(27.0, 27.0, 16.0, 66.0)
fill_rect(77.0, 27.0, 16.0, 16.0)
fill_rect(27.0, 27.0, 16.0, 16.0)
fill_rect(27.0, 77.0, 16.0, 16.0)
set_stroke #fff200
set_line_width(16.0)
set_line_cap round
begin_path
move_to(35.0, 35.0)
line_to(85.0, 35.0)
stroke
set_line_width(16.0)
set_line_cap round
begin_path
move_to(35.0, 35.0)
line_to(35.0, 85.0)
stroke
set_fill #fff200
begin_path
arc(35.0, 35.0, 8.0, 0.0, 6.283185307179586)
fill
set_stroke #286eae
set_line_width(12.0)
set_line_cap round
begin_path
move_to(35.0, 35.0)
line_to(85.0, 35.0)
stroke
set_line_width(12.0)
set_line_cap round
begin_path
move_to(35.0, 35.0)
line_to(35.0, 85.0)
stroke
set_fill #286eae
begin_path
arc(35.0, 35.0, 6.0, 0.0, 6.283185307179586)
fill
set_stroke #3c8dde
set_fill #3c8dde
set_line_width(10.0)
set_line_cap round
begin_path
move_to(35.0, 35.0)
line_to(85.0, 35.0)
stroke
set_line_width(10.0)
set_line_cap round
begin_path
move_to(35.0, 35.0)
line_to(35.0, 85.0)
stroke
begin_path
arc(35.0, 35.0, 5.0, 0.0, 6.283185307179586)
fill
set_fill #3c8dde
begin_path
arc(35.0, 85.0, 5.0, 0.0, 6.283185307179586)
fill
set_fill rgba(255, 255, 255, 0.3)
fill_rect(80.0, 30.0, 10.0, 10.0)
set_fill rgba(255, 255, 255, 0.27)
fill_rect(70.0, 30.0, 10.0, 10.0)
set_fill rgba(255, 255, 255, 0.24)
fill_rect(60.0, 30.0, 10.0, 10.0)
set_fill rgba(255, 255, 255, 0.21)
fill_rect(50.0, 30.0, 10.0, 10.0)
set_fill rgba(255, 255, 255, 0.18)
fill_rect(40.0, 30.0, 10.0, 10.0)
set_fill rgba(255, 255, 255, 0.15)
fill_rect(30.0, 30.0, 10.0, 10.0)
set_fill rgba(255, 255, 255, 0.12)
fill_rect(30.0, 40.0, 10.0, 10.0)
set_fill rgba(255, 255, 255, 0.09000000000000001)
fill_rect(30.0, 50.0, 10.0, 10.0)
set_fill rgba(255, 255, 255, 0.059999999999999984)
fill_rect(30.0, 60.0, 10.0, 10.0)
set_fill rgba(255, 255, 255, 0.029999999999999992)
fill_rect(30.0, 70.0, 10.0, 10.0)
set_fill #3c8dde
begin_path
arc(85.0, 35.0, 5.0, 0.0, 6.283185307179586)
fill
set_fill rgba(255, 255, 255, 0.3)
begin_path
arc(85.0, 35.0, 5.0, 0.0, 6.283185307179586)
fill
set_fill #333
begin_path
arc(85.0, 35.0, 3.8, 0.0, 6.283185307179586)
fill

# alive pose=single_corner cell=15.0 boost=false mask=none
set_stroke #286eae
set_line_width(17.0)
set_line_cap round
begin_path
move_to(52.5, 52.5)
line_to(127.5, 52.5)
stroke
set_line_width(17.0)
set_line_cap round
begin_path
move_to(52.5, 52.5)
line_to(52.5, 127.5)
stroke
set_fill #286eae
begin_path
arc(52.5, 52.5, 8.5, 0.0, 6.283185307179586)
fill
set_stroke #3c8dde
set_fill #3c8dde
set_line_width(15.0)
set_line_cap round
begin_path
move_to(52.5, 52.5)
line_to(127.5, 52.5)
stroke
set_line_width(15.0)
set_line_cap round
begin_path
move_to(52.5, 52.5)
line_to(52.5, 127.5)
stroke
begin_path
arc(52.5, 52.5, 7.5, 0.0, 6.283185307179586)
fill
set_fill #3c8dde
begin_path
arc(52.5, 127.5, 7.5, 0.0, 6.283185307179586)
fill
set_fill rgba(255, 255, 255, 0.3)
fill_rect(120.0, 45.0, 15.0, 15.0)
set_fill rgba(255, 255, 255, 0.27)
fill_rect(105.0, 45.0, 15.0, 15.0)
set_fill rgba(255, 255, 255, 0.24)
fill_rect(90.0, 45.0, 15.0, 15.0)
set_fill rgba(255, 255, 255, 0.21)
fill_rect(75.0, 45.0, 15.0, 15.0)
set_fill rgba(255, 255, 255, 0.18)
fill_rect(60.0, 45.0, 15.0, 15.0)
set_fill rgba(255, 255, 255, 0.15)
fill_rect(45.0, 45.0, 15.0, 15.0)
set_fill rgba(255, 255, 255, 0.12)
fill_rect(45.0, 60.0, 15.0, 15.0)
set_fill rgba(255, 255, 255, 0.09000000000000001)
fill_rect(45.0, 75.0, 15.0, 15.0)
set_fill rgba(255, 255, 255, 0.059999999999999984)
fill_rect(45.0, 90.0, 15.0, 15.0)
set_fill rgba(255, 255, 255, 0.029999999999999992)
fill_rect(45.0, 105.0, 15.0, 15.0)
set_fill #3c8dde
begin_path
arc(127.5, 52.5, 7.5, 0.0, 6.283185307179586)
fill
set_fill rgba(255, 255, 255, 0.3)
begin_path
arc(127.5, 52.5, 7.5, 0.0, 6.283185307179586)
fill
set_fill #333
begin_path
arc(127.5, 52.5, 5.7, 0.0, 6.283185307179586)
fill

# alive pose=single_corner cell=15.0 boost=false mask=#ffffff
set_fill #ffffff
fill_rect(44.0, 44.0, 92.0, 17.0)
fill_rect(44.0, 44.0, 17.0, 92.0)
fill_rect(119.0, 44.0, 17.0, 17.0)
fill_rect(44.0, 44.0, 17.0, 17.0)
fill_rect(44.0, 119.0, 17.0, 17.0)
set_stroke #286eae
set_line_width(17.0)
set_line_cap round
begin_path
move_to(52.5, 52.5)
line_to(127.5, 52.5)
stroke
set_line_width(17.0)
set_line_cap round
begin_path
move_to(52.5, 52.5)
line_to(52.5, 127.5)
stroke
set_fill #286eae
begin_path
arc(52.5, 52.5, 8.5, 0.0, 6.283185307179586)
fill
set_stroke #3c8dde
set_fill #3c8dde
set_line_width(15.0)
set_line_cap round
begin_path
move_to(52.5, 52.5)
line_to(127.5, 52.5)
stroke
set_line_width(15.0)
set_line_cap round
begin_path
move_to(52.5, 52.5)
line_to(52.5, 127.5)
stroke
begin_path
arc(52.5, 52.5, 7.5, 0.0, 6.283185307179586)
fill
set_fill #3c8dde
begin_path
arc(52.5, 127.5, 7.5, 0.0, 6.283185307179586)
fill
set_fill rgba(255, 255, 255, 0.3)
fill_rect(120.0, 45.0, 15.0, 15.0)
set_fill rgba(255, 255, 255, 0.27)
fill_rect(105.0, 45.0, 15.0, 15.0)
set_fill rgba(255, 255, 255, 0.24)
fill_rect(90.0, 45.0, 15.0, 15.0)
set_fill rgba(255, 255, 255, 0.21)
fill_rect(75.0, 45.0, 15.0, 15.0)
set_fill rgba(255, 255, 255, 0.18)
fill_rect(60.0, 45.0, 15.0, 15.0)
set_fill rgba(255, 255, 255, 0.15)
fill_rect(45.0, 45.0, 15.0, 15.0)
set_fill rgba(255, 255, 255, 0.12)
fill_rect(45.0, 60.0, 15.0, 15.0)
set_fill rgba(255, 255, 255, 0.09000000000000001)
fill_rect(45.0, 75.0, 15.0, 15.0)
set_fill rgba(255, 255, 255, 0.059999999999999984)
fill_rect(45.0, 90.0, 15.0, 15.0)
set_fill rgba(255, 255, 255, 0.029999999999999992)
fill_rect(45.0, 105.0, 15.0, 15.0)
set_fill #3c8dde
begin_path
arc(127.5, 52.5, 7.5, 0.0, 6.283185307179586)
fill
set_fill rgba(255, 255, 255, 0.3)
begin_path
arc(127.5, 52.5, 7.5, 0.0, 6.283185307179586)
fill
set_fill #333
begin_path
arc(127.5, 52.5, 5.7, 0.0, 6.283185307179586)
fill

# alive pose=single_corner cell=15.0 boost=true mask=none
set_stroke #fff200
set_line_width(21.0)
set_line_cap round
begin_path
move_to(52.5, 52.5)
line_to(127.5, 52.5)
stroke
set_line_width(21.0)
set_line_cap round
begin_path
move_to(52.5, 52.5)
line_to(52.5, 127.5)
stroke
set_fill #fff200
begin_path
arc(52.5, 52.5, 10.5, 0.0, 6.283185307179586)
fill
set_stroke #286eae
set_line_width(17.0)
set_line_cap round
begin_path
move_to(52.5, 52.5)
line_to(127.5, 52.5)
stroke
set_line_width(17.0)
set_line_cap round
begin_path
move_to(52.5, 52.5)
line_to(52.5, 127.5)
stroke
set_fill #286eae
begin_path
arc(52.5, 52.5, 8.5, 0.0, 6.283185307179586)
fill
set_stroke #3c8dde
set_fill #3c8dde
set_line_width(15.0)
set_line_cap round
begin_path
move_to(52.5, 52.5)
line_to(127.5, 52.5)
stroke
set_line_width(15.0)
set_line_cap round
begin_path
move_to(52.5, 52.5)
line_to(52.5, 127.5)
stroke
begin_path
arc(52.5, 52.5, 7.5, 0.0, 6.283185307179586)
fill
set_fill #3c8dde
begin_path
arc(52.5, 127.5, 7.5, 0.0, 6.283185307179586)
fill
set_fill rgba(255, 255, 255, 0.3)
fill_rect(120.0, 45.0, 15.0, 15.0)
set_fill rgba(255, 255, 255, 0.27)
fill_rect(105.0, 45.0, 15.0, 15.0)
set_fill rgba(255, 255, 255, 0.24)
fill_rect(90.0, 45.0, 15.0, 15.0)
set_fill rgba(255, 255, 255, 0.21)
fill_rect(75.0, 45.0, 15.0, 15.0)
set_fill rgba(255, 255, 255, 0.18)
fill_rect(60.0, 45.0, 15.0, 15.0)
set_fill rgba(255, 255, 255, 0.15)
fill_rect(45.0, 45.0, 15.0, 15.0)
set_fill rgba(255, 255, 255, 0.12)
fill_rect(45.0, 60.0, 15.0, 15.0)
set_fill rgba(255, 255, 255, 0.09000000000000001)
fill_rect(45.0, 75.0, 15.0, 15.0)
set_fill rgba(255, 255, 255, 0.059999999999999984)
fill_rect(45.0, 90.0, 15.0, 15.0)
set_fill rgba(255, 255, 255, 0.029999999999999992)
fill_rect(45.0, 105.0, 15.0, 15.0)
set_fill #3c8dde
begin_path
arc(127.5, 52.5, 7.5, 0.0, 6.283185307179586)
fill
set_fill rgba(255, 255, 255, 0.3)
begin_path
arc(127.5, 52.5, 7.5, 0.0, 6.283185307179586)
fill
set_fill #333
begin_path
arc(127.5, 52.5, 5.7, 0.0, 6.283185307179586)
fill

# alive pose=single_corner cell=15.0 boost=true mask=#ffffff
set_fill #ffffff
fill_rect(42.0, 42.0, 96.0, 21.0)
fill_rect(42.0, 42.0, 21.0, 96.0)
fill_rect(117.0, 42.0, 21.0, 21.0)
fill_rect(42.0, 42.0, 21.0, 21.0)
fill_rect(42.0, 117.0, 21.0, 21.0)
set_stroke #fff200
set_line_width(21.0)
set_line_cap round
begin_path
move_to(52.5, 52.5)
line_to(127.5, 52.5)
stroke
set_line_width(21.0)
set_line_cap round
begin_path
move_to(52.5, 52.5)
line_to(52.5, 127.5)
stroke
set_fill #fff200
begin_path
arc(52.5, 52.5, 10.5, 0.0, 6.283185307179586)
fill
set_stroke #286eae
set_line_width(17.0)
set_line_cap round
begin_path
move_to(52.5, 52.5)
line_to(127.5, 52.5)
stroke
set_line_width(17.0)
set_line_cap round
begin_path
move_to(52.5, 52.5)
line_to(52.5, 127.5)
stroke
set_fill #286eae
begin_path
arc(52.5, 52.5, 8.5, 0.0, 6.283185307179586)
fill
set_stroke #3c8dde
set_fill #3c8dde
set_line_width(15.0)
set_line_cap round
begin_path
move_to(52.5, 52.5)
line_to(127.5, 52.5)
stroke
set_line_width(15.0)
set_line_cap round
begin_path
move_to(52.5, 52.5)
line_to(52.5, 127.5)
stroke
begin_path
arc(52.5, 52.5, 7.5, 0.0, 6.283185307179586)
fill
set_fill #3c8dde
begin_path
arc(52.5, 127.5, 7.5, 0.0, 6.283185307179586)
fill
set_fill rgba(255, 255, 255, 0.3)
fill_rect(120.0, 45.0, 15.0, 15.0)
set_fill rgba(255, 255, 255, 0.27)
fill_rect(105.0, 45.0, 15.0, 15.0)
set_fill rgba(255, 255, 255, 0.24)
fill_rect(90.0, 45.0, 15.0, 15.0)
set_fill rgba(255, 255, 255, 0.21)
fill_rect(75.0, 45.0, 15.0, 15.0)
set_fill rgba(255, 255, 255, 0.18)
fill_rect(60.0, 45.0, 15.0, 15.0)
set_fill rgba(255, 255, 255, 0.15)
fill_rect(45.0, 45.0, 15.0, 15.0)
set_fill rgba(255, 255, 255, 0.12)
fill_rect(45.0, 60.0, 15.0, 15.0)
set_fill rgba(255, 255, 255, 0.09000000000000001)
fill_rect(45.0, 75.0, 15.0, 15.0)
set_fill rgba(255, 255, 255, 0.059999999999999984)
fill_rect(45.0, 90.0, 15.0, 15.0)
set_fill rgba(255, 255, 255, 0.029999999999999992)
fill_rect(45.0, 105.0, 15.0, 15.0)
set_fill #3c8dde
begin_path
arc(127.5, 52.5, 7.5, 0.0, 6.283185307179586)
fill
set_fill rgba(255, 255, 255, 0.3)
begin_path
arc(127.5, 52.5, 7.5, 0.0, 6.283185307179586)
fill
set_fill #333
begin_path
arc(127.5, 52.5, 5.7, 0.0, 6.283185307179586)
fill

# alive pose=zigzag cell=5.0 boost=false mask=none
set_stroke #286eae
set_line_width(7.0)
set_line_cap round
begin_path
move_to(32.5, 12.5)
line_to(52.5, 12.5)
stroke
set_line_width(7.0)
set_line_cap round
begin_path
move_to(32.5, 12.5)
line_to(32.5, 32.5)
stroke
set_line_width(7.0)
set_line_cap round
begin_path
move_to(12.5, 32.5)
line_to(32.5, 32.5)
stroke
set_line_width(7.0)
set_line_cap round
begin_path
move_to(12.5, 32.5)
line_to(12.5, 47.5)
stroke
set_fill #286eae
begin_path
arc(32.5, 12.5, 3.5, 0.0, 6.283185307179586)
fill
begin_path
arc(32.5, 32.5, 3.5, 0.0, 6.283185307179586)
fill
begin_path
arc(12.5, 32.5, 3.5, 0.0, 6.283185307179586)
fill
set_stroke #3c8dde
set_fill #3c8dde
set_line_width(5.0)
set_line_cap round
begin_path
move_to(32.5, 12.5)
line_to(52.5, 12.5)
stroke
set_line_width(5.0)
set_line_cap round
begin_path
move_to(32.5, 12.5)
line_to(32.5, 32.5)
stroke
set_line_width(5.0)
set_line_cap round
begin_path
move_to(12.5, 32.5)
line_to(32.5, 32.5)
stroke
set_line_width(5.0)
set_line_cap round
begin_path
move_to(12.5, 32.5)
line_to(12.5, 47.5)
stroke
begin_path
arc(32.5, 12.5, 2.5, 0.0, 6.283185307179586)
fill
begin_path
arc(32.5, 32.5, 2.5, 0.0, 6.283185307179586)
fill
begin_path
arc(12.5, 32.5, 2.5, 0.0, 6.283185307179586)
fill
set_fill #3c8dde
begin_path
arc(12.5, 47.5, 2.5, 0.0, 6.283185307179586)
fill
set_fill rgba(255, 255, 255, 0.3)
fill_rect(50.0, 10.0, 5.0, 5.0)
set_fill rgba(255, 255, 255, 0.27)
fill_rect(45.0, 10.0, 5.0, 5.0)
set_fill rgba(255, 255, 255, 0.24)
fill_rect(40.0, 10.0, 5.0, 5.0)
set_fill rgba(255, 255, 255, 0.21)
fill_rect(35.0, 10.0, 5.0, 5.0)
set_fill rgba(255, 255, 255, 0.18)
fill_rect(30.0, 10.0, 5.0, 5.0)
set_fill rgba(255, 255, 255, 0.15)
fill_rect(30.0, 15.0, 5.0, 5.0)
set_fill rgba(255, 255, 255, 0.12)
fill_rect(30.0, 20.0, 5.0, 5.0)
set_fill rgba(255, 255, 255, 0.09000000000000001)
fill_rect(30.0, 25.0, 5.0, 5.0)
set_fill rgba(255, 255, 255, 0.059999999999999984)
fill_rect(30.0, 30.0, 5.0, 5.0)
set_fill rgba(255, 255, 255, 0.029999999999999992)
fill_rect(25.0, 30.0, 5.0, 5.0)
set_fill #3c8dde
begin_path
arc(52.5, 12.5, 2.5, 0.0, 6.283185307179586)
fill
set_fill rgba(255, 255, 255, 0.3)
begin_path
arc(52.5, 12.5, 2.5, 0.0, 6.283185307179586)
fill
set_fill #333
begin_path
arc(52.5, 12.5, 1.9, 0.0, 6.283185307179586)
fill

# alive pose=zigzag cell=5.0 boost=false mask=#ffffff
set_fill #ffffff
fill_rect(29.0, 9.0, 27.0, 7.0)
fill_rect(29.0, 9.0, 7.0, 27.0)
fill_rect(9.0, 29.0, 27.0, 7.0)
fill_rect(9.0, 29.0, 7.0, 22.0)
fill_rect(49.0, 9.0, 7.0, 7.0)
fill_rect(29.0, 9.0, 7.0, 7.0)
fill_rect(29.0, 29.0, 7.0, 7.0)
fill_rect(9.0, 29.0, 7.0, 7.0)
fill_rect(9.0, 44.0, 7.0, 7.0)
set_stroke #286eae
set_line_width(7.0)
set_line_cap round
begin_path
move_to(32.5, 12.5)
line_to(52.5, 12.5)
stroke
set_line_width(7.0)
set_line_cap round
begin_path
move_to(32.5, 12.5)
line_to(32.5, 32.5)
stroke
set_line_width(7.0)
set_line_cap round
begin_path
move_to(12.5, 32.5)
line_to(32.5, 32.5)
stroke
set_line_width(7.0)
set_line_cap round
begin_path
move_to(12.5, 32.5)
line_to(12.5, 47.5)
stroke
set_fill #286eae
begin_path
arc(32.5, 12.5, 3.5, 0.0, 6.283185307179586)
fill
begin_path
arc(32.5, 32.5, 3.5, 0.0, 6.283185307179586)
fill
begin_path
arc(12.5, 32.5, 3.5, 0.0, 6.283185307179586)
fill
set_stroke #3c8dde
set_fill #3c8dde
set_line_width(5.0)
set_line_cap round
begin_path
move_to(32.5, 12.5)
line_to(52.5, 12.5)
stroke
set_line_width(5.0)
set_line_cap round
begin_path
move_to(32.5, 12.5)
line_to(32.5, 32.5)
stroke
set_line_width(5.0)
set_line_cap round
begin_path
move_to(12.5, 32.5)
line_to(32.5, 32.5)
stroke
set_line_width(5.0)
set_line_cap round
begin_path
move_to(12.5, 32.5)
line_to(12.5, 47.5)
stroke
begin_path
arc(32.5, 12.5, 2.5, 0.0, 6.283185307179586)
fill
begin_path
arc(32.5, 32.5, 2.5, 0.0, 6.283185307179586)
fill
begin_path
arc(12.5, 32.5, 2.5, 0.0, 6.283185307179586)
fill
set_fill #3c8dde
begin_path
arc(12.5, 47.5, 2.5, 0.0, 6.283185307179586)
fill
set_fill rgba(255, 255, 255, 0.3)
fill_rect(50.0, 10.0, 5.0, 5.0)
set_fill rgba(255, 255, 255, 0.27)
fill_rect(45.0, 10.0, 5.0, 5.0)
set_fill rgba(255, 255, 255, 0.24)
fill_rect(40.0, 10.0, 5.0, 5.0)
set_fill rgba(255, 255, 255, 0.21)
fill_rect(35.0, 10.0, 5.0, 5.0)
set_fill rgba(255, 255, 255, 0.18)
fill_rect(30.0, 10.0, 5.0, 5.0)
set_fill rgba(255, 255, 255, 0.15)
fill_rect(30.0, 15.0, 5.0, 5.0)
set_fill rgba(255, 255, 255, 0.12)
fill_rect(30.0, 20.0, 5.0, 5.0)
set_fill rgba(255, 255, 255, 0.09000000000000001)
fill_rect(30.0, 25.0, 5.0, 5.0)
set_fill rgba(255, 255, 255, 0.059999999999999984)
fill_rect(30.0, 30.0, 5.0, 5.0)
set_fill rgba(255, 255, 255, 0.029999999999999992)
fill_rect(25.0, 30.0, 5.0, 5.0)
set_fill #3c8dde
begin_path
arc(52.5, 12.5, 2.5, 0.0, 6.283185307179586)
fill
set_fill rgba(255, 255, 255, 0.3)
begin_path
arc(52.5, 12.5, 2.5, 0.0, 6.283185307179586)
fill
set_fill #333
begin_path
arc(52.5, 12.5, 1.9, 0.0, 6.283185307179586)
fill

# alive pose=zigzag cell=5.0 boost=true mask=none
set_stroke #fff200
set_line_width(11.0)
set_line_cap round
begin_path
move_to(32.5, 12.5)
line_to(52.5, 12.5)
stroke
set_line_width(11.0)
set_line_cap round
begin_path
move_to(32.5, 12.5)
line_to(32.5, 32.5)
stroke
set_line_width(11.0)
set_line_cap round
begin_path
move_to(12.5, 32.5)
line_to(32.5, 32.5)
stroke
set_line_width(11.0)
set_line_cap round
begin_path
move_to(12.5, 32.5)
line_to(12.5, 47.5)
stroke
set_fill #fff200
begin_path
arc(32.5, 12.5, 5.5, 0.0, 6.283185307179586)
fill
begin_path
arc(32.5, 32.5, 5.5, 0.0, 6.283185307179586)
fill
begin_path
arc(12.5, 32.5, 5.5, 0.0, 6.283185307179586)
fill
set_stroke #286eae
set_line_width(7.0)
set_line_cap round
begin_path
move_to(32.5, 12.5)
line_to(52.5, 12.5)
stroke
set_line_width(7.0)
set_line_cap round
begin_path
move_to(32.5, 12.5)
line_to(32.5, 32.5)
stroke
set_line_width(7.0)
set_line_cap round
begin_path
move_to(12.5, 32.5)
line_to(32.5, 32.5)
stroke
set_line_width(7.0)
set_line_cap round
begin_path
move_to(12.5, 32.5)
line_to(12.5, 47.5)
stroke
set_fill #286eae
begin_path
arc(32.5, 12.5, 3.5, 0.0, 6.283185307179586)
fill
begin_path
arc(32.5, 32.5, 3.5, 0.0, 6.283185307179586)
fill
begin_path
arc(12.5, 32.5, 3.5, 0.0, 6.283185307179586)
fill
set_stroke #3c8dde
set_fill #3c8dde
set_line_width(5.0)
set_line_cap round
begin_path
move_to(32.5, 12.5)
line_to(52.5, 12.5)
stroke
set_line_width(5.0)
set_line_cap round
begin_path
move_to(32.5, 12.5)
line_to(32.5, 32.5)
stroke
set_line_width(5.0)
set_line_cap round
begin_path
move_to(12.5, 32.5)
line_to(32.5, 32.5)
stroke
set_line_width(5.0)
set_line_cap round
begin_path
move_to(12.5, 32.5)
line_to(12.5, 47.5)
stroke
begin_path
arc(32.5, 12.5, 2.5, 0.0, 6.283185307179586)
fill
begin_path
arc(32.5, 32.5, 2.5, 0.0, 6.283185307179586)
fill
begin_path
arc(12.5, 32.5, 2.5, 0.0, 6.283185307179586)
fill
set_fill #3c8dde
begin_path
arc(12.5, 47.5, 2.5, 0.0, 6.283185307179586)
fill
set_fill rgba(255, 255, 255, 0.3)
fill_rect(50.0, 10.0, 5.0, 5.0)
set_fill rgba(255, 255, 255, 0.27)
fill_rect(45.0, 10.0, 5.0, 5.0)
set_fill rgba(255, 255, 255, 0.24)
fill_rect(40.0, 10.0, 5.0, 5.0)
set_fill rgba(255, 255, 255, 0.21)
fill_rect(35.0, 10.0, 5.0, 5.0)
set_fill rgba(255, 255, 255, 0.18)
fill_rect(30.0, 10.0, 5.0, 5.0)
set_fill rgba(255, 255, 255, 0.15)
fill_rect(30.0, 15.0, 5.0, 5.0)
set_fill rgba(255, 255, 255, 0.12)
fill_rect(30.0, 20.0, 5.0, 5.0)
set_fill rgba(255, 255, 255, 0.09000000000000001)
fill_rect(30.0, 25.0, 5.0, 5.0)
set_fill rgba(255, 255, 255, 0.059999999999999984)
fill_rect(30.0, 30.0, 5.0, 5.0)
set_fill rgba(255, 255, 255, 0.029999999999999992)
fill_rect(25.0, 30.0, 5.0, 5.0)
set_fill #3c8dde
begin_path
arc(52.5, 12.5, 2.5, 0.0, 6.283185307179586)
fill
set_fill rgba(255, 255, 255, 0.3)
begin_path
arc(52.5, 12.5, 2.5, 0.0, 6.283185307179586)
fill
set_fill #333
begin_path
arc(52.5, 12.5, 1.9, 0.0, 6.283185307179586)
fill

# alive pose=zigzag cell=5.0 boost=true mask=#ffffff
set_fill #ffffff
fill_rect(27.0, 7.0, 31.0, 11.0)
fill_rect(27.0, 7.0, 11.0, 31.0)
fill_rect(7.0, 27.0, 31.0, 11.0)
fill_rect(7.0, 27.0, 11.0, 26.0)
fill_rect(47.0, 7.0, 11.0, 11.0)
fill_rect(27.0, 7.0, 11.0, 11.0)
fill_rect(27.0, 27.0, 11.0, 11.0)
fill_rect(7.0, 27.0, 11.0, 11.0)
fill_rect(7.0, 42.0, 11.0, 11.0)
set_stroke #fff200
set_line_width(11.0)
set_line_cap round
begin_path
move_to(32.5, 12.5)
line_to(52.5, 12.5)
stroke
set_line_width(11.0)
set_line_cap round
begin_path
move_to(32.5, 12.5)
line_to(32.5, 32.5)
stroke
set_line_width(11.0)
set_line_cap round
begin_path
move_to(12.5, 32.5)
line_to(32.5, 32.5)
stroke
set_line_width(11.0)
set_line_cap round
begin_path
move_to(12.5, 32.5)
line_to(12.5, 47.5)
stroke
set_fill #fff200
begin_path
arc(32.5, 12.5, 5.5, 0.0, 6.283185307179586)
fill
begin_path
arc(32.5, 32.5, 5.5, 0.0, 6.283185307179586)
fill
begin_path
arc(12.5, 32.5, 5.5, 0.0, 6.283185307179586)
fill
set_stroke #286eae
set_line_width(7.0)
set_line_cap round
begin_path
move_to(32.5, 12.5)
line_to(52.5, 12.5)
stroke
set_line_width(7.0)
set_line_cap round
begin_path
move_to(32.5, 12.5)
line_to(32.5, 32.5)
stroke
set_line_width(7.0)
set_line_cap round
begin_path
move_to(12.5, 32.5)
line_to(32.5, 32.5)
stroke
set_line_width(7.0)
set_line_cap round
begin_path
move_to(12.5, 32.5)
line_to(12.5, 47.5)
stroke
set_fill #286eae
begin_path
arc(32.5, 12.5, 3.5, 0.0, 6.283185307179586)
fill
begin_path
arc(32.5, 32.5, 3.5, 0.0, 6.283185307179586)
fill
begin_path
arc(12.5, 32.5, 3.5, 0.0, 6.283185307179586)
fill
set_stroke #3c8dde
set_fill #3c8dde
set_line_width(5.0)
set_line_cap round
begin_path
move_to(32.5, 12.5)
line_to(52.5, 12.5)
stroke
set_line_width(5.0)
set_line_cap round
begin_path
move_to(32.5, 12.5)
line_to(32.5, 32.5)
stroke
set_line_width(5.0)
set_line_cap round
begin_path
move_to(12.5, 32.5)
line_to(32.5, 32.5)
stroke
set_line_width(5.0)
set_line_cap round
begin_path
move_to(12.5, 32.5)
line_to(12.5, 47.5)
stroke
begin_path
arc(32.5, 12.5, 2.5, 0.0, 6.283185307179586)
fill
begin_path
arc(32.5, 32.5, 2.5, 0.0, 6.283185307179586)
fill
begin_path
arc(12.5, 32.5, 2.5, 0.0, 6.283185307179586)
fill
set_fill #3c8dde
begin_path
arc(12.5, 47.5, 2.5, 0.0, 6.283185307179586)
fill
set_fill rgba(255, 255, 255, 0.3)
fill_rect(50.0, 10.0, 5.0, 5.0)
set_fill rgba(255, 255, 255, 0.27)
fill_rect(45.0, 10.0, 5.0, 5.0)
set_fill rgba(255, 255, 255, 0.24)
fill_rect(40.0, 10.0, 5.0, 5.0)
set_fill rgba(255, 255, 255, 0.21)
fill_rect(35.0, 10.0, 5.0, 5.0)
set_fill rgba(255, 255, 255, 0.18)
fill_rect(30.0, 10.0, 5.0, 5.0)
set_fill rgba(255, 255, 255, 0.15)
fill_rect(30.0, 15.0, 5.0, 5.0)
set_fill rgba(255, 255, 255, 0.12)
fill_rect(30.0, 20.0, 5.0, 5.0)
set_fill rgba(255, 255, 255, 0.09000000000000001)
fill_rect(30.0, 25.0, 5.0, 5.0)
set_fill rgba(255, 255, 255, 0.059999999999999984)
fill_rect(30.0, 30.0, 5.0, 5.0)
set_fill rgba(255, 255, 255, 0.029999999999999992)
fill_rect(25.0, 30.0, 5.0, 5.0)
set_fill #3c8dde
begin_path
arc(52.5, 12.5, 2.5, 0.0, 6.283185307179586)
fill
set_fill rgba(255, 255, 255, 0.3)
begin_path
arc(52.5, 12.5, 2.5, 0.0, 6.283185307179586)
fill
set_fill #333
begin_path
arc(52.5, 12.5, 1.9, 0.0, 6.283185307179586)
fill

# alive pose=zigzag cell=10.0 boost=false mask=none
set_stroke #286eae
set_line_width(12.0)
set_line_cap round
begin_path
move_to(65.0, 25.0)
line_to(105.0, 25.0)
stroke
set_line_width(12.0)
set_line_cap round
begin_path
move_to(65.0, 25.0)
line_to(65.0, 65.0)
stroke
set_line_width(12.0)
set_line_cap round
begin_path
move_to(25.0, 65.0)
line_to(65.0, 65.0)
stroke
set_line_width(12.0)
set_line_cap round
begin_path
move_to(25.0, 65.0)
line_to(25.0, 95.0)
stroke
set_fill #286eae
begin_path
arc(65.0, 25.0, 6.0, 0.0, 6.283185307179586)
fill
begin_path
arc(65.0, 65.0, 6.0, 0.0, 6.283185307179586)
fill
begin_path
arc(25.0, 65.0, 6.0, 0.0, 6.283185307179586)
fill
set_stroke #3c8dde
set_fill #3c8dde
set_line_width(10.0)
set_line_cap round
begin_path
move_to(65.0, 25.0)
line_to(105.0, 25.0)
stroke
set_line_width(10.0)
set_line_cap round
begin_path
move_to(65.0, 25.0)
line_to(65.0, 65.0)
stroke
set_line_width(10.0)
set_line_cap round
begin_path
move_to(25.0, 65.0)
line_to(65.0, 65.0)
stroke
set_line_width(10.0)
set_line_cap round
begin_path
move_to(25.0, 65.0)
line_to(25.0, 95.0)
stroke
begin_path
arc(65.0, 25.0, 5.0, 0.0, 6.283185307179586)
fill
begin_path
arc(65.0, 65.0, 5.0, 0.0, 6.283185307179586)
fill
begin_path
arc(25.0, 65.0, 5.0, 0.0, 6.283185307179586)
fill
set_fill #3c8dde
begin_path
arc(25.0, 95.0, 5.0, 0.0, 6.283185307179586)
fill
set_fill rgba(255, 255, 255, 0.3)
fill_rect(100.0, 20.0, 10.0, 10.0)
set_fill rgba(255, 255, 255, 0.27)
fill_rect(90.0, 20.0, 10.0, 10.0)
set_fill rgba(255, 255, 255, 0.24)
fill_rect(80.0, 20.0, 10.0, 10.0)
set_fill rgba(255, 255, 255, 0.21)
fill_rect(70.0, 20.0, 10.0, 10.0)
set_fill rgba(255, 255, 255, 0.18)
fill_rect(60.0, 20.0, 10.0, 10.0)
set_fill rgba(255, 255, 255, 0.15)
fill_rect(60.0, 30.0, 10.0, 10.0)
set_fill rgba(255, 255, 255, 0.12)
fill_rect(60.0, 40.0, 10.0, 10.0)
set_fill rgba(255, 255, 255, 0.09000000000000001)
fill_rect(60.0, 50.0, 10.0, 10.0)
set_fill rgba(255, 255, 255, 0.059999999999999984)
fill_rect(60.0, 60.0, 10.0, 10.0)
set_fill rgba(255, 255, 255, 0.029999999999999992)
fill_rect(50.0, 60.0, 10.0, 10.0)
set_fill #3c8dde
begin_path
arc(105.0, 25.0, 5.0, 0.0, 6.283185307179586)
fill
set_fill rgba(255, 255, 255, 0.3)
begin_path
arc(105.0, 25.0, 5.0, 0.0, 6.283185307179586)
fill
set_fill #333
begin_path
arc(105.0, 25.0, 3.8, 0.0, 6.283185307179586)
fill

# alive pose=zigzag cell=10.0 boost=false mask=#ffffff
set_fill #ffffff
fill_rect(59.0, 19.0, 52.0, 12.0)
fill_rect(59.0, 19.0, 12.0, 52.0)
fill_rect(19.0, 59.0, 52.0, 12.0)
fill_rect(19.0, 59.0, 12.0, 42.0)
fill_rect(99.0, 19.0, 12.0, 12.0)
fill_rect(59.0, 19.0, 12.0, 12.0)
fill_rect(59.0, 59.0, 12.0, 12.0)
fill_rect(19.0, 59.0, 12.0, 12.0)
fill_rect(19.0, 89.0, 12.0, 12.0)
set_stroke #286eae
set_line_width(12.0)
set_line_cap round
begin_path
move_to(65.0, 25.0)
line_to(105.0, 25.0)
stroke
set_line_width(12.0)
set_line_cap round
begin_path
move_to(65.0, 25.0)
line_to(65.0, 65.0)
stroke
set_line_width(12.0)
set_line_cap round
begin_path
move_to(25.0, 65.0)
line_to(65.0, 65.0)
stroke
set_line_width(12.0)
set_line_cap round
begin_path
move_to(25.0, 65.0)
line_to(25.0, 95.0)
stroke
set_fill #286eae
begin_path
arc(65.0, 25.0, 6.0, 0.0, 6.283185307179586)
fill
begin_path
arc(65.0, 65.0, 6.0, 0.0, 6.283185307179586)
fill
begin_path
arc(25.0, 65.0, 6.0, 0.0, 6.283185307179586)
fill
set_stroke #3c8dde
set_fill #3c8dde
set_line_width(10.0)
set_line_cap round
begin_path
move_to(65.0, 25.0)
line_to(105.0, 25.0)
stroke
set_line_width(10.0)
set_line_cap round
begin_path
move_to(65.0, 25.0)
line_to(65.0, 65.0)
stroke
set_line_width(10.0)
set_line_cap round
begin_path
move_to(25.0, 65.0)
line_to(65.0, 65.0)
stroke
set_line_width(10.0)
set_line_cap round
begin_path
move_to(25.0, 65.0)
line_to(25.0, 95.0)
stroke
begin_path
arc(65.0, 25.0, 5.0, 0.0, 6.283185307179586)
fill
begin_path
arc(65.0, 65.0, 5.0, 0.0, 6.283185307179586)
fill
begin_path
arc(25.0, 65.0, 5.0, 0.0, 6.283185307179586)
fill
set_fill #3c8dde
begin_path
arc(25.0, 95.0, 5.0, 0.0, 6.283185307179586)
fill
set_fill rgba(255, 255, 255, 0.3)
fill_rect(100.0, 20.0, 10.0, 10.0)
set_fill rgba(255, 255, 255, 0.27)
fill_rect(90.0, 20.0, 10.0, 10.0)
set_fill rgba(255, 255, 255, 0.24)
fill_rect(80.0, 20.0, 10.0, 10.0)
set_fill rgba(255, 255, 255, 0.21)
fill_rect(70.0, 20.0, 10.0, 10.0)
set_fill rgba(255, 255, 255, 0.18)
fill_rect(60.0, 20.0, 10.0, 10.0)
set_fill rgba(255, 255, 255, 0.15)
fill_rect(60.0, 30.0, 10.0, 10.0)
set_fill rgba(255, 255, 255, 0.12)
fill_rect(60.0, 40.0, 10.0, 10.0)
set_fill rgba(255, 255, 255, 0.09000000000000001)
fill_rect(60.0, 50.0, 10.0, 10.0)
set_fill rgba(255, 255, 255, 0.059999999999999984)
fill_rect(60.0, 60.0, 10.0, 10.0)
set_fill rgba(255, 255, 255, 0.029999999999999992)
fill_rect(50.0, 60.0, 10.0, 10.0)
set_fill #3c8dde
begin_path
arc(105.0, 25.0, 5.0, 0.0, 6.283185307179586)
fill
set_fill rgba(255, 255, 255, 0.3)
begin_path
arc(105.0, 25.0, 5.0, 0.0, 6.283185307179586)
fill
set_fill #333
begin_path
arc(105.0, 25.0, 3.8, 0.0, 6.283185307179586)
fill

# alive pose=zigzag cell=10.0 boost=true mask=none
set_stroke #fff200
set_line_width(16.0)
set_line_cap round
begin_path
move_to(65.0, 25.0)
line_to(105.0, 25.0)
stroke
set_line_width(16.0)
set_line_cap round
begin_path
move_to(65.0, 25.0)
line_to(65.0, 65.0)
stroke
set_line_width(16.0)
set_line_cap round
begin_path
move_to(25.0, 65.0)
line_to(65.0, 65.0)
stroke
set_line_width(16.0)
set_line_cap round
begin_path
move_to(25.0, 65.0)
line_to(25.0, 95.0)
stroke
set_fill #fff200
begin_path
arc(65.0, 25.0, 8.0, 0.0, 6.283185307179586)
fill
begin_path
arc(65.0, 65.0, 8.0, 0.0, 6.283185307179586)
fill
begin_path
arc(25.0, 65.0, 8.0, 0.0, 6.283185307179586)
fill
set_stroke #286eae
set_line_width(12.0)
set_line_cap round
begin_path
move_to(65.0, 25.0)
line_to(105.0, 25.0)
stroke
set_line_width(12.0)
set_line_cap round
begin_path
move_to(65.0, 25.0)
line_to(65.0, 65.0)
stroke
set_line_width(12.0)
set_line_cap round
begin_path
move_to(25.0, 65.0)
line_to(65.0, 65.0)
stroke
set_line_width(12.0)
set_line_cap round
begin_path
move_to(25.0, 65.0)
line_to(25.0, 95.0)
stroke
set_fill #286eae
begin_path
arc(65.0, 25.0, 6.0, 0.0, 6.283185307179586)
fill
begin_path
arc(65.0, 65.0, 6.0, 0.0, 6.283185307179586)
fill
begin_path
arc(25.0, 65.0, 6.0, 0.0, 6.283185307179586)
fill
set_stroke #3c8dde
set_fill #3c8dde
set_line_width(10.0)
set_line_cap round
begin_path
move_to(65.0, 25.0)
line_to(105.0, 25.0)
stroke
set_line_width(10.0)
set_line_cap round
begin_path
move_to(65.0, 25.0)
line_to(65.0, 65.0)
stroke
set_line_width(10.0)
set_line_cap round
begin_path
move_to(25.0, 65.0)
line_to(65.0, 65.0)
stroke
set_line_width(10.0)
set_line_cap round
begin_path
move_to(25.0, 65.0)
line_to(25.0, 95.0)
stroke
begin_path
arc(65.0, 25.0, 5.0, 0.0, 6.283185307179586)
fill
begin_path
arc(65.0, 65.0, 5.0, 0.0, 6.283185307179586)
fill
begin_path
arc(25.0, 65.0, 5.0, 0.0, 6.283185307179586)
fill
set_fill #3c8dde
begin_path
arc(25.0, 95.0, 5.0, 0.0, 6.283185307179586)
fill
set_fill rgba(255, 255, 255, 0.3)
fill_rect(100.0, 20.0, 10.0, 10.0)
set_fill rgba(255, 255, 255, 0.27)
fill_rect(90.0, 20.0, 10.0, 10.0)
set_fill rgba(255, 255, 255, 0.24)
fill_rect(80.0, 20.0, 10.0, 10.0)
set_fill rgba(255, 255, 255, 0.21)
fill_rect(70.0, 20.0, 10.0, 10.0)
set_fill rgba(255, 255, 255, 0.18)
fill_rect(60.0, 20.0, 10.0, 10.0)
set_fill rgba(255, 255, 255, 0.15)
fill_rect(60.0, 30.0, 10.0, 10.0)
set_fill rgba(255, 255, 255, 0.12)
fill_rect(60.0, 40.0, 10.0, 10.0)
set_fill rgba(255, 255, 255, 0.09000000000000001)
fill_rect(60.0, 50.0, 10.0, 10.0)
set_fill rgba(255, 255, 255, 0.059999999999999984)
fill_rect(60.0, 60.0, 10.0, 10.0)
set_fill rgba(255, 255, 255, 0.029999999999999992)
fill_rect(50.0, 60.0, 10.0, 10.0)
set_fill #3c8dde
begin_path
arc(105.0, 25.0, 5.0, 0.0, 6.283185307179586)
fill
set_fill rgba(255, 255, 255, 0.3)
begin_path
arc(105.0, 25.0, 5.0, 0.0, 6.283185307179586)
fill
set_fill #333
begin_path
arc(105.0, 25.0, 3.8, 0.0, 6.283185307179586)
fill

# alive pose=zigzag cell=10.0 boost=true mask=#ffffff
set_fill #ffffff
fill_rect(57.0, 17.0, 56.0, 16.0)
fill_rect(57.0, 17.0, 16.0, 56.0)
fill_rect(17.0, 57.0, 56.0, 16.0)
fill_rect(17.0, 57.0, 16.0, 46.0)
fill_rect(97.0, 17.0, 16.0, 16.0)
fill_rect(57.0, 17.0, 16.0, 16.0)
fill_rect(57.0, 57.0, 16.0, 16.0)
fill_rect(17.0, 57.0, 16.0, 16.0)
fill_rect(17.0, 87.0, 16.0, 16.0)
set_stroke #fff200
set_line_width(16.0)
set_line_cap round
begin_path
move_to(65.0, 25.0)
line_to(105.0, 25.0)
stroke
set_line_width(16.0)
set_line_cap round
begin_path
move_to(65.0, 25.0)
line_to(65.0, 65.0)
stroke
set_line_width(16.0)
set_line_cap round
begin_path
move_to(25.0, 65.0)
line_to(65.0, 65.0)
stroke
set_line_width(16.0)
set_line_cap round
begin_path
move_to(25.0, 65.0)
line_to(25.0, 95.0)
stroke
set_fill #fff200
begin_path
arc(65.0, 25.0, 8.0, 0.0, 6.283185307179586)
fill
begin_path
arc(65.0, 65.0, 8.0, 0.0, 6.283185307179586)
fill
begin_path
arc(25.0, 65.0, 8.0, 0.0, 6.283185307179586)
fill
set_stroke #286eae
set_line_width(12.0)
set_line_cap round
begin_path
move_to(65.0, 25.0)
line_to(105.0, 25.0)
stroke
set_line_width(12.0)
set_line_cap round
begin_path
move_to(65.0, 25.0)
line_to(65.0, 65.0)
stroke
set_line_width(12.0)
set_line_cap round
begin_path
move_to(25.0, 65.0)
line_to(65.0, 65.0)
stroke
set_line_width(12.0)
set_line_cap round
begin_path
move_to(25.0, 65.0)
line_to(25.0, 95.0)
stroke
set_fill #286eae
begin_path
arc(65.0, 25.0, 6.0, 0.0, 6.283185307179586)
fill
begin_path
arc(65.0, 65.0, 6.0, 0.0, 6.283185307179586)
fill
begin_path
arc(25.0, 65.0, 6.0, 0.0, 6.283185307179586)
fill
set_stroke #3c8dde
set_fill #3c8dde
set_line_width(10.0)
set_line_cap round
begin_path
move_to(65.0, 25.0)
line_to(105.0, 25.0)
stroke
set_line_width(10.0)
set_line_cap round
begin_path
move_to(65.0, 25.0)
line_to(65.0, 65.0)
stroke
set_line_width(10.0)
set_line_cap round
begin_path
move_to(25.0, 65.0)
line_to(65.0, 65.0)
stroke
set_line_width(10.0)
set_line_cap round
begin_path
move_to(25.0, 65.0)
line_to(25.0, 95.0)
stroke
begin_path
arc(65.0, 25.0, 5.0, 0.0, 6.283185307179586)
fill
begin_path
arc(65.0, 65.0, 5.0, 0.0, 6.283185307179586)
fill
begin_path
arc(25.0, 65.0, 5.0, 0.0, 6.283185307179586)
fill
set_fill #3c8dde
begin_path
arc(25.0, 95.0, 5.0, 0.0, 6.283185307179586)
fill
set_fill rgba(255, 255, 255, 0.3)
fill_rect(100.0, 20.0, 10.0, 10.0)
set_fill rgba(255, 255, 255, 0.27)
fill_rect(90.0, 20.0, 10.0, 10.0)
set_fill rgba(255, 255, 255, 0.24)
fill_rect(80.0, 20.0, 10.0, 10.0)
set_fill rgba(255, 255, 255, 0.21)
fill_rect(70.0, 20.0, 10.0, 10.0)
set_fill rgba(255, 255, 255, 0.18)
fill_rect(60.0, 20.0, 10.0, 10.0)
set_fill rgba(255, 255, 255, 0.15)
fill_rect(60.0, 30.0, 10.0, 10.0)
set_fill rgba(255, 255, 255, 0.12)
fill_rect(60.0, 40.0, 10.0, 10.0)
set_fill rgba(255, 255, 255, 0.09000000000000001)
fill_rect(60.0, 50.0, 10.0, 10.0)
set_fill rgba(255, 255, 255, 0.059999999999999984)
fill_rect(60.0, 60.0, 10.0, 10.0)
set_fill rgba(255, 255, 255, 0.029999999999999992)
fill_rect(50.0, 60.0, 10.0, 10.0)
set_fill #3c8dde
begin_path
arc(105.0, 25.0, 5.0, 0.0, 6.283185307179586)
fill
set_fill rgba(255, 255, 255, 0.3)
begin_path
arc(105.0, 25.0, 5.0, 0.0, 6.283185307179586)
fill
set_fill #333
begin_path
arc(105.0, 25.0, 3.8, 0.0, 6.283185307179586)
fill

# alive pose=zigzag cell=15.0 boost=false mask=none
set_stroke #286eae
set_line_width(17.0)
set_line_cap round
begin_path
move_to(97.5, 37.5)
line_to(157.5, 37.5)
stroke
set_line_width(17.0)
set_line_cap round
begin_path
move_to(97.5, 37.5)
line_to(97.5, 97.5)
stroke
set_line_width(17.0)
set_line_cap round
begin_path
move_to(37.5, 97.5)
line_to(97.5, 97.5)
stroke
set_line_width(17.0)
set_line_cap round
begin_path
move_to(37.5, 97.5)
line_to(37.5, 142.5)
stroke
set_fill #286eae
begin_path
arc(97.5, 37.5, 8.5, 0.0, 6.283185307179586)
fill
begin_path
arc(97.5, 97.5, 8.5, 0.0, 6.283185307179586)
fill
begin_path
arc(37.5, 97.5, 8.5, 0.0, 6.283185307179586)
fill
set_stroke #3c8dde
set_fill #3c8dde
set_line_width(15.0)
set_line_cap round
begin_path
move_to(97.5, 37.5)
line_to(157.5, 37.5)
stroke
set_line_width(15.0)
set_line_cap round
begin_path
move_to(97.5, 37.5)
line_to(97.5, 97.5)
stroke
set_line_width(15.0)
set_line_cap round
begin_path
move_to(37.5, 97.5)
line_to(97.5, 97.5)
stroke
set_line_width(15.0)
set_line_cap round
begin_path
move_to(37.5, 97.5)
line_to(37.5, 142.5)
stroke
begin_path
arc(97.5, 37.5, 7.5, 0.0, 6.283185307179586)
fill
begin_path
arc(97.5, 97.5, 7.5, 0.0, 6.283185307179586)
fill
begin_path
arc(37.5, 97.5, 7.5, 0.0, 6.283185307179586)
fill
set_fill #3c8dde
begin_path
arc(37.5, 142.5, 7.5, 0.0, 6.283185307179586)
fill
set_fill rgba(255, 255, 255, 0.3)
fill_rect(150.0, 30.0, 15.0, 15.0)
set_fill rgba(255, 255, 255, 0.27)
fill_rect(135.0, 30.0, 15.0, 15.0)
set_fill rgba(255, 255, 255, 0.24)
fill_rect(120.0, 30.0, 15.0, 15.0)
set_fill rgba(255, 255, 255, 0.21)
fill_rect(105.0, 30.0, 15.0, 15.0)
set_fill rgba(255, 255, 255, 0.18)
fill_rect(90.0, 30.0, 15.0, 15.0)
set_fill rgba(255, 255, 255, 0.15)
fill_rect(90.0, 45.0, 15.0, 15.0)
set_fill rgba(255, 255, 255, 0.12)
fill_rect(90.0, 60.0, 15.0, 15.0)
set_fill rgba(255, 255, 255, 0.09000000000000001)
fill_rect(90.0, 75.0, 15.0, 15.0)
set_fill rgba(255, 255, 255, 0.059999999999999984)
fill_rect(90.0, 90.0, 15.0, 15.0)
set_fill rgba(255, 255, 255, 0.029999999999999992)
fill_rect(75.0, 90.0, 15.0, 15.0)
set_fill #3c8dde
begin_path
arc(157.5, 37.5, 7.5, 0.0, 6.283185307179586)
fill
set_fill rgba(255, 255, 255, 0.3)
begin_path
arc(157.5, 37.5, 7.5, 0.0, 6.283185307179586)
fill
set_fill #333
begin_path
arc(157.5, 37.5, 5.7, 0.0, 6.283185307179586)
fill

# alive pose=zigzag cell=15.0 boost=false mask=#ffffff
set_fill #ffffff
fill_rect(89.0, 29.0, 77.0, 17.0)
fill_rect(89.0, 29.0, 17.0, 77.0)
fill_rect(29.0, 89.0, 77.0, 17.0)
fill_rect(29.0, 89.0, 17.0, 62.0)
fill_rect(149.0, 29.0, 17.0, 17.0)
fill_rect(89.0, 29.0, 17.0, 17.0)
fill_rect(89.0, 89.0, 17.0, 17.0)
fill_rect(29.0, 89.0, 17.0, 17.0)
fill_rect(29.0, 134.0, 17.0, 17.0)
set_stroke #286eae
set_line_width(17.0)
set_line_cap round
begin_path
move_to(97.5, 37.5)
line_to(157.5, 37.5)
stroke
set_line_width(17.0)
set_line_cap round
begin_path
move_to(97.5, 37.5)
line_to(97.5, 97.5)
stroke
set_line_width(17.0)
set_line_cap round
begin_path
move_to(37.5, 97.5)
line_to(97.5, 97.5)
stroke
set_line_width(17.0)
set_line_cap round
begin_path
move_to(37.5, 97.5)
line_to(37.5, 142.5)
stroke
set_fill #286eae
begin_path
arc(97.5, 37.5, 8.5, 0.0, 6.283185307179586)
fill
begin_path
arc(97.5, 97.5, 8.5, 0.0, 6.283185307179586)
fill
begin_path
arc(37.5, 97.5, 8.5, 0.0, 6.283185307179586)
fill
set_stroke #3c8dde
set_fill #3c8dde
set_line_width(15.0)
set_line_cap round
begin_path
move_to(97.5, 37.5)
line_to(157.5, 37.5)
stroke
set_line_width(15.0)
set_line_cap round
begin_path
move_to(97.5, 37.5)
line_to(97.5, 97.5)
stroke
set_line_width(15.0)
set_line_cap round
begin_path
move_to(37.5, 97.5)
line_to(97.5, 97.5)
stroke
set_line_width(15.0)
set_line_cap round
begin_path
move_to(37.5, 97.5)
line_to(37.5, 142.5)
stroke
begin_path
arc(97.5, 37.5, 7.5, 0.0, 6.283185307179586)
fill
begin_path
arc(97.5, 97.5, 7.5, 0.0, 6.283185307179586)
fill
begin_path
arc(37.5, 97.5, 7.5, 0.0, 6.283185307179586)
fill
set_fill #3c8dde
begin_path
arc(37.5, 142.5, 7.5, 0.0, 6.283185307179586)
fill
set_fill rgba(255, 255, 255, 0.3)
fill_rect(150.0, 30.0, 15.0, 15.0)
set_fill rgba(255, 255, 255, 0.27)
fill_rect(135.0, 30.0, 15.0, 15.0)
set_fill rgba(255, 255, 255, 0.24)
fill_rect(120.0, 30.0, 15.0, 15.0)
set_fill rgba(255, 255, 255, 0.21)
fill_rect(105.0, 30.0, 15.0, 15.0)
set_fill rgba(255, 255, 255, 0.18)
fill_rect(90.0, 30.0, 15.0, 15.0)
set_fill rgba(255, 255, 255, 0.15)
fill_rect(90.0, 45.0, 15.0, 15.0)
set_fill rgba(255, 255, 255, 0.12)
fill_rect(90.0, 60.0, 15.0, 15.0)
set_fill rgba(255, 255, 255, 0.09000000000000001)
fill_rect(90.0, 75.0, 15.0, 15.0)
set_fill rgba(255, 255, 255, 0.059999999999999984)
fill_rect(90.0, 90.0, 15.0, 15.0)
set_fill rgba(255, 255, 255, 0.029999999999999992)
fill_rect(75.0, 90.0, 15.0, 15.0)
set_fill #3c8dde
begin_path
arc(157.5, 37.5, 7.5, 0.0, 6.283185307179586)
fill
set_fill rgba(255, 255, 255, 0.3)
begin_path
arc(157.5, 37.5, 7.5, 0.0, 6.283185307179586)
fill
set_fill #333
begin_path
arc(157.5, 37.5, 5.7, 0.0, 6.283185307179586)
fill

# alive pose=zigzag cell=15.0 boost=true mask=none
set_stroke #fff200
set_line_width(21.0)
set_line_cap round
begin_path
move_to(97.5, 37.5)
line_to(157.5, 37.5)
stroke
set_line_width(21.0)
set_line_cap round
begin_path
move_to(97.5, 37.5)
line_to(97.5, 97.5)
stroke
set_line_width(21.0)
set_line_cap round
begin_path
move_to(37.5, 97.5)
line_to(97.5, 97.5)
stroke
set_line_width(21.0)
set_line_cap round
begin_path
move_to(37.5, 97.5)
line_to(37.5, 142.5)
stroke
set_fill #fff200
begin_path
arc(97.5, 37.5, 10.5, 0.0, 6.283185307179586)
fill
begin_path
arc(97.5, 97.5, 10.5, 0.0, 6.283185307179586)
fill
begin_path
arc(37.5, 97.5, 10.5, 0.0, 6.283185307179586)
fill
set_stroke #286eae
set_line_width(17.0)
set_line_cap round
begin_path
move_to(97.5, 37.5)
line_to(157.5, 37.5)
stroke
set_line_width(17.0)
set_line_cap round
begin_path
move_to(97.5, 37.5)
line_to(97.5, 97.5)
stroke
set_line_width(17.0)
set_line_cap round
begin_path
move_to(37.5, 97.5)
line_to(97.5, 97.5)
stroke
set_line_width(17.0)
set_line_cap round
begin_path
move_to(37.5, 97.5)
line_to(37.5, 142.5)
stroke
set_fill #286eae
begin_path
arc(97.5, 37.5, 8.5, 0.0, 6.283185307179586)
fill
begin_path
arc(97.5, 97.5, 8.5, 0.0, 6.283185307179586)
fill
begin_path
arc(37.5, 97.5, 8.5, 0.0, 6.283185307179586)
fill
set_stroke #3c8dde
set_fill #3c8dde
set_line_width(15.0)
set_line_cap round
begin_path
move_to(97.5, 37.5)
line_to(157.5, 37.5)
stroke
set_line_width(15.0)
set_line_cap round
begin_path
move_to(97.5, 37.5)
line_to(97.5, 97.5)
stroke
set_line_width(15.0)
set_line_cap round
begin_path
move_to(37.5, 97.5)
line_to(97.5, 97.5)
stroke
set_line_width(15.0)
set_line_cap round
begin_path
move_to(37.5, 97.5)
line_to(37.5, 142.5)
stroke
begin_path
arc(97.5, 37.5, 7.5, 0.0, 6.283185307179586)
fill
begin_path
arc(97.5, 97.5, 7.5, 0.0, 6.283185307179586)
fill
begin_path
arc(37.5, 97.5, 7.5, 0.0, 6.283185307179586)
fill
set_fill #3c8dde
begin_path
arc(37.5, 142.5, 7.5, 0.0, 6.283185307179586)
fill
set_fill rgba(255, 255, 255, 0.3)
fill_rect(150.0, 30.0, 15.0, 15.0)
set_fill rgba(255, 255, 255, 0.27)
fill_rect(135.0, 30.0, 15.0, 15.0)
set_fill rgba(255, 255, 255, 0.24)
fill_rect(120.0, 30.0, 15.0, 15.0)
set_fill rgba(255, 255, 255, 0.21)
fill_rect(105.0, 30.0, 15.0, 15.0)
set_fill rgba(255, 255, 255, 0.18)
fill_rect(90.0, 30.0, 15.0, 15.0)
set_fill rgba(255, 255, 255, 0.15)
fill_rect(90.0, 45.0, 15.0, 15.0)
set_fill rgba(255, 255, 255, 0.12)
fill_rect(90.0, 60.0, 15.0, 15.0)
set_fill rgba(255, 255, 255, 0.09000000000000001)
fill_rect(90.0, 75.0, 15.0, 15.0)
set_fill rgba(255, 255, 255, 0.059999999999999984)
fill_rect(90.0, 90.0, 15.0, 15.0)
set_fill rgba(255, 255, 255, 0.029999999999999992)
fill_rect(75.0, 90.0, 15.0, 15.0)
set_fill #3c8dde
begin_path
arc(157.5, 37.5, 7.5, 0.0, 6.283185307179586)
fill
set_fill rgba(255, 255, 255, 0.3)
begin_path
arc(157.5, 37.5, 7.5, 0.0, 6.283185307179586)
fill
set_fill #333
begin_path
arc(157.5, 37.5, 5.7, 0.0, 6.283185307179586)
fill

# alive pose=zigzag cell=15.0 boost=true mask=#ffffff
set_fill #ffffff
fill_rect(87.0, 27.0, 81.0, 21.0)
fill_rect(87.0, 27.0, 21.0, 81.0)
fill_rect(27.0, 87.0, 81.0, 21.0)
fill_rect(27.0, 87.0, 21.0, 66.0)
fill_rect(147.0, 27.0, 21.0, 21.0)
fill_rect(87.0, 27.0, 21.0, 21.0)
fill_rect(87.0, 87.0, 21.0, 21.0)
fill_rect(27.0, 87.0, 21.0, 21.0)
fill_rect(27.0, 132.0, 21.0, 21.0)
set_stroke #fff200
set_line_width(21.0)
set_line_cap round
begin_path
move_to(97.5, 37.5)
line_to(157.5, 37.5)
stroke
set_line_width(21.0)
set_line_cap round
begin_path
move_to(97.5, 37.5)
line_to(97.5, 97.5)
stroke
set_line_width(21.0)
set_line_cap round
begin_path
move_to(37.5, 97.5)
line_to(97.5, 97.5)
stroke
set_line_width(21.0)
set_line_cap round
begin_path
move_to(37.5, 97.5)
line_to(37.5, 142.5)
stroke
set_fill #fff200
begin_path
arc(97.5, 37.5, 10.5, 0.0, 6.283185307179586)
fill
begin_path
arc(97.5, 97.5, 10.5, 0.0, 6.283185307179586)
fill
begin_path
arc(37.5, 97.5, 10.5, 0.0, 6.283185307179586)
fill
set_stroke #286eae
set_line_width(17.0)
set_line_cap round
begin_path
move_to(97.5, 37.5)
line_to(157.5, 37.5)
stroke
set_line_width(17.0)
set_line_cap round
begin_path
move_to(97.5, 37.5)
line_to(97.5, 97.5)
stroke
set_line_width(17.0)
set_line_cap round
begin_path
move_to(37.5, 97.5)
line_to(97.5, 97.5)
stroke
set_line_width(17.0)
set_line_cap round
begin_path
move_to(37.5, 97.5)
line_to(37.5, 142.5)
stroke
set_fill #286eae
begin_path
arc(97.5, 37.5, 8.5, 0.0, 6.283185307179586)
fill
begin_path
arc(97.5, 97.5, 8.5, 0.0, 6.283185307179586)
fill
begin_path
arc(37.5, 97.5, 8.5, 0.0, 6.283185307179586)
fill
set_stroke #3c8dde
set_fill #3c8dde
set_line_width(15.0)
set_line_cap round
begin_path
move_to(97.5, 37.5)
line_to(157.5, 37.5)
stroke
set_line_width(15.0)
set_line_cap round
begin_path
move_to(97.5, 37.5)
line_to(97.5, 97.5)
stroke
set_line_width(15.0)
set_line_cap round
begin_path
move_to(37.5, 97.5)
line_to(97.5, 97.5)
stroke
set_line_width(15.0)
set_line_cap round
begin_path
move_to(37.5, 97.5)
line_to(37.5, 142.5)
stroke
begin_path
arc(97.5, 37.5, 7.5, 0.0, 6.283185307179586)
fill
begin_path
arc(97.5, 97.5, 7.5, 0.0, 6.283185307179586)
fill
begin_path
arc(37.5, 97.5, 7.5, 0.0, 6.283185307179586)
fill
set_fill #3c8dde
begin_path
arc(37.5, 142.5, 7.5, 0.0, 6.283185307179586)
fill
set_fill rgba(255, 255, 255, 0.3)
fill_rect(150.0, 30.0, 15.0, 15.0)
set_fill rgba(255, 255, 255, 0.27)
fill_rect(135.0, 30.0, 15.0, 15.0)
set_fill rgba(255, 255, 255, 0.24)
fill_rect(120.0, 30.0, 15.0, 15.0)
set_fill rgba(255, 255, 255, 0.21)
fill_rect(105.0, 30.0, 15.0, 15.0)
set_fill rgba(255, 255, 255, 0.18)
fill_rect(90.0, 30.0, 15.0, 15.0)
set_fill rgba(255, 255, 255, 0.15)
fill_rect(90.0, 45.0, 15.0, 15.0)
set_fill rgba(255, 255, 255, 0.12)
fill_rect(90.0, 60.0, 15.0, 15.0)
set_fill rgba(255, 255, 255, 0.09000000000000001)
fill_rect(90.0, 75.0, 15.0, 15.0)
set_fill rgba(255, 255, 255, 0.059999999999999984)
fill_rect(90.0, 90.0, 15.0, 15.0)
set_fill rgba(255, 255, 255, 0.029999999999999992)
fill_rect(75.0, 90.0, 15.0, 15.0)
set_fill #3c8dde
begin_path
arc(157.5, 37.5, 7.5, 0.0, 6.283185307179586)
fill
set_fill rgba(255, 255, 255, 0.3)
begin_path
arc(157.5, 37.5, 7.5, 0.0, 6.283185307179586)
fill
set_fill #333
begin_path
arc(157.5, 37.5, 5.7, 0.0, 6.283185307179586)
fill

# alive pose=longer_than_head_gradient cell=5.0 boost=false mask=none
set_stroke #286eae
set_line_width(7.0)
set_line_cap round
begin_path
move_to(2.5, 22.5)
line_to(102.5, 22.5)
stroke
set_fill #286eae
set_stroke #3c8dde
set_fill #3c8dde
set_line_width(5.0)
set_line_cap round
begin_path
move_to(2.5, 22.5)
line_to(102.5, 22.5)
stroke
set_fill #3c8dde
begin_path
arc(2.5, 22.5, 2.5, 0.0, 6.283185307179586)
fill
set_fill rgba(255, 255, 255, 0.3)
fill_rect(100.0, 20.0, 5.0, 5.0)
set_fill rgba(255, 255, 255, 0.27)
fill_rect(95.0, 20.0, 5.0, 5.0)
set_fill rgba(255, 255, 255, 0.24)
fill_rect(90.0, 20.0, 5.0, 5.0)
set_fill rgba(255, 255, 255, 0.21)
fill_rect(85.0, 20.0, 5.0, 5.0)
set_fill rgba(255, 255, 255, 0.18)
fill_rect(80.0, 20.0, 5.0, 5.0)
set_fill rgba(255, 255, 255, 0.15)
fill_rect(75.0, 20.0, 5.0, 5.0)
set_fill rgba(255, 255, 255, 0.12)
fill_rect(70.0, 20.0, 5.0, 5.0)
set_fill rgba(255, 255, 255, 0.09000000000000001)
fill_rect(65.0, 20.0, 5.0, 5.0)
set_fill rgba(255, 255, 255, 0.059999999999999984)
fill_rect(60.0, 20.0, 5.0, 5.0)
set_fill rgba(255, 255, 255, 0.029999999999999992)
fill_rect(55.0, 20.0, 5.0, 5.0)
set_fill #3c8dde
begin_path
arc(102.5, 22.5, 2.5, 0.0, 6.283185307179586)
fill
set_fill rgba(255, 255, 255, 0.3)
begin_path
arc(102.5, 22.5, 2.5, 0.0, 6.283185307179586)
fill
set_fill #333
begin_path
arc(102.5, 22.5, 1.9, 0.0, 6.283185307179586)
fill

# alive pose=longer_than_head_gradient cell=5.0 boost=false mask=#ffffff
set_fill #ffffff
fill_rect(-1.0, 19.0, 107.0, 7.0)
fill_rect(99.0, 19.0, 7.0, 7.0)
fill_rect(-1.0, 19.0, 7.0, 7.0)
set_stroke #286eae
set_line_width(7.0)
set_line_cap round
begin_path
move_to(2.5, 22.5)
line_to(102.5, 22.5)
stroke
set_fill #286eae
set_stroke #3c8dde
set_fill #3c8dde
set_line_width(5.0)
set_line_cap round
begin_path
move_to(2.5, 22.5)
line_to(102.5, 22.5)
stroke
set_fill #3c8dde
begin_path
arc(2.5, 22.5, 2.5, 0.0, 6.283185307179586)
fill
set_fill rgba(255, 255, 255, 0.3)
fill_rect(100.0, 20.0, 5.0, 5.0)
set_fill rgba(255, 255, 255, 0.27)
fill_rect(95.0, 20.0, 5.0, 5.0)
set_fill rgba(255, 255, 255, 0.24)
fill_rect(90.0, 20.0, 5.0, 5.0)
set_fill rgba(255, 255, 255, 0.21)
fill_rect(85.0, 20.0, 5.0, 5.0)
set_fill rgba(255, 255, 255, 0.18)
fill_rect(80.0, 20.0, 5.0, 5.0)
set_fill rgba(255, 255, 255, 0.15)
fill_rect(75.0, 20.0, 5.0, 5.0)
set_fill rgba(255, 255, 255, 0.12)
fill_rect(70.0, 20.0, 5.0, 5.0)
set_fill rgba(255, 255, 255, 0.09000000000000001)
fill_rect(65.0, 20.0, 5.0, 5.0)
set_fill rgba(255, 255, 255, 0.059999999999999984)
fill_rect(60.0, 20.0, 5.0, 5.0)
set_fill rgba(255, 255, 255, 0.029999999999999992)
fill_rect(55.0, 20.0, 5.0, 5.0)
set_fill #3c8dde
begin_path
arc(102.5, 22.5, 2.5, 0.0, 6.283185307179586)
fill
set_fill rgba(255, 255, 255, 0.3)
begin_path
arc(102.5, 22.5, 2.5, 0.0, 6.283185307179586)
fill
set_fill #333
begin_path
arc(102.5, 22.5, 1.9, 0.0, 6.283185307179586)
fill

# alive pose=longer_than_head_gradient cell=5.0 boost=true mask=none
set_stroke #fff200
set_line_width(11.0)
set_line_cap round
begin_path
move_to(2.5, 22.5)
line_to(102.5, 22.5)
stroke
set_fill #fff200
set_stroke #286eae
set_line_width(7.0)
set_line_cap round
begin_path
move_to(2.5, 22.5)
line_to(102.5, 22.5)
stroke
set_fill #286eae
set_stroke #3c8dde
set_fill #3c8dde
set_line_width(5.0)
set_line_cap round
begin_path
move_to(2.5, 22.5)
line_to(102.5, 22.5)
stroke
set_fill #3c8dde
begin_path
arc(2.5, 22.5, 2.5, 0.0, 6.283185307179586)
fill
set_fill rgba(255, 255, 255, 0.3)
fill_rect(100.0, 20.0, 5.0, 5.0)
set_fill rgba(255, 255, 255, 0.27)
fill_rect(95.0, 20.0, 5.0, 5.0)
set_fill rgba(255, 255, 255, 0.24)
fill_rect(90.0, 20.0, 5.0, 5.0)
set_fill rgba(255, 255, 255, 0.21)
fill_rect(85.0, 20.0, 5.0, 5.0)
set_fill rgba(255, 255, 255, 0.18)
fill_rect(80.0, 20.0, 5.0, 5.0)
set_fill rgba(255, 255, 255, 0.15)
fill_rect(75.0, 20.0, 5.0, 5.0)
set_fill rgba(255, 255, 255, 0.12)
fill_rect(70.0, 20.0, 5.0, 5.0)
set_fill rgba(255, 255, 255, 0.09000000000000001)
fill_rect(65.0, 20.0, 5.0, 5.0)
set_fill rgba(255, 255, 255, 0.059999999999999984)
fill_rect(60.0, 20.0, 5.0, 5.0)
set_fill rgba(255, 255, 255, 0.029999999999999992)
fill_rect(55.0, 20.0, 5.0, 5.0)
set_fill #3c8dde
begin_path
arc(102.5, 22.5, 2.5, 0.0, 6.283185307179586)
fill
set_fill rgba(255, 255, 255, 0.3)
begin_path
arc(102.5, 22.5, 2.5, 0.0, 6.283185307179586)
fill
set_fill #333
begin_path
arc(102.5, 22.5, 1.9, 0.0, 6.283185307179586)
fill

# alive pose=longer_than_head_gradient cell=5.0 boost=true mask=#ffffff
set_fill #ffffff
fill_rect(-3.0, 17.0, 111.0, 11.0)
fill_rect(97.0, 17.0, 11.0, 11.0)
fill_rect(-3.0, 17.0, 11.0, 11.0)
set_stroke #fff200
set_line_width(11.0)
set_line_cap round
begin_path
move_to(2.5, 22.5)
line_to(102.5, 22.5)
stroke
set_fill #fff200
set_stroke #286eae
set_line_width(7.0)
set_line_cap round
begin_path
move_to(2.5, 22.5)
line_to(102.5, 22.5)
stroke
set_fill #286eae
set_stroke #3c8dde
set_fill #3c8dde
set_line_width(5.0)
set_line_cap round
begin_path
move_to(2.5, 22.5)
line_to(102.5, 22.5)
stroke
set_fill #3c8dde
begin_path
arc(2.5, 22.5, 2.5, 0.0, 6.283185307179586)
fill
set_fill rgba(255, 255, 255, 0.3)
fill_rect(100.0, 20.0, 5.0, 5.0)
set_fill rgba(255, 255, 255, 0.27)
fill_rect(95.0, 20.0, 5.0, 5.0)
set_fill rgba(255, 255, 255, 0.24)
fill_rect(90.0, 20.0, 5.0, 5.0)
set_fill rgba(255, 255, 255, 0.21)
fill_rect(85.0, 20.0, 5.0, 5.0)
set_fill rgba(255, 255, 255, 0.18)
fill_rect(80.0, 20.0, 5.0, 5.0)
set_fill rgba(255, 255, 255, 0.15)
fill_rect(75.0, 20.0, 5.0, 5.0)
set_fill rgba(255, 255, 255, 0.12)
fill_rect(70.0, 20.0, 5.0, 5.0)
set_fill rgba(255, 255, 255, 0.09000000000000001)
fill_rect(65.0, 20.0, 5.0, 5.0)
set_fill rgba(255, 255, 255, 0.059999999999999984)
fill_rect(60.0, 20.0, 5.0, 5.0)
set_fill rgba(255, 255, 255, 0.029999999999999992)
fill_rect(55.0, 20.0, 5.0, 5.0)
set_fill #3c8dde
begin_path
arc(102.5, 22.5, 2.5, 0.0, 6.283185307179586)
fill
set_fill rgba(255, 255, 255, 0.3)
begin_path
arc(102.5, 22.5, 2.5, 0.0, 6.283185307179586)
fill
set_fill #333
begin_path
arc(102.5, 22.5, 1.9, 0.0, 6.283185307179586)
fill

# alive pose=longer_than_head_gradient cell=10.0 boost=false mask=none
set_stroke #286eae
set_line_width(12.0)
set_line_cap round
begin_path
move_to(5.0, 45.0)
line_to(205.0, 45.0)
stroke
set_fill #286eae
set_stroke #3c8dde
set_fill #3c8dde
set_line_width(10.0)
set_line_cap round
begin_path
move_to(5.0, 45.0)
line_to(205.0, 45.0)
stroke
set_fill #3c8dde
begin_path
arc(5.0, 45.0, 5.0, 0.0, 6.283185307179586)
fill
set_fill rgba(255, 255, 255, 0.3)
fill_rect(200.0, 40.0, 10.0, 10.0)
set_fill rgba(255, 255, 255, 0.27)
fill_rect(190.0, 40.0, 10.0, 10.0)
set_fill rgba(255, 255, 255, 0.24)
fill_rect(180.0, 40.0, 10.0, 10.0)
set_fill rgba(255, 255, 255, 0.21)
fill_rect(170.0, 40.0, 10.0, 10.0)
set_fill rgba(255, 255, 255, 0.18)
fill_rect(160.0, 40.0, 10.0, 10.0)
set_fill rgba(255, 255, 255, 0.15)
fill_rect(150.0, 40.0, 10.0, 10.0)
set_fill rgba(255, 255, 255, 0.12)
fill_rect(140.0, 40.0, 10.0, 10.0)
set_fill rgba(255, 255, 255, 0.09000000000000001)
fill_rect(130.0, 40.0, 10.0, 10.0)
set_fill rgba(255, 255, 255, 0.059999999999999984)
fill_rect(120.0, 40.0, 10.0, 10.0)
set_fill rgba(255, 255, 255, 0.029999999999999992)
fill_rect(110.0, 40.0, 10.0, 10.0)
set_fill #3c8dde
begin_path
arc(205.0, 45.0, 5.0, 0.0, 6.283185307179586)
fill
set_fill rgba(255, 255, 255, 0.3)
begin_path
arc(205.0, 45.0, 5.0, 0.0, 6.283185307179586)
fill
set_fill #333
begin_path
arc(205.0, 45.0, 3.8, 0.0, 6.283185307179586)
fill

# alive pose=longer_than_head_gradient cell=10.0 boost=false mask=#ffffff
set_fill #ffffff
fill_rect(-1.0, 39.0, 212.0, 12.0)
fill_rect(199.0, 39.0, 12.0, 12.0)
fill_rect(-1.0, 39.0, 12.0, 12.0)
set_stroke #286eae
set_line_width(12.0)
set_line_cap round
begin_path
move_to(5.0, 45.0)
line_to(205.0, 45.0)
stroke
set_fill #286eae
set_stroke #3c8dde
set_fill #3c8dde
set_line_width(10.0)
set_line_cap round
begin_path
move_to(5.0, 45.0)
line_to(205.0, 45.0)
stroke
set_fill #3c8dde
begin_path
arc(5.0, 45.0, 5.0, 0.0, 6.283185307179586)
fill
set_fill rgba(255, 255, 255, 0.3)
fill_rect(200.0, 40.0, 10.0, 10.0)
set_fill rgba(255, 255, 255, 0.27)
fill_rect(190.0, 40.0, 10.0, 10.0)
set_fill rgba(255, 255, 255, 0.24)
fill_rect(180.0, 40.0, 10.0, 10.0)
set_fill rgba(255, 255, 255, 0.21)
fill_rect(170.0, 40.0, 10.0, 10.0)
set_fill rgba(255, 255, 255, 0.18)
fill_rect(160.0, 40.0, 10.0, 10.0)
set_fill rgba(255, 255, 255, 0.15)
fill_rect(150.0, 40.0, 10.0, 10.0)
set_fill rgba(255, 255, 255, 0.12)
fill_rect(140.0, 40.0, 10.0, 10.0)
set_fill rgba(255, 255, 255, 0.09000000000000001)
fill_rect(130.0, 40.0, 10.0, 10.0)
set_fill rgba(255, 255, 255, 0.059999999999999984)
fill_rect(120.0, 40.0, 10.0, 10.0)
set_fill rgba(255, 255, 255, 0.029999999999999992)
fill_rect(110.0, 40.0, 10.0, 10.0)
set_fill #3c8dde
begin_path
arc(205.0, 45.0, 5.0, 0.0, 6.283185307179586)
fill
set_fill rgba(255, 255, 255, 0.3)
begin_path
arc(205.0, 45.0, 5.0, 0.0, 6.283185307179586)
fill
set_fill #333
begin_path
arc(205.0, 45.0, 3.8, 0.0, 6.283185307179586)
fill

# alive pose=longer_than_head_gradient cell=10.0 boost=true mask=none
set_stroke #fff200
set_line_width(16.0)
set_line_cap round
begin_path
move_to(5.0, 45.0)
line_to(205.0, 45.0)
stroke
set_fill #fff200
set_stroke #286eae
set_line_width(12.0)
set_line_cap round
begin_path
move_to(5.0, 45.0)
line_to(205.0, 45.0)
stroke
set_fill #286eae
set_stroke #3c8dde
set_fill #3c8dde
set_line_width(10.0)
set_line_cap round
begin_path
move_to(5.0, 45.0)
line_to(205.0, 45.0)
stroke
set_fill #3c8dde
begin_path
arc(5.0, 45.0, 5.0, 0.0, 6.283185307179586)
fill
set_fill rgba(255, 255, 255, 0.3)
fill_rect(200.0, 40.0, 10.0, 10.0)
set_fill rgba(255, 255, 255, 0.27)
fill_rect(190.0, 40.0, 10.0, 10.0)
set_fill rgba(255, 255, 255, 0.24)
fill_rect(180.0, 40.0, 10.0, 10.0)
set_fill rgba(255, 255, 255, 0.21)
fill_rect(170.0, 40.0, 10.0, 10.0)
set_fill rgba(255, 255, 255, 0.18)
fill_rect(160.0, 40.0, 10.0, 10.0)
set_fill rgba(255, 255, 255, 0.15)
fill_rect(150.0, 40.0, 10.0, 10.0)
set_fill rgba(255, 255, 255, 0.12)
fill_rect(140.0, 40.0, 10.0, 10.0)
set_fill rgba(255, 255, 255, 0.09000000000000001)
fill_rect(130.0, 40.0, 10.0, 10.0)
set_fill rgba(255, 255, 255, 0.059999999999999984)
fill_rect(120.0, 40.0, 10.0, 10.0)
set_fill rgba(255, 255, 255, 0.029999999999999992)
fill_rect(110.0, 40.0, 10.0, 10.0)
set_fill #3c8dde
begin_path
arc(205.0, 45.0, 5.0, 0.0, 6.283185307179586)
fill
set_fill rgba(255, 255, 255, 0.3)
begin_path
arc(205.0, 45.0, 5.0, 0.0, 6.283185307179586)
fill
set_fill #333
begin_path
arc(205.0, 45.0, 3.8, 0.0, 6.283185307179586)
fill

# alive pose=longer_than_head_gradient cell=10.0 boost=true mask=#ffffff
set_fill #ffffff
fill_rect(-3.0, 37.0, 216.0, 16.0)
fill_rect(197.0, 37.0, 16.0, 16.0)
fill_rect(-3.0, 37.0, 16.0, 16.0)
set_stroke #fff200
set_line_width(16.0)
set_line_cap round
begin_path
move_to(5.0, 45.0)
line_to(205.0, 45.0)
stroke
set_fill #fff200
set_stroke #286eae
set_line_width(12.0)
set_line_cap round
begin_path
move_to(5.0, 45.0)
line_to(205.0, 45.0)
stroke
set_fill #286eae
set_stroke #3c8dde
set_fill #3c8dde
set_line_width(10.0)
set_line_cap round
begin_path
move_to(5.0, 45.0)
line_to(205.0, 45.0)
stroke
set_fill #3c8dde
begin_path
arc(5.0, 45.0, 5.0, 0.0, 6.283185307179586)
fill
set_fill rgba(255, 255, 255, 0.3)
fill_rect(200.0, 40.0, 10.0, 10.0)
set_fill rgba(255, 255, 255, 0.27)
fill_rect(190.0, 40.0, 10.0, 10.0)
set_fill rgba(255, 255, 255, 0.24)
fill_rect(180.0, 40.0, 10.0, 10.0)
set_fill rgba(255, 255, 255, 0.21)
fill_rect(170.0, 40.0, 10.0, 10.0)
set_fill rgba(255, 255, 255, 0.18)
fill_rect(160.0, 40.0, 10.0, 10.0)
set_fill rgba(255, 255, 255, 0.15)
fill_rect(150.0, 40.0, 10.0, 10.0)
set_fill rgba(255, 255, 255, 0.12)
fill_rect(140.0, 40.0, 10.0, 10.0)
set_fill rgba(255, 255, 255, 0.09000000000000001)
fill_rect(130.0, 40.0, 10.0, 10.0)
set_fill rgba(255, 255, 255, 0.059999999999999984)
fill_rect(120.0, 40.0, 10.0, 10.0)
set_fill rgba(255, 255, 255, 0.029999999999999992)
fill_rect(110.0, 40.0, 10.0, 10.0)
set_fill #3c8dde
begin_path
arc(205.0, 45.0, 5.0, 0.0, 6.283185307179586)
fill
set_fill rgba(255, 255, 255, 0.3)
begin_path
arc(205.0, 45.0, 5.0, 0.0, 6.283185307179586)
fill
set_fill #333
begin_path
arc(205.0, 45.0, 3.8, 0.0, 6.283185307179586)
fill

# alive pose=longer_than_head_gradient cell=15.0 boost=false mask=none
set_stroke #286eae
set_line_width(17.0)
set_line_cap round
begin_path
move_to(7.5, 67.5)
line_to(307.5, 67.5)
stroke
set_fill #286eae
set_stroke #3c8dde
set_fill #3c8dde
set_line_width(15.0)
set_line_cap round
begin_path
move_to(7.5, 67.5)
line_to(307.5, 67.5)
stroke
set_fill #3c8dde
begin_path
arc(7.5, 67.5, 7.5, 0.0, 6.283185307179586)
fill
set_fill rgba(255, 255, 255, 0.3)
fill_rect(300.0, 60.0, 15.0, 15.0)
set_fill rgba(255, 255, 255, 0.27)
fill_rect(285.0, 60.0, 15.0, 15.0)
set_fill rgba(255, 255, 255, 0.24)
fill_rect(270.0, 60.0, 15.0, 15.0)
set_fill rgba(255, 255, 255, 0.21)
fill_rect(255.0, 60.0, 15.0, 15.0)
set_fill rgba(255, 255, 255, 0.18)
fill_rect(240.0, 60.0, 15.0, 15.0)
set_fill rgba(255, 255, 255, 0.15)
fill_rect(225.0, 60.0, 15.0, 15.0)
set_fill rgba(255, 255, 255, 0.12)
fill_rect(210.0, 60.0, 15.0, 15.0)
set_fill rgba(255, 255, 255, 0.09000000000000001)
fill_rect(195.0, 60.0, 15.0, 15.0)
set_fill rgba(255, 255, 255, 0.059999999999999984)
fill_rect(180.0, 60.0, 15.0, 15.0)
set_fill rgba(255, 255, 255, 0.029999999999999992)
fill_rect(165.0, 60.0, 15.0, 15.0)
set_fill #3c8dde
begin_path
arc(307.5, 67.5, 7.5, 0.0, 6.283185307179586)
fill
set_fill rgba(255, 255, 255, 0.3)
begin_path
arc(307.5, 67.5, 7.5, 0.0, 6.283185307179586)
fill
set_fill #333
begin_path
arc(307.5, 67.5, 5.7, 0.0, 6.283185307179586)
fill

# alive pose=longer_than_head_gradient cell=15.0 boost=false mask=#ffffff
set_fill #ffffff
fill_rect(-1.0, 59.0, 317.0, 17.0)
fill_rect(299.0, 59.0, 17.0, 17.0)
fill_rect(-1.0, 59.0, 17.0, 17.0)
set_stroke #286eae
set_line_width(17.0)
set_line_cap round
begin_path
move_to(7.5, 67.5)
line_to(307.5, 67.5)
stroke
set_fill #286eae
set_stroke #3c8dde
set_fill #3c8dde
set_line_width(15.0)
set_line_cap round
begin_path
move_to(7.5, 67.5)
line_to(307.5, 67.5)
stroke
set_fill #3c8dde
begin_path
arc(7.5, 67.5, 7.5, 0.0, 6.283185307179586)
fill
set_fill rgba(255, 255, 255, 0.3)
fill_rect(300.0, 60.0, 15.0, 15.0)
set_fill rgba(255, 255, 255, 0.27)
fill_rect(285.0, 60.0, 15.0, 15.0)
set_fill rgba(255, 255, 255, 0.24)
fill_rect(270.0, 60.0, 15.0, 15.0)
set_fill rgba(255, 255, 255, 0.21)
fill_rect(255.0, 60.0, 15.0, 15.0)
set_fill rgba(255, 255, 255, 0.18)
fill_rect(240.0, 60.0, 15.0, 15.0)
set_fill rgba(255, 255, 255, 0.15)
fill_rect(225.0, 60.0, 15.0, 15.0)
set_fill rgba(255, 255, 255, 0.12)
fill_rect(210.0, 60.0, 15.0, 15.0)
set_fill rgba(255, 255, 255, 0.09000000000000001)
fill_rect(195.0, 60.0, 15.0, 15.0)
set_fill rgba(255, 255, 255, 0.059999999999999984)
fill_rect(180.0, 60.0, 15.0, 15.0)
set_fill rgba(255, 255, 255, 0.029999999999999992)
fill_rect(165.0, 60.0, 15.0, 15.0)
set_fill #3c8dde
begin_path
arc(307.5, 67.5, 7.5, 0.0, 6.283185307179586)
fill
set_fill rgba(255, 255, 255, 0.3)
begin_path
arc(307.5, 67.5, 7.5, 0.0, 6.283185307179586)
fill
set_fill #333
begin_path
arc(307.5, 67.5, 5.7, 0.0, 6.283185307179586)
fill

# alive pose=longer_than_head_gradient cell=15.0 boost=true mask=none
set_stroke #fff200
set_line_width(21.0)
set_line_cap round
begin_path
move_to(7.5, 67.5)
line_to(307.5, 67.5)
stroke
set_fill #fff200
set_stroke #286eae
set_line_width(17.0)
set_line_cap round
begin_path
move_to(7.5, 67.5)
line_to(307.5, 67.5)
stroke
set_fill #286eae
set_stroke #3c8dde
set_fill #3c8dde
set_line_width(15.0)
set_line_cap round
begin_path
move_to(7.5, 67.5)
line_to(307.5, 67.5)
stroke
set_fill #3c8dde
begin_path
arc(7.5, 67.5, 7.5, 0.0, 6.283185307179586)
fill
set_fill rgba(255, 255, 255, 0.3)
fill_rect(300.0, 60.0, 15.0, 15.0)
set_fill rgba(255, 255, 255, 0.27)
fill_rect(285.0, 60.0, 15.0, 15.0)
set_fill rgba(255, 255, 255, 0.24)
fill_rect(270.0, 60.0, 15.0, 15.0)
set_fill rgba(255, 255, 255, 0.21)
fill_rect(255.0, 60.0, 15.0, 15.0)
set_fill rgba(255, 255, 255, 0.18)
fill_rect(240.0, 60.0, 15.0, 15.0)
set_fill rgba(255, 255, 255, 0.15)
fill_rect(225.0, 60.0, 15.0, 15.0)
set_fill rgba(255, 255, 255, 0.12)
fill_rect(210.0, 60.0, 15.0, 15.0)
set_fill rgba(255, 255, 255, 0.09000000000000001)
fill_rect(195.0, 60.0, 15.0, 15.0)
set_fill rgba(255, 255, 255, 0.059999999999999984)
fill_rect(180.0, 60.0, 15.0, 15.0)
set_fill rgba(255, 255, 255, 0.029999999999999992)
fill_rect(165.0, 60.0, 15.0, 15.0)
set_fill #3c8dde
begin_path
arc(307.5, 67.5, 7.5, 0.0, 6.283185307179586)
fill
set_fill rgba(255, 255, 255, 0.3)
begin_path
arc(307.5, 67.5, 7.5, 0.0, 6.283185307179586)
fill
set_fill #333
begin_path
arc(307.5, 67.5, 5.7, 0.0, 6.283185307179586)
fill

# alive pose=longer_than_head_gradient cell=15.0 boost=true mask=#ffffff
set_fill #ffffff
fill_rect(-3.0, 57.0, 321.0, 21.0)
fill_rect(297.0, 57.0, 21.0, 21.0)
fill_rect(-3.0, 57.0, 21.0, 21.0)
set_stroke #fff200
set_line_width(21.0)
set_line_cap round
begin_path
move_to(7.5, 67.5)
line_to(307.5, 67.5)
stroke
set_fill #fff200
set_stroke #286eae
set_line_width(17.0)
set_line_cap round
begin_path
move_to(7.5, 67.5)
line_to(307.5, 67.5)
stroke
set_fill #286eae
set_stroke #3c8dde
set_fill #3c8dde
set_line_width(15.0)
set_line_cap round
begin_path
move_to(7.5, 67.5)
line_to(307.5, 67.5)
stroke
set_fill #3c8dde
begin_path
arc(7.5, 67.5, 7.5, 0.0, 6.283185307179586)
fill
set_fill rgba(255, 255, 255, 0.3)
fill_rect(300.0, 60.0, 15.0, 15.0)
set_fill rgba(255, 255, 255, 0.27)
fill_rect(285.0, 60.0, 15.0, 15.0)
set_fill rgba(255, 255, 255, 0.24)
fill_rect(270.0, 60.0, 15.0, 15.0)
set_fill rgba(255, 255, 255, 0.21)
fill_rect(255.0, 60.0, 15.0, 15.0)
set_fill rgba(255, 255, 255, 0.18)
fill_rect(240.0, 60.0, 15.0, 15.0)
set_fill rgba(255, 255, 255, 0.15)
fill_rect(225.0, 60.0, 15.0, 15.0)
set_fill rgba(255, 255, 255, 0.12)
fill_rect(210.0, 60.0, 15.0, 15.0)
set_fill rgba(255, 255, 255, 0.09000000000000001)
fill_rect(195.0, 60.0, 15.0, 15.0)
set_fill rgba(255, 255, 255, 0.059999999999999984)
fill_rect(180.0, 60.0, 15.0, 15.0)
set_fill rgba(255, 255, 255, 0.029999999999999992)
fill_rect(165.0, 60.0, 15.0, 15.0)
set_fill #3c8dde
begin_path
arc(307.5, 67.5, 7.5, 0.0, 6.283185307179586)
fill
set_fill rgba(255, 255, 255, 0.3)
begin_path
arc(307.5, 67.5, 7.5, 0.0, 6.283185307179586)
fill
set_fill #333
begin_path
arc(307.5, 67.5, 5.7, 0.0, 6.283185307179586)
fill

# alive pose=reversed_travel cell=5.0 boost=false mask=none
set_stroke #286eae
set_line_width(7.0)
set_line_cap round
begin_path
move_to(12.5, 32.5)
line_to(47.5, 32.5)
stroke
set_line_width(7.0)
set_line_cap round
begin_path
move_to(47.5, 7.5)
line_to(47.5, 32.5)
stroke
set_fill #286eae
begin_path
arc(47.5, 32.5, 3.5, 0.0, 6.283185307179586)
fill
set_stroke #3c8dde
set_fill #3c8dde
set_line_width(5.0)
set_line_cap round
begin_path
move_to(12.5, 32.5)
line_to(47.5, 32.5)
stroke
set_line_width(5.0)
set_line_cap round
begin_path
move_to(47.5, 7.5)
line_to(47.5, 32.5)
stroke
begin_path
arc(47.5, 32.5, 2.5, 0.0, 6.283185307179586)
fill
set_fill #3c8dde
begin_path
arc(47.5, 7.5, 2.5, 0.0, 6.283185307179586)
fill
set_fill rgba(255, 255, 255, 0.3)
fill_rect(10.0, 30.0, 5.0, 5.0)
set_fill rgba(255, 255, 255, 0.27)
fill_rect(15.0, 30.0, 5.0, 5.0)
set_fill rgba(255, 255, 255, 0.24)
fill_rect(20.0, 30.0, 5.0, 5.0)
set_fill rgba(255, 255, 255, 0.21)
fill_rect(25.0, 30.0, 5.0, 5.0)
set_fill rgba(255, 255, 255, 0.18)
fill_rect(30.0, 30.0, 5.0, 5.0)
set_fill rgba(255, 255, 255, 0.15)
fill_rect(35.0, 30.0, 5.0, 5.0)
set_fill rgba(255, 255, 255, 0.12)
fill_rect(40.0, 30.0, 5.0, 5.0)
set_fill rgba(255, 255, 255, 0.09000000000000001)
fill_rect(45.0, 30.0, 5.0, 5.0)
set_fill rgba(255, 255, 255, 0.059999999999999984)
fill_rect(45.0, 25.0, 5.0, 5.0)
set_fill rgba(255, 255, 255, 0.029999999999999992)
fill_rect(45.0, 20.0, 5.0, 5.0)
set_fill #3c8dde
begin_path
arc(12.5, 32.5, 2.5, 0.0, 6.283185307179586)
fill
set_fill rgba(255, 255, 255, 0.3)
begin_path
arc(12.5, 32.5, 2.5, 0.0, 6.283185307179586)
fill
set_fill #333
begin_path
arc(12.5, 32.5, 1.9, 0.0, 6.283185307179586)
fill

# alive pose=reversed_travel cell=5.0 boost=false mask=#ffffff
set_fill #ffffff
fill_rect(9.0, 29.0, 42.0, 7.0)
fill_rect(44.0, 4.0, 7.0, 32.0)
fill_rect(9.0, 29.0, 7.0, 7.0)
fill_rect(44.0, 29.0, 7.0, 7.0)
fill_rect(44.0, 4.0, 7.0, 7.0)
set_stroke #286eae
set_line_width(7.0)
set_line_cap round
begin_path
move_to(12.5, 32.5)
line_to(47.5, 32.5)
stroke
set_line_width(7.0)
set_line_cap round
begin_path
move_to(47.5, 7.5)
line_to(47.5, 32.5)
stroke
set_fill #286eae
begin_path
arc(47.5, 32.5, 3.5, 0.0, 6.283185307179586)
fill
set_stroke #3c8dde
set_fill #3c8dde
set_line_width(5.0)
set_line_cap round
begin_path
move_to(12.5, 32.5)
line_to(47.5, 32.5)
stroke
set_line_width(5.0)
set_line_cap round
begin_path
move_to(47.5, 7.5)
line_to(47.5, 32.5)
stroke
begin_path
arc(47.5, 32.5, 2.5, 0.0, 6.283185307179586)
fill
set_fill #3c8dde
begin_path
arc(47.5, 7.5, 2.5, 0.0, 6.283185307179586)
fill
set_fill rgba(255, 255, 255, 0.3)
fill_rect(10.0, 30.0, 5.0, 5.0)
set_fill rgba(255, 255, 255, 0.27)
fill_rect(15.0, 30.0, 5.0, 5.0)
set_fill rgba(255, 255, 255, 0.24)
fill_rect(20.0, 30.0, 5.0, 5.0)
set_fill rgba(255, 255, 255, 0.21)
fill_rect(25.0, 30.0, 5.0, 5.0)
set_fill rgba(255, 255, 255, 0.18)
fill_rect(30.0, 30.0, 5.0, 5.0)
set_fill rgba(255, 255, 255, 0.15)
fill_rect(35.0, 30.0, 5.0, 5.0)
set_fill rgba(255, 255, 255, 0.12)
fill_rect(40.0, 30.0, 5.0, 5.0)
set_fill rgba(255, 255, 255, 0.09000000000000001)
fill_rect(45.0, 30.0, 5.0, 5.0)
set_fill rgba(255, 255, 255, 0.059999999999999984)
fill_rect(45.0, 25.0, 5.0, 5.0)
set_fill rgba(255, 255, 255, 0.029999999999999992)
fill_rect(45.0, 20.0, 5.0, 5.0)
set_fill #3c8dde
begin_path
arc(12.5, 32.5, 2.5, 0.0, 6.283185307179586)
fill
set_fill rgba(255, 255, 255, 0.3)
begin_path
arc(12.5, 32.5, 2.5, 0.0, 6.283185307179586)
fill
set_fill #333
begin_path
arc(12.5, 32.5, 1.9, 0.0, 6.283185307179586)
fill

# alive pose=reversed_travel cell=5.0 boost=true mask=none
set_stroke #fff200
set_line_width(11.0)
set_line_cap round
begin_path
move_to(12.5, 32.5)
line_to(47.5, 32.5)
stroke
set_line_width(11.0)
set_line_cap round
begin_path
move_to(47.5, 7.5)
line_to(47.5, 32.5)
stroke
set_fill #fff200
begin_path
arc(47.5, 32.5, 5.5, 0.0, 6.283185307179586)
fill
set_stroke #286eae
set_line_width(7.0)
set_line_cap round
begin_path
move_to(12.5, 32.5)
line_to(47.5, 32.5)
stroke
set_line_width(7.0)
set_line_cap round
begin_path
move_to(47.5, 7.5)
line_to(47.5, 32.5)
stroke
set_fill #286eae
begin_path
arc(47.5, 32.5, 3.5, 0.0, 6.283185307179586)
fill
set_stroke #3c8dde
set_fill #3c8dde
set_line_width(5.0)
set_line_cap round
begin_path
move_to(12.5, 32.5)
line_to(47.5, 32.5)
stroke
set_line_width(5.0)
set_line_cap round
begin_path
move_to(47.5, 7.5)
line_to(47.5, 32.5)
stroke
begin_path
arc(47.5, 32.5, 2.5, 0.0, 6.283185307179586)
fill
set_fill #3c8dde
begin_path
arc(47.5, 7.5, 2.5, 0.0, 6.283185307179586)
fill
set_fill rgba(255, 255, 255, 0.3)
fill_rect(10.0, 30.0, 5.0, 5.0)
set_fill rgba(255, 255, 255, 0.27)
fill_rect(15.0, 30.0, 5.0, 5.0)
set_fill rgba(255, 255, 255, 0.24)
fill_rect(20.0, 30.0, 5.0, 5.0)
set_fill rgba(255, 255, 255, 0.21)
fill_rect(25.0, 30.0, 5.0, 5.0)
set_fill rgba(255, 255, 255, 0.18)
fill_rect(30.0, 30.0, 5.0, 5.0)
set_fill rgba(255, 255, 255, 0.15)
fill_rect(35.0, 30.0, 5.0, 5.0)
set_fill rgba(255, 255, 255, 0.12)
fill_rect(40.0, 30.0, 5.0, 5.0)
set_fill rgba(255, 255, 255, 0.09000000000000001)
fill_rect(45.0, 30.0, 5.0, 5.0)
set_fill rgba(255, 255, 255, 0.059999999999999984)
fill_rect(45.0, 25.0, 5.0, 5.0)
set_fill rgba(255, 255, 255, 0.029999999999999992)
fill_rect(45.0, 20.0, 5.0, 5.0)
set_fill #3c8dde
begin_path
arc(12.5, 32.5, 2.5, 0.0, 6.283185307179586)
fill
set_fill rgba(255, 255, 255, 0.3)
begin_path
arc(12.5, 32.5, 2.5, 0.0, 6.283185307179586)
fill
set_fill #333
begin_path
arc(12.5, 32.5, 1.9, 0.0, 6.283185307179586)
fill

# alive pose=reversed_travel cell=5.0 boost=true mask=#ffffff
set_fill #ffffff
fill_rect(7.0, 27.0, 46.0, 11.0)
fill_rect(42.0, 2.0, 11.0, 36.0)
fill_rect(7.0, 27.0, 11.0, 11.0)
fill_rect(42.0, 27.0, 11.0, 11.0)
fill_rect(42.0, 2.0, 11.0, 11.0)
set_stroke #fff200
set_line_width(11.0)
set_line_cap round
begin_path
move_to(12.5, 32.5)
line_to(47.5, 32.5)
stroke
set_line_width(11.0)
set_line_cap round
begin_path
move_to(47.5, 7.5)
line_to(47.5, 32.5)
stroke
set_fill #fff200
begin_path
arc(47.5, 32.5, 5.5, 0.0, 6.283185307179586)
fill
set_stroke #286eae
set_line_width(7.0)
set_line_cap round
begin_path
move_to(12.5, 32.5)
line_to(47.5, 32.5)
stroke
set_line_width(7.0)
set_line_cap round
begin_path
move_to(47.5, 7.5)
line_to(47.5, 32.5)
stroke
set_fill #286eae
begin_path
arc(47.5, 32.5, 3.5, 0.0, 6.283185307179586)
fill
set_stroke #3c8dde
set_fill #3c8dde
set_line_width(5.0)
set_line_cap round
begin_path
move_to(12.5, 32.5)
line_to(47.5, 32.5)
stroke
set_line_width(5.0)
set_line_cap round
begin_path
move_to(47.5, 7.5)
line_to(47.5, 32.5)
stroke
begin_path
arc(47.5, 32.5, 2.5, 0.0, 6.283185307179586)
fill
set_fill #3c8dde
begin_path
arc(47.5, 7.5, 2.5, 0.0, 6.283185307179586)
fill
set_fill rgba(255, 255, 255, 0.3)
fill_rect(10.0, 30.0, 5.0, 5.0)
set_fill rgba(255, 255, 255, 0.27)
fill_rect(15.0, 30.0, 5.0, 5.0)
set_fill rgba(255, 255, 255, 0.24)
fill_rect(20.0, 30.0, 5.0, 5.0)
set_fill rgba(255, 255, 255, 0.21)
fill_rect(25.0, 30.0, 5.0, 5.0)
set_fill rgba(255, 255, 255, 0.18)
fill_rect(30.0, 30.0, 5.0, 5.0)
set_fill rgba(255, 255, 255, 0.15)
fill_rect(35.0, 30.0, 5.0, 5.0)
set_fill rgba(255, 255, 255, 0.12)
fill_rect(40.0, 30.0, 5.0, 5.0)
set_fill rgba(255, 255, 255, 0.09000000000000001)
fill_rect(45.0, 30.0, 5.0, 5.0)
set_fill rgba(255, 255, 255, 0.059999999999999984)
fill_rect(45.0, 25.0, 5.0, 5.0)
set_fill rgba(255, 255, 255, 0.029999999999999992)
fill_rect(45.0, 20.0, 5.0, 5.0)
set_fill #3c8dde
begin_path
arc(12.5, 32.5, 2.5, 0.0, 6.283185307179586)
fill
set_fill rgba(255, 255, 255, 0.3)
begin_path
arc(12.5, 32.5, 2.5, 0.0, 6.283185307179586)
fill
set_fill #333
begin_path
arc(12.5, 32.5, 1.9, 0.0, 6.283185307179586)
fill

# alive pose=reversed_travel cell=10.0 boost=false mask=none
set_stroke #286eae
set_line_width(12.0)
set_line_cap round
begin_path
move_to(25.0, 65.0)
line_to(95.0, 65.0)
stroke
set_line_width(12.0)
set_line_cap round
begin_path
move_to(95.0, 15.0)
line_to(95.0, 65.0)
stroke
set_fill #286eae
begin_path
arc(95.0, 65.0, 6.0, 0.0, 6.283185307179586)
fill
set_stroke #3c8dde
set_fill #3c8dde
set_line_width(10.0)
set_line_cap round
begin_path
move_to(25.0, 65.0)
line_to(95.0, 65.0)
stroke
set_line_width(10.0)
set_line_cap round
begin_path
move_to(95.0, 15.0)
line_to(95.0, 65.0)
stroke
begin_path
arc(95.0, 65.0, 5.0, 0.0, 6.283185307179586)
fill
set_fill #3c8dde
begin_path
arc(95.0, 15.0, 5.0, 0.0, 6.283185307179586)
fill
set_fill rgba(255, 255, 255, 0.3)
fill_rect(20.0, 60.0, 10.0, 10.0)
set_fill rgba(255, 255, 255, 0.27)
fill_rect(30.0, 60.0, 10.0, 10.0)
set_fill rgba(255, 255, 255, 0.24)
fill_rect(40.0, 60.0, 10.0, 10.0)
set_fill rgba(255, 255, 255, 0.21)
fill_rect(50.0, 60.0, 10.0, 10.0)
set_fill rgba(255, 255, 255, 0.18)
fill_rect(60.0, 60.0, 10.0, 10.0)
set_fill rgba(255, 255, 255, 0.15)
fill_rect(70.0, 60.0, 10.0, 10.0)
set_fill rgba(255, 255, 255, 0.12)
fill_rect(80.0, 60.0, 10.0, 10.0)
set_fill rgba(255, 255, 255, 0.09000000000000001)
fill_rect(90.0, 60.0, 10.0, 10.0)
set_fill rgba(255, 255, 255, 0.059999999999999984)
fill_rect(90.0, 50.0, 10.0, 10.0)
set_fill rgba(255, 255, 255, 0.029999999999999992)
fill_rect(90.0, 40.0, 10.0, 10.0)
set_fill #3c8dde
begin_path
arc(25.0, 65.0, 5.0, 0.0, 6.283185307179586)
fill
set_fill rgba(255, 255, 255, 0.3)
begin_path
arc(25.0, 65.0, 5.0, 0.0, 6.283185307179586)
fill
set_fill #333
begin_path
arc(25.0, 65.0, 3.8, 0.0, 6.283185307179586)
fill

# alive pose=reversed_travel cell=10.0 boost=false mask=#ffffff
set_fill #ffffff
fill_rect(19.0, 59.0, 82.0, 12.0)
fill_rect(89.0, 9.0, 12.0, 62.0)
fill_rect(19.0, 59.0, 12.0, 12.0)
fill_rect(89.0, 59.0, 12.0, 12.0)
fill_rect(89.0, 9.0, 12.0, 12.0)
set_stroke #286eae
set_line_width(12.0)
set_line_cap round
begin_path
move_to(25.0, 65.0)
line_to(95.0, 65.0)
stroke
set_line_width(12.0)
set_line_cap round
begin_path
move_to(95.0, 15.0)
line_to(95.0, 65.0)
stroke
set_fill #286eae
begin_path
arc(95.0, 65.0, 6.0, 0.0, 6.283185307179586)
fill
set_stroke #3c8dde
set_fill #3c8dde
set_line_width(10.0)
set_line_cap round
begin_path
move_to(25.0, 65.0)
line_to(95.0, 65.0)
stroke
set_line_width(10.0)
set_line_cap round
begin_path
move_to(95.0, 15.0)
line_to(95.0, 65.0)
stroke
begin_path
arc(95.0, 65.0, 5.0, 0.0, 6.283185307179586)
fill
set_fill #3c8dde
begin_path
arc(95.0, 15.0, 5.0, 0.0, 6.283185307179586)
fill
set_fill rgba(255, 255, 255, 0.3)
fill_rect(20.0, 60.0, 10.0, 10.0)
set_fill rgba(255, 255, 255, 0.27)
fill_rect(30.0, 60.0, 10.0, 10.0)
set_fill rgba(255, 255, 255, 0.24)
fill_rect(40.0, 60.0, 10.0, 10.0)
set_fill rgba(255, 255, 255, 0.21)
fill_rect(50.0, 60.0, 10.0, 10.0)
set_fill rgba(255, 255, 255, 0.18)
fill_rect(60.0, 60.0, 10.0, 10.0)
set_fill rgba(255, 255, 255, 0.15)
fill_rect(70.0, 60.0, 10.0, 10.0)
set_fill rgba(255, 255, 255, 0.12)
fill_rect(80.0, 60.0, 10.0, 10.0)
set_fill rgba(255, 255, 255, 0.09000000000000001)
fill_rect(90.0, 60.0, 10.0, 10.0)
set_fill rgba(255, 255, 255, 0.059999999999999984)
fill_rect(90.0, 50.0, 10.0, 10.0)
set_fill rgba(255, 255, 255, 0.029999999999999992)
fill_rect(90.0, 40.0, 10.0, 10.0)
set_fill #3c8dde
begin_path
arc(25.0, 65.0, 5.0, 0.0, 6.283185307179586)
fill
set_fill rgba(255, 255, 255, 0.3)
begin_path
arc(25.0, 65.0, 5.0, 0.0, 6.283185307179586)
fill
set_fill #333
begin_path
arc(25.0, 65.0, 3.8, 0.0, 6.283185307179586)
fill

# alive pose=reversed_travel cell=10.0 boost=true mask=none
set_stroke #fff200
set_line_width(16.0)
set_line_cap round
begin_path
move_to(25.0, 65.0)
line_to(95.0, 65.0)
stroke
set_line_width(16.0)
set_line_cap round
begin_path
move_to(95.0, 15.0)
line_to(95.0, 65.0)
stroke
set_fill #fff200
begin_path
arc(95.0, 65.0, 8.0, 0.0, 6.283185307179586)
fill
set_stroke #286eae
set_line_width(12.0)
set_line_cap round
begin_path
move_to(25.0, 65.0)
line_to(95.0, 65.0)
stroke
set_line_width(12.0)
set_line_cap round
begin_path
move_to(95.0, 15.0)
line_to(95.0, 65.0)
stroke
set_fill #286eae
begin_path
arc(95.0, 65.0, 6.0, 0.0, 6.283185307179586)
fill
set_stroke #3c8dde
set_fill #3c8dde
set_line_width(10.0)
set_line_cap round
begin_path
move_to(25.0, 65.0)
line_to(95.0, 65.0)
stroke
set_line_width(10.0)
set_line_cap round
begin_path
move_to(95.0, 15.0)
line_to(95.0, 65.0)
stroke
begin_path
arc(95.0, 65.0, 5.0, 0.0, 6.283185307179586)
fill
set_fill #3c8dde
begin_path
arc(95.0, 15.0, 5.0, 0.0, 6.283185307179586)
fill
set_fill rgba(255, 255, 255, 0.3)
fill_rect(20.0, 60.0, 10.0, 10.0)
set_fill rgba(255, 255, 255, 0.27)
fill_rect(30.0, 60.0, 10.0, 10.0)
set_fill rgba(255, 255, 255, 0.24)
fill_rect(40.0, 60.0, 10.0, 10.0)
set_fill rgba(255, 255, 255, 0.21)
fill_rect(50.0, 60.0, 10.0, 10.0)
set_fill rgba(255, 255, 255, 0.18)
fill_rect(60.0, 60.0, 10.0, 10.0)
set_fill rgba(255, 255, 255, 0.15)
fill_rect(70.0, 60.0, 10.0, 10.0)
set_fill rgba(255, 255, 255, 0.12)
fill_rect(80.0, 60.0, 10.0, 10.0)
set_fill rgba(255, 255, 255, 0.09000000000000001)
fill_rect(90.0, 60.0, 10.0, 10.0)
set_fill rgba(255, 255, 255, 0.059999999999999984)
fill_rect(90.0, 50.0, 10.0, 10.0)
set_fill rgba(255, 255, 255, 0.029999999999999992)
fill_rect(90.0, 40.0, 10.0, 10.0)
set_fill #3c8dde
begin_path
arc(25.0, 65.0, 5.0, 0.0, 6.283185307179586)
fill
set_fill rgba(255, 255, 255, 0.3)
begin_path
arc(25.0, 65.0, 5.0, 0.0, 6.283185307179586)
fill
set_fill #333
begin_path
arc(25.0, 65.0, 3.8, 0.0, 6.283185307179586)
fill

# alive pose=reversed_travel cell=10.0 boost=true mask=#ffffff
set_fill #ffffff
fill_rect(17.0, 57.0, 86.0, 16.0)
fill_rect(87.0, 7.0, 16.0, 66.0)
fill_rect(17.0, 57.0, 16.0, 16.0)
fill_rect(87.0, 57.0, 16.0, 16.0)
fill_rect(87.0, 7.0, 16.0, 16.0)
set_stroke #fff200
set_line_width(16.0)
set_line_cap round
begin_path
move_to(25.0, 65.0)
line_to(95.0, 65.0)
stroke
set_line_width(16.0)
set_line_cap round
begin_path
move_to(95.0, 15.0)
line_to(95.0, 65.0)
stroke
set_fill #fff200
begin_path
arc(95.0, 65.0, 8.0, 0.0, 6.283185307179586)
fill
set_stroke #286eae
set_line_width(12.0)
set_line_cap round
begin_path
move_to(25.0, 65.0)
line_to(95.0, 65.0)
stroke
set_line_width(12.0)
set_line_cap round
begin_path
move_to(95.0, 15.0)
line_to(95.0, 65.0)
stroke
set_fill #286eae
begin_path
arc(95.0, 65.0, 6.0, 0.0, 6.283185307179586)
fill
set_stroke #3c8dde
set_fill #3c8dde
set_line_width(10.0)
set_line_cap round
begin_path
move_to(25.0, 65.0)
line_to(95.0, 65.0)
stroke
set_line_width(10.0)
set_line_cap round
begin_path
move_to(95.0, 15.0)
line_to(95.0, 65.0)
stroke
begin_path
arc(95.0, 65.0, 5.0, 0.0, 6.283185307179586)
fill
set_fill #3c8dde
begin_path
arc(95.0, 15.0, 5.0, 0.0, 6.283185307179586)
fill
set_fill rgba(255, 255, 255, 0.3)
fill_rect(20.0, 60.0, 10.0, 10.0)
set_fill rgba(255, 255, 255, 0.27)
fill_rect(30.0, 60.0, 10.0, 10.0)
set_fill rgba(255, 255, 255, 0.24)
fill_rect(40.0, 60.0, 10.0, 10.0)
set_fill rgba(255, 255, 255, 0.21)
fill_rect(50.0, 60.0, 10.0, 10.0)
set_fill rgba(255, 255, 255, 0.18)
fill_rect(60.0, 60.0, 10.0, 10.0)
set_fill rgba(255, 255, 255, 0.15)
fill_rect(70.0, 60.0, 10.0, 10.0)
set_fill rgba(255, 255, 255, 0.12)
fill_rect(80.0, 60.0, 10.0, 10.0)
set_fill rgba(255, 255, 255, 0.09000000000000001)
fill_rect(90.0, 60.0, 10.0, 10.0)
set_fill rgba(255, 255, 255, 0.059999999999999984)
fill_rect(90.0, 50.0, 10.0, 10.0)
set_fill rgba(255, 255, 255, 0.029999999999999992)
fill_rect(90.0, 40.0, 10.0, 10.0)
set_fill #3c8dde
begin_path
arc(25.0, 65.0, 5.0, 0.0, 6.283185307179586)
fill
set_fill rgba(255, 255, 255, 0.3)
begin_path
arc(25.0, 65.0, 5.0, 0.0, 6.283185307179586)
fill
set_fill #333
begin_path
arc(25.0, 65.0, 3.8, 0.0, 6.283185307179586)
fill

# alive pose=reversed_travel cell=15.0 boost=false mask=none
set_stroke #286eae
set_line_width(17.0)
set_line_cap round
begin_path
move_to(37.5, 97.5)
line_to(142.5, 97.5)
stroke
set_line_width(17.0)
set_line_cap round
begin_path
move_to(142.5, 22.5)
line_to(142.5, 97.5)
stroke
set_fill #286eae
begin_path
arc(142.5, 97.5, 8.5, 0.0, 6.283185307179586)
fill
set_stroke #3c8dde
set_fill #3c8dde
set_line_width(15.0)
set_line_cap round
begin_path
move_to(37.5, 97.5)
line_to(142.5, 97.5)
stroke
set_line_width(15.0)
set_line_cap round
begin_path
move_to(142.5, 22.5)
line_to(142.5, 97.5)
stroke
begin_path
arc(142.5, 97.5, 7.5, 0.0, 6.283185307179586)
fill
set_fill #3c8dde
begin_path
arc(142.5, 22.5, 7.5, 0.0, 6.283185307179586)
fill
set_fill rgba(255, 255, 255, 0.3)
fill_rect(30.0, 90.0, 15.0, 15.0)
set_fill rgba(255, 255, 255, 0.27)
fill_rect(45.0, 90.0, 15.0, 15.0)
set_fill rgba(255, 255, 255, 0.24)
fill_rect(60.0, 90.0, 15.0, 15.0)
set_fill rgba(255, 255, 255, 0.21)
fill_rect(75.0, 90.0, 15.0, 15.0)
set_fill rgba(255, 255, 255, 0.18)
fill_rect(90.0, 90.0, 15.0, 15.0)
set_fill rgba(255, 255, 255, 0.15)
fill_rect(105.0, 90.0, 15.0, 15.0)
set_fill rgba(255, 255, 255, 0.12)
fill_rect(120.0, 90.0, 15.0, 15.0)
set_fill rgba(255, 255, 255, 0.09000000000000001)
fill_rect(135.0, 90.0, 15.0, 15.0)
set_fill rgba(255, 255, 255, 0.059999999999999984)
fill_rect(135.0, 75.0, 15.0, 15.0)
set_fill rgba(255, 255, 255, 0.029999999999999992)
fill_rect(135.0, 60.0, 15.0, 15.0)
set_fill #3c8dde
begin_path
arc(37.5, 97.5, 7.5, 0.0, 6.283185307179586)
fill
set_fill rgba(255, 255, 255, 0.3)
begin_path
arc(37.5, 97.5, 7.5, 0.0, 6.283185307179586)
fill
set_fill #333
begin_path
arc(37.5, 97.5, 5.7, 0.0, 6.283185307179586)
fill

# alive pose=reversed_travel cell=15.0 boost=false mask=#ffffff
set_fill #ffffff
fill_rect(29.0, 89.0, 122.0, 17.0)
fill_rect(134.0, 14.0, 17.0, 92.0)
fill_rect(29.0, 89.0, 17.0, 17.0)
fill_rect(134.0, 89.0, 17.0, 17.0)
fill_rect(134.0, 14.0, 17.0, 17.0)
set_stroke #286eae
set_line_width(17.0)
set_line_cap round
begin_path
move_to(37.5, 97.5)
line_to(142.5, 97.5)
stroke
set_line_width(17.0)
set_line_cap round
begin_path
move_to(142.5, 22.5)
line_to(142.5, 97.5)
stroke
set_fill #286eae
begin_path
arc(142.5, 97.5, 8.5, 0.0, 6.283185307179586)
fill
set_stroke #3c8dde
set_fill #3c8dde
set_line_width(15.0)
set_line_cap round
begin_path
move_to(37.5, 97.5)
line_to(142.5, 97.5)
stroke
set_line_width(15.0)
set_line_cap round
begin_path
move_to(142.5, 22.5)
line_to(142.5, 97.5)
stroke
begin_path
arc(142.5, 97.5, 7.5, 0.0, 6.283185307179586)
fill
set_fill #3c8dde
begin_path
arc(142.5, 22.5, 7.5, 0.0, 6.283185307179586)
fill
set_fill rgba(255, 255, 255, 0.3)
fill_rect(30.0, 90.0, 15.0, 15.0)
set_fill rgba(255, 255, 255, 0.27)
fill_rect(45.0, 90.0, 15.0, 15.0)
set_fill rgba(255, 255, 255, 0.24)
fill_rect(60.0, 90.0, 15.0, 15.0)
set_fill rgba(255, 255, 255, 0.21)
fill_rect(75.0, 90.0, 15.0, 15.0)
set_fill rgba(255, 255, 255, 0.18)
fill_rect(90.0, 90.0, 15.0, 15.0)
set_fill rgba(255, 255, 255, 0.15)
fill_rect(105.0, 90.0, 15.0, 15.0)
set_fill rgba(255, 255, 255, 0.12)
fill_rect(120.0, 90.0, 15.0, 15.0)
set_fill rgba(255, 255, 255, 0.09000000000000001)
fill_rect(135.0, 90.0, 15.0, 15.0)
set_fill rgba(255, 255, 255, 0.059999999999999984)
fill_rect(135.0, 75.0, 15.0, 15.0)
set_fill rgba(255, 255, 255, 0.029999999999999992)
fill_rect(135.0, 60.0, 15.0, 15.0)
set_fill #3c8dde
begin_path
arc(37.5, 97.5, 7.5, 0.0, 6.283185307179586)
fill
set_fill rgba(255, 255, 255, 0.3)
begin_path
arc(37.5, 97.5, 7.5, 0.0, 6.283185307179586)
fill
set_fill #333
begin_path
arc(37.5, 97.5, 5.7, 0.0, 6.283185307179586)
fill

# alive pose=reversed_travel cell=15.0 boost=true mask=none
set_stroke #fff200
set_line_width(21.0)
set_line_cap round
begin_path
move_to(37.5, 97.5)
line_to(142.5, 97.5)
stroke
set_line_width(21.0)
set_line_cap round
begin_path
move_to(142.5, 22.5)
line_to(142.5, 97.5)
stroke
set_fill #fff200
begin_path
arc(142.5, 97.5, 10.5, 0.0, 6.283185307179586)
fill
set_stroke #286eae
set_line_width(17.0)
set_line_cap round
begin_path
move_to(37.5, 97.5)
line_to(142.5, 97.5)
stroke
set_line_width(17.0)
set_line_cap round
begin_path
move_to(142.5, 22.5)
line_to(142.5, 97.5)
stroke
set_fill #286eae
begin_path
arc(142.5, 97.5, 8.5, 0.0, 6.283185307179586)
fill
set_stroke #3c8dde
set_fill #3c8dde
set_line_width(15.0)
set_line_cap round
begin_path
move_to(37.5, 97.5)
line_to(142.5, 97.5)
stroke
set_line_width(15.0)
set_line_cap round
begin_path
move_to(142.5, 22.5)
line_to(142.5, 97.5)
stroke
begin_path
arc(142.5, 97.5, 7.5, 0.0, 6.283185307179586)
fill
set_fill #3c8dde
begin_path
arc(142.5, 22.5, 7.5, 0.0, 6.283185307179586)
fill
set_fill rgba(255, 255, 255, 0.3)
fill_rect(30.0, 90.0, 15.0, 15.0)
set_fill rgba(255, 255, 255, 0.27)
fill_rect(45.0, 90.0, 15.0, 15.0)
set_fill rgba(255, 255, 255, 0.24)
fill_rect(60.0, 90.0, 15.0, 15.0)
set_fill rgba(255, 255, 255, 0.21)
fill_rect(75.0, 90.0, 15.0, 15.0)
set_fill rgba(255, 255, 255, 0.18)
fill_rect(90.0, 90.0, 15.0, 15.0)
set_fill rgba(255, 255, 255, 0.15)
fill_rect(105.0, 90.0, 15.0, 15.0)
set_fill rgba(255, 255, 255, 0.12)
fill_rect(120.0, 90.0, 15.0, 15.0)
set_fill rgba(255, 255, 255, 0.09000000000000001)
fill_rect(135.0, 90.0, 15.0, 15.0)
set_fill rgba(255, 255, 255, 0.059999999999999984)
fill_rect(135.0, 75.0, 15.0, 15.0)
set_fill rgba(255, 255, 255, 0.029999999999999992)
fill_rect(135.0, 60.0, 15.0, 15.0)
set_fill #3c8dde
begin_path
arc(37.5, 97.5, 7.5, 0.0, 6.283185307179586)
fill
set_fill rgba(255, 255, 255, 0.3)
begin_path
arc(37.5, 97.5, 7.5, 0.0, 6.283185307179586)
fill
set_fill #333
begin_path
arc(37.5, 97.5, 5.7, 0.0, 6.283185307179586)
fill

# alive pose=reversed_travel cell=15.0 boost=true mask=#ffffff
set_fill #ffffff
fill_rect(27.0, 87.0, 126.0, 21.0)
fill_rect(132.0, 12.0, 21.0, 96.0)
fill_rect(27.0, 87.0, 21.0, 21.0)
fill_rect(132.0, 87.0, 21.0, 21.0)
fill_rect(132.0, 12.0, 21.0, 21.0)
set_stroke #fff200
set_line_width(21.0)
set_line_cap round
begin_path
move_to(37.5, 97.5)
line_to(142.5, 97.5)
stroke
set_line_width(21.0)
set_line_cap round
begin_path
move_to(142.5, 22.5)
line_to(142.5, 97.5)
stroke
set_fill #fff200
begin_path
arc(142.5, 97.5, 10.5, 0.0, 6.283185307179586)
fill
set_stroke #286eae
set_line_width(17.0)
set_line_cap round
begin_path
move_to(37.5, 97.5)
line_to(142.5, 97.5)
stroke
set_line_width(17.0)
set_line_cap round
begin_path
move_to(142.5, 22.5)
line_to(142.5, 97.5)
stroke
set_fill #286eae
begin_path
arc(142.5, 97.5, 8.5, 0.0, 6.283185307179586)
fill
set_stroke #3c8dde
set_fill #3c8dde
set_line_width(15.0)
set_line_cap round
begin_path
move_to(37.5, 97.5)
line_to(142.5, 97.5)
stroke
set_line_width(15.0)
set_line_cap round
begin_path
move_to(142.5, 22.5)
line_to(142.5, 97.5)
stroke
begin_path
arc(142.5, 97.5, 7.5, 0.0, 6.283185307179586)
fill
set_fill #3c8dde
begin_path
arc(142.5, 22.5, 7.5, 0.0, 6.283185307179586)
fill
set_fill rgba(255, 255, 255, 0.3)
fill_rect(30.0, 90.0, 15.0, 15.0)
set_fill rgba(255, 255, 255, 0.27)
fill_rect(45.0, 90.0, 15.0, 15.0)
set_fill rgba(255, 255, 255, 0.24)
fill_rect(60.0, 90.0, 15.0, 15.0)
set_fill rgba(255, 255, 255, 0.21)
fill_rect(75.0, 90.0, 15.0, 15.0)
set_fill rgba(255, 255, 255, 0.18)
fill_rect(90.0, 90.0, 15.0, 15.0)
set_fill rgba(255, 255, 255, 0.15)
fill_rect(105.0, 90.0, 15.0, 15.0)
set_fill rgba(255, 255, 255, 0.12)
fill_rect(120.0, 90.0, 15.0, 15.0)
set_fill rgba(255, 255, 255, 0.09000000000000001)
fill_rect(135.0, 90.0, 15.0, 15.0)
set_fill rgba(255, 255, 255, 0.059999999999999984)
fill_rect(135.0, 75.0, 15.0, 15.0)
set_fill rgba(255, 255, 255, 0.029999999999999992)
fill_rect(135.0, 60.0, 15.0, 15.0)
set_fill #3c8dde
begin_path
arc(37.5, 97.5, 7.5, 0.0, 6.283185307179586)
fill
set_fill rgba(255, 255, 255, 0.3)
begin_path
arc(37.5, 97.5, 7.5, 0.0, 6.283185307179586)
fill
set_fill #333
begin_path
arc(37.5, 97.5, 5.7, 0.0, 6.283185307179586)
fill

# alive pose=one_cell_runs cell=5.0 boost=false mask=none
set_stroke #286eae
set_line_width(7.0)
set_line_cap round
begin_path
move_to(22.5, 12.5)
line_to(22.5, 17.5)
stroke
set_line_width(7.0)
set_line_cap round
begin_path
move_to(22.5, 17.5)
line_to(27.5, 17.5)
stroke
set_line_width(7.0)
set_line_cap round
begin_path
move_to(27.5, 17.5)
line_to(27.5, 22.5)
stroke
set_line_width(7.0)
set_line_cap round
begin_path
move_to(27.5, 22.5)
line_to(32.5, 22.5)
stroke
set_line_width(7.0)
set_line_cap round
begin_path
move_to(32.5, 22.5)
line_to(32.5, 32.5)
stroke
set_fill #286eae
begin_path
arc(22.5, 17.5, 3.5, 0.0, 6.283185307179586)
fill
begin_path
arc(27.5, 17.5, 3.5, 0.0, 6.283185307179586)
fill
begin_path
arc(27.5, 22.5, 3.5, 0.0, 6.283185307179586)
fill
begin_path
arc(32.5, 22.5, 3.5, 0.0, 6.283185307179586)
fill
set_stroke #3c8dde
set_fill #3c8dde
set_line_width(5.0)
set_line_cap round
begin_path
move_to(22.5, 12.5)
line_to(22.5, 17.5)
stroke
set_line_width(5.0)
set_line_cap round
begin_path
move_to(22.5, 17.5)
line_to(27.5, 17.5)
stroke
set_line_width(5.0)
set_line_cap round
begin_path
move_to(27.5, 17.5)
line_to(27.5, 22.5)
stroke
set_line_width(5.0)
set_line_cap round
begin_path
move_to(27.5, 22.5)
line_to(32.5, 22.5)
stroke
set_line_width(5.0)
set_line_cap round
begin_path
move_to(32.5, 22.5)
line_to(32.5, 32.5)
stroke
begin_path
arc(22.5, 17.5, 2.5, 0.0, 6.283185307179586)
fill
begin_path
arc(27.5, 17.5, 2.5, 0.0, 6.283185307179586)
fill
begin_path
arc(27.5, 22.5, 2.5, 0.0, 6.283185307179586)
fill
begin_path
arc(32.5, 22.5, 2.5, 0.0, 6.283185307179586)
fill
set_fill #3c8dde
begin_path
arc(32.5, 32.5, 2.5, 0.0, 6.283185307179586)
fill
set_fill rgba(255, 255, 255, 0.3)
fill_rect(20.0, 10.0, 5.0, 5.0)
set_fill rgba(255, 255, 255, 0.27)
fill_rect(20.0, 15.0, 5.0, 5.0)
set_fill rgba(255, 255, 255, 0.24)
fill_rect(25.0, 15.0, 5.0, 5.0)
set_fill rgba(255, 255, 255, 0.21)
fill_rect(25.0, 20.0, 5.0, 5.0)
set_fill rgba(255, 255, 255, 0.18)
fill_rect(30.0, 20.0, 5.0, 5.0)
set_fill rgba(255, 255, 255, 0.15)
fill_rect(30.0, 25.0, 5.0, 5.0)
set_fill rgba(255, 255, 255, 0.12)
fill_rect(30.0, 30.0, 5.0, 5.0)
set_fill #3c8dde
begin_path
arc(22.5, 12.5, 2.5, 0.0, 6.283185307179586)
fill
set_fill rgba(255, 255, 255, 0.3)
begin_path
arc(22.5, 12.5, 2.5, 0.0, 6.283185307179586)
fill
set_fill #333
begin_path
arc(22.5, 12.5, 1.9, 0.0, 6.283185307179586)
fill

# alive pose=one_cell_runs cell=5.0 boost=false mask=#ffffff
set_fill #ffffff
fill_rect(19.0, 9.0, 7.0, 12.0)
fill_rect(19.0, 14.0, 12.0, 7.0)
fill_rect(24.0, 14.0, 7.0, 12.0)
fill_rect(24.0, 19.0, 12.0, 7.0)
fill_rect(29.0, 19.0, 7.0, 17.0)
fill_rect(19.0, 9.0, 7.0, 7.0)
fill_rect(19.0, 14.0, 7.0, 7.0)
fill_rect(24.0, 14.0, 7.0, 7.0)
fill_rect(24.0, 19.0, 7.0, 7.0)
fill_rect(29.0, 19.0, 7.0, 7.0)
fill_rect(29.0, 29.0, 7.0, 7.0)
set_stroke #286eae
set_line_width(7.0)
set_line_cap round
begin_path
move_to(22.5, 12.5)
line_to(22.5, 17.5)
stroke
set_line_width(7.0)
set_line_cap round
begin_path
move_to(22.5, 17.5)
line_to(27.5, 17.5)
stroke
set_line_width(7.0)
set_line_cap round
begin_path
move_to(27.5, 17.5)
line_to(27.5, 22.5)
stroke
set_line_width(7.0)
set_line_cap round
begin_path
move_to(27.5, 22.5)
line_to(32.5, 22.5)
stroke
set_line_width(7.0)
set_line_cap round
begin_path
move_to(32.5, 22.5)
line_to(32.5, 32.5)
stroke
set_fill #286eae
begin_path
arc(22.5, 17.5, 3.5, 0.0, 6.283185307179586)
fill
begin_path
arc(27.5, 17.5, 3.5, 0.0, 6.283185307179586)
fill
begin_path
arc(27.5, 22.5, 3.5, 0.0, 6.283185307179586)
fill
begin_path
arc(32.5, 22.5, 3.5, 0.0, 6.283185307179586)
fill
set_stroke #3c8dde
set_fill #3c8dde
set_line_width(5.0)
set_line_cap round
begin_path
move_to(22.5, 12.5)
line_to(22.5, 17.5)
stroke
set_line_width(5.0)
set_line_cap round
begin_path
move_to(22.5, 17.5)
line_to(27.5, 17.5)
stroke
set_line_width(5.0)
set_line_cap round
begin_path
move_to(27.5, 17.5)
line_to(27.5, 22.5)
stroke
set_line_width(5.0)
set_line_cap round
begin_path
move_to(27.5, 22.5)
line_to(32.5, 22.5)
stroke
set_line_width(5.0)
set_line_cap round
begin_path
move_to(32.5, 22.5)
line_to(32.5, 32.5)
stroke
begin_path
arc(22.5, 17.5, 2.5, 0.0, 6.283185307179586)
fill
begin_path
arc(27.5, 17.5, 2.5, 0.0, 6.283185307179586)
fill
begin_path
arc(27.5, 22.5, 2.5, 0.0, 6.283185307179586)
fill
begin_path
arc(32.5, 22.5, 2.5, 0.0, 6.283185307179586)
fill
set_fill #3c8dde
begin_path
arc(32.5, 32.5, 2.5, 0.0, 6.283185307179586)
fill
set_fill rgba(255, 255, 255, 0.3)
fill_rect(20.0, 10.0, 5.0, 5.0)
set_fill rgba(255, 255, 255, 0.27)
fill_rect(20.0, 15.0, 5.0, 5.0)
set_fill rgba(255, 255, 255, 0.24)
fill_rect(25.0, 15.0, 5.0, 5.0)
set_fill rgba(255, 255, 255, 0.21)
fill_rect(25.0, 20.0, 5.0, 5.0)
set_fill rgba(255, 255, 255, 0.18)
fill_rect(30.0, 20.0, 5.0, 5.0)
set_fill rgba(255, 255, 255, 0.15)
fill_rect(30.0, 25.0, 5.0, 5.0)
set_fill rgba(255, 255, 255, 0.12)
fill_rect(30.0, 30.0, 5.0, 5.0)
set_fill #3c8dde
begin_path
arc(22.5, 12.5, 2.5, 0.0, 6.283185307179586)
fill
set_fill rgba(255, 255, 255, 0.3)
begin_path
arc(22.5, 12.5, 2.5, 0.0, 6.283185307179586)
fill
set_fill #333
begin_path
arc(22.5, 12.5, 1.9, 0.0, 6.283185307179586)
fill

# alive pose=one_cell_runs cell=5.0 boost=true mask=none
set_stroke #fff200
set_line_width(11.0)
set_line_cap round
begin_path
move_to(22.5, 12.5)
line_to(22.5, 17.5)
stroke
set_line_width(11.0)
set_line_cap round
begin_path
move_to(22.5, 17.5)
line_to(27.5, 17.5)
stroke
set_line_width(11.0)
set_line_cap round
begin_path
move_to(27.5, 17.5)
line_to(27.5, 22.5)
stroke
set_line_width(11.0)
set_line_cap round
begin_path
move_to(27.5, 22.5)
line_to(32.5, 22.5)
stroke
set_line_width(11.0)
set_line_cap round
begin_path
move_to(32.5, 22.5)
line_to(32.5, 32.5)
stroke
set_fill #fff200
begin_path
arc(22.5, 17.5, 5.5, 0.0, 6.283185307179586)
fill
begin_path
arc(27.5, 17.5, 5.5, 0.0, 6.283185307179586)
fill
begin_path
arc(27.5, 22.5, 5.5, 0.0, 6.283185307179586)
fill
begin_path
arc(32.5, 22.5, 5.5, 0.0, 6.283185307179586)
fill
set_stroke #286eae
set_line_width(7.0)
set_line_cap round
begin_path
move_to(22.5, 12.5)
line_to(22.5, 17.5)
stroke
set_line_width(7.0)
set_line_cap round
begin_path
move_to(22.5, 17.5)
line_to(27.5, 17.5)
stroke
set_line_width(7.0)
set_line_cap round
begin_path
move_to(27.5, 17.5)
line_to(27.5, 22.5)
stroke
set_line_width(7.0)
set_line_cap round
begin_path
move_to(27.5, 22.5)
line_to(32.5, 22.5)
stroke
set_line_width(7.0)
set_line_cap round
begin_path
move_to(32.5, 22.5)
line_to(32.5, 32.5)
stroke
set_fill #286eae
begin_path
arc(22.5, 17.5, 3.5, 0.0, 6.283185307179586)
fill
begin_path
arc(27.5, 17.5, 3.5, 0.0, 6.283185307179586)
fill
begin_path
arc(27.5, 22.5, 3.5, 0.0, 6.283185307179586)
fill
begin_path
arc(32.5, 22.5, 3.5, 0.0, 6.283185307179586)
fill
set_stroke #3c8dde
set_fill #3c8dde
set_line_width(5.0)
set_line_cap round
begin_path
move_to(22.5, 12.5)
line_to(22.5, 17.5)
stroke
set_line_width(5.0)
set_line_cap round
begin_path
move_to(22.5, 17.5)
line_to(27.5, 17.5)
stroke
set_line_width(5.0)
set_line_cap round
begin_path
move_to(27.5, 17.5)
line_to(27.5, 22.5)
stroke
set_line_width(5.0)
set_line_cap round
begin_path
move_to(27.5, 22.5)
line_to(32.5, 22.5)
stroke
set_line_width(5.0)
set_line_cap round
begin_path
move_to(32.5, 22.5)
line_to(32.5, 32.5)
stroke
begin_path
arc(22.5, 17.5, 2.5, 0.0, 6.283185307179586)
fill
begin_path
arc(27.5, 17.5, 2.5, 0.0, 6.283185307179586)
fill
begin_path
arc(27.5, 22.5, 2.5, 0.0, 6.283185307179586)
fill
begin_path
arc(32.5, 22.5, 2.5, 0.0, 6.283185307179586)
fill
set_fill #3c8dde
begin_path
arc(32.5, 32.5, 2.5, 0.0, 6.283185307179586)
fill
set_fill rgba(255, 255, 255, 0.3)
fill_rect(20.0, 10.0, 5.0, 5.0)
set_fill rgba(255, 255, 255, 0.27)
fill_rect(20.0, 15.0, 5.0, 5.0)
set_fill rgba(255, 255, 255, 0.24)
fill_rect(25.0, 15.0, 5.0, 5.0)
set_fill rgba(255, 255, 255, 0.21)
fill_rect(25.0, 20.0, 5.0, 5.0)
set_fill rgba(255, 255, 255, 0.18)
fill_rect(30.0, 20.0, 5.0, 5.0)
set_fill rgba(255, 255, 255, 0.15)
fill_rect(30.0, 25.0, 5.0, 5.0)
set_fill rgba(255, 255, 255, 0.12)
fill_rect(30.0, 30.0, 5.0, 5.0)
set_fill #3c8dde
begin_path
arc(22.5, 12.5, 2.5, 0.0, 6.283185307179586)
fill
set_fill rgba(255, 255, 255, 0.3)
begin_path
arc(22.5, 12.5, 2.5, 0.0, 6.283185307179586)
fill
set_fill #333
begin_path
arc(22.5, 12.5, 1.9, 0.0, 6.283185307179586)
fill

# alive pose=one_cell_runs cell=5.0 boost=true mask=#ffffff
set_fill #ffffff
fill_rect(17.0, 7.0, 11.0, 16.0)
fill_rect(17.0, 12.0, 16.0, 11.0)
fill_rect(22.0, 12.0, 11.0, 16.0)
fill_rect(22.0, 17.0, 16.0, 11.0)
fill_rect(27.0, 17.0, 11.0, 21.0)
fill_rect(17.0, 7.0, 11.0, 11.0)
fill_rect(17.0, 12.0, 11.0, 11.0)
fill_rect(22.0, 12.0, 11.0, 11.0)
fill_rect(22.0, 17.0, 11.0, 11.0)
fill_rect(27.0, 17.0, 11.0, 11.0)
fill_rect(27.0, 27.0, 11.0, 11.0)
set_stroke #fff200
set_line_width(11.0)
set_line_cap round
begin_path
move_to(22.5, 12.5)
line_to(22.5, 17.5)
stroke
set_line_width(11.0)
set_line_cap round
begin_path
move_to(22.5, 17.5)
line_to(27.5, 17.5)
stroke
set_line_width(11.0)
set_line_cap round
begin_path
move_to(27.5, 17.5)
line_to(27.5, 22.5)
stroke
set_line_width(11.0)
set_line_cap round
begin_path
move_to(27.5, 22.5)
line_to(32.5, 22.5)
stroke
set_line_width(11.0)
set_line_cap round
begin_path
move_to(32.5, 22.5)
line_to(32.5, 32.5)
stroke
set_fill #fff200
begin_path
arc(22.5, 17.5, 5.5, 0.0, 6.283185307179586)
fill
begin_path
arc(27.5, 17.5, 5.5, 0.0, 6.283185307179586)
fill
begin_path
arc(27.5, 22.5, 5.5, 0.0, 6.283185307179586)
fill
begin_path
arc(32.5, 22.5, 5.5, 0.0, 6.283185307179586)
fill
set_stroke #286eae
set_line_width(7.0)
set_line_cap round
begin_path
move_to(22.5, 12.5)
line_to(22.5, 17.5)
stroke
set_line_width(7.0)
set_line_cap round
begin_path
move_to(22.5, 17.5)
line_to(27.5, 17.5)
stroke
set_line_width(7.0)
set_line_cap round
begin_path
move_to(27.5, 17.5)
line_to(27.5, 22.5)
stroke
set_line_width(7.0)
set_line_cap round
begin_path
move_to(27.5, 22.5)
line_to(32.5, 22.5)
stroke
set_line_width(7.0)
set_line_cap round
begin_path
move_to(32.5, 22.5)
line_to(32.5, 32.5)
stroke
set_fill #286eae
begin_path
arc(22.5, 17.5, 3.5, 0.0, 6.283185307179586)
fill
begin_path
arc(27.5, 17.5, 3.5, 0.0, 6.283185307179586)
fill
begin_path
arc(27.5, 22.5, 3.5, 0.0, 6.283185307179586)
fill
begin_path
arc(32.5, 22.5, 3.5, 0.0, 6.283185307179586)
fill
set_stroke #3c8dde
set_fill #3c8dde
set_line_width(5.0)
set_line_cap round
begin_path
move_to(22.5, 12.5)
line_to(22.5, 17.5)
stroke
set_line_width(5.0)
set_line_cap round
begin_path
move_to(22.5, 17.5)
line_to(27.5, 17.5)
stroke
set_line_width(5.0)
set_line_cap round
begin_path
move_to(27.5, 17.5)
line_to(27.5, 22.5)
stroke
set_line_width(5.0)
set_line_cap round
begin_path
move_to(27.5, 22.5)
line_to(32.5, 22.5)
stroke
set_line_width(5.0)
set_line_cap round
begin_path
move_to(32.5, 22.5)
line_to(32.5, 32.5)
stroke
begin_path
arc(22.5, 17.5, 2.5, 0.0, 6.283185307179586)
fill
begin_path
arc(27.5, 17.5, 2.5, 0.0, 6.283185307179586)
fill
begin_path
arc(27.5, 22.5, 2.5, 0.0, 6.283185307179586)
fill
begin_path
arc(32.5, 22.5, 2.5, 0.0, 6.283185307179586)
fill
set_fill #3c8dde
begin_path
arc(32.5, 32.5, 2.5, 0.0, 6.283185307179586)
fill
set_fill rgba(255, 255, 255, 0.3)
fill_rect(20.0, 10.0, 5.0, 5.0)
set_fill rgba(255, 255, 255, 0.27)
fill_rect(20.0, 15.0, 5.0, 5.0)
set_fill rgba(255, 255, 255, 0.24)
fill_rect(25.0, 15.0, 5.0, 5.0)
set_fill rgba(255, 255, 255, 0.21)
fill_rect(25.0, 20.0, 5.0, 5.0)
set_fill rgba(255, 255, 255, 0.18)
fill_rect(30.0, 20.0, 5.0, 5.0)
set_fill rgba(255, 255, 255, 0.15)
fill_rect(30.0, 25.0, 5.0, 5.0)
set_fill rgba(255, 255, 255, 0.12)
fill_rect(30.0, 30.0, 5.0, 5.0)
set_fill #3c8dde
begin_path
arc(22.5, 12.5, 2.5, 0.0, 6.283185307179586)
fill
set_fill rgba(255, 255, 255, 0.3)
begin_path
arc(22.5, 12.5, 2.5, 0.0, 6.283185307179586)
fill
set_fill #333
begin_path
arc(22.5, 12.5, 1.9, 0.0, 6.283185307179586)
fill

# alive pose=one_cell_runs cell=10.0 boost=false mask=none
set_stroke #286eae
set_line_width(12.0)
set_line_cap round
begin_path
move_to(45.0, 25.0)
line_to(45.0, 35.0)
stroke
set_line_width(12.0)
set_line_cap round
begin_path
move_to(45.0, 35.0)
line_to(55.0, 35.0)
stroke
set_line_width(12.0)
set_line_cap round
begin_path
move_to(55.0, 35.0)
line_to(55.0, 45.0)
stroke
set_line_width(12.0)
set_line_cap round
begin_path
move_to(55.0, 45.0)
line_to(65.0, 45.0)
stroke
set_line_width(12.0)
set_line_cap round
begin_path
move_to(65.0, 45.0)
line_to(65.0, 65.0)
stroke
set_fill #286eae
begin_path
arc(45.0, 35.0, 6.0, 0.0, 6.283185307179586)
fill
begin_path
arc(55.0, 35.0, 6.0, 0.0, 6.283185307179586)
fill
begin_path
arc(55.0, 45.0, 6.0, 0.0, 6.283185307179586)
fill
begin_path
arc(65.0, 45.0, 6.0, 0.0, 6.283185307179586)
fill
set_stroke #3c8dde
set_fill #3c8dde
set_line_width(10.0)
set_line_cap round
begin_path
move_to(45.0, 25.0)
line_to(45.0, 35.0)
stroke
set_line_width(10.0)
set_line_cap round
begin_path
move_to(45.0, 35.0)
line_to(55.0, 35.0)
stroke
set_line_width(10.0)
set_line_cap round
begin_path
move_to(55.0, 35.0)
line_to(55.0, 45.0)
stroke
set_line_width(10.0)
set_line_cap round
begin_path
move_to(55.0, 45.0)
line_to(65.0, 45.0)
stroke
set_line_width(10.0)
set_line_cap round
begin_path
move_to(65.0, 45.0)
line_to(65.0, 65.0)
stroke
begin_path
arc(45.0, 35.0, 5.0, 0.0, 6.283185307179586)
fill
begin_path
arc(55.0, 35.0, 5.0, 0.0, 6.283185307179586)
fill
begin_path
arc(55.0, 45.0, 5.0, 0.0, 6.283185307179586)
fill
begin_path
arc(65.0, 45.0, 5.0, 0.0, 6.283185307179586)
fill
set_fill #3c8dde
begin_path
arc(65.0, 65.0, 5.0, 0.0, 6.283185307179586)
fill
set_fill rgba(255, 255, 255, 0.3)
fill_rect(40.0, 20.0, 10.0, 10.0)
set_fill rgba(255, 255, 255, 0.27)
fill_rect(40.0, 30.0, 10.0, 10.0)
set_fill rgba(255, 255, 255, 0.24)
fill_rect(50.0, 30.0, 10.0, 10.0)
set_fill rgba(255, 255, 255, 0.21)
fill_rect(50.0, 40.0, 10.0, 10.0)
set_fill rgba(255, 255, 255, 0.18)
fill_rect(60.0, 40.0, 10.0, 10.0)
set_fill rgba(255, 255, 255, 0.15)
fill_rect(60.0, 50.0, 10.0, 10.0)
set_fill rgba(255, 255, 255, 0.12)
fill_rect(60.0, 60.0, 10.0, 10.0)
set_fill #3c8dde
begin_path
arc(45.0, 25.0, 5.0, 0.0, 6.283185307179586)
fill
set_fill rgba(255, 255, 255, 0.3)
begin_path
arc(45.0, 25.0, 5.0, 0.0, 6.283185307179586)
fill
set_fill #333
begin_path
arc(45.0, 25.0, 3.8, 0.0, 6.283185307179586)
fill

# alive pose=one_cell_runs cell=10.0 boost=false mask=#ffffff
set_fill #ffffff
fill_rect(39.0, 19.0, 12.0, 22.0)
fill_rect(39.0, 29.0, 22.0, 12.0)
fill_rect(49.0, 29.0, 12.0, 22.0)
fill_rect(49.0, 39.0, 22.0, 12.0)
fill_rect(59.0, 39.0, 12.0, 32.0)
fill_rect(39.0, 19.0, 12.0, 12.0)
fill_rect(39.0, 29.0, 12.0, 12.0)
fill_rect(49.0, 29.0, 12.0, 12.0)
fill_rect(49.0, 39.0, 12.0, 12.0)
fill_rect(59.0, 39.0, 12.0, 12.0)
fill_rect(59.0, 59.0, 12.0, 12.0)
set_stroke #286eae
set_line_width(12.0)
set_line_cap round
begin_path
move_to(45.0, 25.0)
line_to(45.0, 35.0)
stroke
set_line_width(12.0)
set_line_cap round
begin_path
move_to(45.0, 35.0)
line_to(55.0, 35.0)
stroke
set_line_width(12.0)
set_line_cap round
begin_path
move_to(55.0, 35.0)
line_to(55.0, 45.0)
stroke
set_line_width(12.0)
set_line_cap round
begin_path
move_to(55.0, 45.0)
line_to(65.0, 45.0)
stroke
set_line_width(12.0)
set_line_cap round
begin_path
move_to(65.0, 45.0)
line_to(65.0, 65.0)
stroke
set_fill #286eae
begin_path
arc(45.0, 35.0, 6.0, 0.0, 6.283185307179586)
fill
begin_path
arc(55.0, 35.0, 6.0, 0.0, 6.283185307179586)
fill
begin_path
arc(55.0, 45.0, 6.0, 0.0, 6.283185307179586)
fill
begin_path
arc(65.0, 45.0, 6.0, 0.0, 6.283185307179586)
fill
set_stroke #3c8dde
set_fill #3c8dde
set_line_width(10.0)
set_line_cap round
begin_path
move_to(45.0, 25.0)
line_to(45.0, 35.0)
stroke
set_line_width(10.0)
set_line_cap round
begin_path
move_to(45.0, 35.0)
line_to(55.0, 35.0)
stroke
set_line_width(10.0)
set_line_cap round
begin_path
move_to(55.0, 35.0)
line_to(55.0, 45.0)
stroke
set_line_width(10.0)
set_line_cap round
begin_path
move_to(55.0, 45.0)
line_to(65.0, 45.0)
stroke
set_line_width(10.0)
set_line_cap round
begin_path
move_to(65.0, 45.0)
line_to(65.0, 65.0)
stroke
begin_path
arc(45.0, 35.0, 5.0, 0.0, 6.283185307179586)
fill
begin_path
arc(55.0, 35.0, 5.0, 0.0, 6.283185307179586)
fill
begin_path
arc(55.0, 45.0, 5.0, 0.0, 6.283185307179586)
fill
begin_path
arc(65.0, 45.0, 5.0, 0.0, 6.283185307179586)
fill
set_fill #3c8dde
begin_path
arc(65.0, 65.0, 5.0, 0.0, 6.283185307179586)
fill
set_fill rgba(255, 255, 255, 0.3)
fill_rect(40.0, 20.0, 10.0, 10.0)
set_fill rgba(255, 255, 255, 0.27)
fill_rect(40.0, 30.0, 10.0, 10.0)
set_fill rgba(255, 255, 255, 0.24)
fill_rect(50.0, 30.0, 10.0, 10.0)
set_fill rgba(255, 255, 255, 0.21)
fill_rect(50.0, 40.0, 10.0, 10.0)
set_fill rgba(255, 255, 255, 0.18)
fill_rect(60.0, 40.0, 10.0, 10.0)
set_fill rgba(255, 255, 255, 0.15)
fill_rect(60.0, 50.0, 10.0, 10.0)
set_fill rgba(255, 255, 255, 0.12)
fill_rect(60.0, 60.0, 10.0, 10.0)
set_fill #3c8dde
begin_path
arc(45.0, 25.0, 5.0, 0.0, 6.283185307179586)
fill
set_fill rgba(255, 255, 255, 0.3)
begin_path
arc(45.0, 25.0, 5.0, 0.0, 6.283185307179586)
fill
set_fill #333
begin_path
arc(45.0, 25.0, 3.8, 0.0, 6.283185307179586)
fill

# alive pose=one_cell_runs cell=10.0 boost=true mask=none
set_stroke #fff200
set_line_width(16.0)
set_line_cap round
begin_path
move_to(45.0, 25.0)
line_to(45.0, 35.0)
stroke
set_line_width(16.0)
set_line_cap round
begin_path
move_to(45.0, 35.0)
line_to(55.0, 35.0)
stroke
set_line_width(16.0)
set_line_cap round
begin_path
move_to(55.0, 35.0)
line_to(55.0, 45.0)
stroke
set_line_width(16.0)
set_line_cap round
begin_path
move_to(55.0, 45.0)
line_to(65.0, 45.0)
stroke
set_line_width(16.0)
set_line_cap round
begin_path
move_to(65.0, 45.0)
line_to(65.0, 65.0)
stroke
set_fill #fff200
begin_path
arc(45.0, 35.0, 8.0, 0.0, 6.283185307179586)
fill
begin_path
arc(55.0, 35.0, 8.0, 0.0, 6.283185307179586)
fill
begin_path
arc(55.0, 45.0, 8.0, 0.0, 6.283185307179586)
fill
begin_path
arc(65.0, 45.0, 8.0, 0.0, 6.283185307179586)
fill
set_stroke #286eae
set_line_width(12.0)
set_line_cap round
begin_path
move_to(45.0, 25.0)
line_to(45.0, 35.0)
stroke
set_line_width(12.0)
set_line_cap round
begin_path
move_to(45.0, 35.0)
line_to(55.0, 35.0)
stroke
set_line_width(12.0)
set_line_cap round
begin_path
move_to(55.0, 35.0)
line_to(55.0, 45.0)
stroke
set_line_width(12.0)
set_line_cap round
begin_path
move_to(55.0, 45.0)
line_to(65.0, 45.0)
stroke
set_line_width(12.0)
set_line_cap round
begin_path
move_to(65.0, 45.0)
line_to(65.0, 65.0)
stroke
set_fill #286eae
begin_path
arc(45.0, 35.0, 6.0, 0.0, 6.283185307179586)
fill
begin_path
arc(55.0, 35.0, 6.0, 0.0, 6.283185307179586)
fill
begin_path
arc(55.0, 45.0, 6.0, 0.0, 6.283185307179586)
fill
begin_path
arc(65.0, 45.0, 6.0, 0.0, 6.283185307179586)
fill
set_stroke #3c8dde
set_fill #3c8dde
set_line_width(10.0)
set_line_cap round
begin_path
move_to(45.0, 25.0)
line_to(45.0, 35.0)
stroke
set_line_width(10.0)
set_line_cap round
begin_path
move_to(45.0, 35.0)
line_to(55.0, 35.0)
stroke
set_line_width(10.0)
set_line_cap round
begin_path
move_to(55.0, 35.0)
line_to(55.0, 45.0)
stroke
set_line_width(10.0)
set_line_cap round
begin_path
move_to(55.0, 45.0)
line_to(65.0, 45.0)
stroke
set_line_width(10.0)
set_line_cap round
begin_path
move_to(65.0, 45.0)
line_to(65.0, 65.0)
stroke
begin_path
arc(45.0, 35.0, 5.0, 0.0, 6.283185307179586)
fill
begin_path
arc(55.0, 35.0, 5.0, 0.0, 6.283185307179586)
fill
begin_path
arc(55.0, 45.0, 5.0, 0.0, 6.283185307179586)
fill
begin_path
arc(65.0, 45.0, 5.0, 0.0, 6.283185307179586)
fill
set_fill #3c8dde
begin_path
arc(65.0, 65.0, 5.0, 0.0, 6.283185307179586)
fill
set_fill rgba(255, 255, 255, 0.3)
fill_rect(40.0, 20.0, 10.0, 10.0)
set_fill rgba(255, 255, 255, 0.27)
fill_rect(40.0, 30.0, 10.0, 10.0)
set_fill rgba(255, 255, 255, 0.24)
fill_rect(50.0, 30.0, 10.0, 10.0)
set_fill rgba(255, 255, 255, 0.21)
fill_rect(50.0, 40.0, 10.0, 10.0)
set_fill rgba(255, 255, 255, 0.18)
fill_rect(60.0, 40.0, 10.0, 10.0)
set_fill rgba(255, 255, 255, 0.15)
fill_rect(60.0, 50.0, 10.0, 10.0)
set_fill rgba(255, 255, 255, 0.12)
fill_rect(60.0, 60.0, 10.0, 10.0)
set_fill #3c8dde
begin_path
arc(45.0, 25.0, 5.0, 0.0, 6.283185307179586)
fill
set_fill rgba(255, 255, 255, 0.3)
begin_path
arc(45.0, 25.0, 5.0, 0.0, 6.283185307179586)
fill
set_fill #333
begin_path
arc(45.0, 25.0, 3.8, 0.0, 6.283185307179586)
fill

# alive pose=one_cell_runs cell=10.0 boost=true mask=#ffffff
set_fill #ffffff
fill_rect(37.0, 17.0, 16.0, 26.0)
fill_rect(37.0, 27.0, 26.0, 16.0)
fill_rect(47.0, 27.0, 16.0, 26.0)
fill_rect(47.0, 37.0, 26.0, 16.0)
fill_rect(57.0, 37.0, 16.0, 36.0)
fill_rect(37.0, 17.0, 16.0, 16.0)
fill_rect(37.0, 27.0, 16.0, 16.0)
fill_rect(47.0, 27.0, 16.0, 16.0)
fill_rect(47.0, 37.0, 16.0, 16.0)
fill_rect(57.0, 37.0, 16.0, 16.0)
fill_rect(57.0, 57.0, 16.0, 16.0)
set_stroke #fff200
set_line_width(16.0)
set_line_cap round
begin_path
move_to(45.0, 25.0)
line_to(45.0, 35.0)
stroke
set_line_width(16.0)
set_line_cap round
begin_path
move_to(45.0, 35.0)
line_to(55.0, 35.0)
stroke
set_line_width(16.0)
set_line_cap round
begin_path
move_to(55.0, 35.0)
line_to(55.0, 45.0)
stroke
set_line_width(16.0)
set_line_cap round
begin_path
move_to(55.0, 45.0)
line_to(65.0, 45.0)
stroke
set_line_width(16.0)
set_line_cap round
begin_path
move_to(65.0, 45.0)
line_to(65.0, 65.0)
stroke
set_fill #fff200
begin_path
arc(45.0, 35.0, 8.0, 0.0, 6.283185307179586)
fill
begin_path
arc(55.0, 35.0, 8.0, 0.0, 6.283185307179586)
fill
begin_path
arc(55.0, 45.0, 8.0, 0.0, 6.283185307179586)
fill
begin_path
arc(65.0, 45.0, 8.0, 0.0, 6.283185307179586)
fill
set_stroke #286eae
set_line_width(12.0)
set_line_cap round
begin_path
move_to(45.0, 25.0)
line_to(45.0, 35.0)
stroke
set_line_width(12.0)
set_line_cap round
begin_path
move_to(45.0, 35.0)
line_to(55.0, 35.0)
stroke
set_line_width(12.0)
set_line_cap round
begin_path
move_to(55.0, 35.0)
line_to(55.0, 45.0)
stroke
set_line_width(12.0)
set_line_cap round
begin_path
move_to(55.0, 45.0)
line_to(65.0, 45.0)
stroke
set_line_width(12.0)
set_line_cap round
begin_path
move_to(65.0, 45.0)
line_to(65.0, 65.0)
stroke
set_fill #286eae
begin_path
arc(45.0, 35.0, 6.0, 0.0, 6.283185307179586)
fill
begin_path
arc(55.0, 35.0, 6.0, 0.0, 6.283185307179586)
fill
begin_path
arc(55.0, 45.0, 6.0, 0.0, 6.283185307179586)
fill
begin_path
arc(65.0, 45.0, 6.0, 0.0, 6.283185307179586)
fill
set_stroke #3c8dde
set_fill #3c8dde
set_line_width(10.0)
set_line_cap round
begin_path
move_to(45.0, 25.0)
line_to(45.0, 35.0)
stroke
set_line_width(10.0)
set_line_cap round
begin_path
move_to(45.0, 35.0)
line_to(55.0, 35.0)
stroke
set_line_width(10.0)
set_line_cap round
begin_path
move_to(55.0, 35.0)
line_to(55.0, 45.0)
stroke
set_line_width(10.0)
set_line_cap round
begin_path
move_to(55.0, 45.0)
line_to(65.0, 45.0)
stroke
set_line_width(10.0)
set_line_cap round
begin_path
move_to(65.0, 45.0)
line_to(65.0, 65.0)
stroke
begin_path
arc(45.0, 35.0, 5.0, 0.0, 6.283185307179586)
fill
begin_path
arc(55.0, 35.0, 5.0, 0.0, 6.283185307179586)
fill
begin_path
arc(55.0, 45.0, 5.0, 0.0, 6.283185307179586)
fill
begin_path
arc(65.0, 45.0, 5.0, 0.0, 6.283185307179586)
fill
set_fill #3c8dde
begin_path
arc(65.0, 65.0, 5.0, 0.0, 6.283185307179586)
fill
set_fill rgba(255, 255, 255, 0.3)
fill_rect(40.0, 20.0, 10.0, 10.0)
set_fill rgba(255, 255, 255, 0.27)
fill_rect(40.0, 30.0, 10.0, 10.0)
set_fill rgba(255, 255, 255, 0.24)
fill_rect(50.0, 30.0, 10.0, 10.0)
set_fill rgba(255, 255, 255, 0.21)
fill_rect(50.0, 40.0, 10.0, 10.0)
set_fill rgba(255, 255, 255, 0.18)
fill_rect(60.0, 40.0, 10.0, 10.0)
set_fill rgba(255, 255, 255, 0.15)
fill_rect(60.0, 50.0, 10.0, 10.0)
set_fill rgba(255, 255, 255, 0.12)
fill_rect(60.0, 60.0, 10.0, 10.0)
set_fill #3c8dde
begin_path
arc(45.0, 25.0, 5.0, 0.0, 6.283185307179586)
fill
set_fill rgba(255, 255, 255, 0.3)
begin_path
arc(45.0, 25.0, 5.0, 0.0, 6.283185307179586)
fill
set_fill #333
begin_path
arc(45.0, 25.0, 3.8, 0.0, 6.283185307179586)
fill

# alive pose=one_cell_runs cell=15.0 boost=false mask=none
set_stroke #286eae
set_line_width(17.0)
set_line_cap round
begin_path
move_to(67.5, 37.5)
line_to(67.5, 52.5)
stroke
set_line_width(17.0)
set_line_cap round
begin_path
move_to(67.5, 52.5)
line_to(82.5, 52.5)
stroke
set_line_width(17.0)
set_line_cap round
begin_path
move_to(82.5, 52.5)
line_to(82.5, 67.5)
stroke
set_line_width(17.0)
set_line_cap round
begin_path
move_to(82.5, 67.5)
line_to(97.5, 67.5)
stroke
set_line_width(17.0)
set_line_cap round
begin_path
move_to(97.5, 67.5)
line_to(97.5, 97.5)
stroke
set_fill #286eae
begin_path
arc(67.5, 52.5, 8.5, 0.0, 6.283185307179586)
fill
begin_path
arc(82.5, 52.5, 8.5, 0.0, 6.283185307179586)
fill
begin_path
arc(82.5, 67.5, 8.5, 0.0, 6.283185307179586)
fill
begin_path
arc(97.5, 67.5, 8.5, 0.0, 6.283185307179586)
fill
set_stroke #3c8dde
set_fill #3c8dde
set_line_width(15.0)
set_line_cap round
begin_path
move_to(67.5, 37.5)
line_to(67.5, 52.5)
stroke
set_line_width(15.0)
set_line_cap round
begin_path
move_to(67.5, 52.5)
line_to(82.5, 52.5)
stroke
set_line_width(15.0)
set_line_cap round
begin_path
move_to(82.5, 52.5)
line_to(82.5, 67.5)
stroke
set_line_width(15.0)
set_line_cap round
begin_path
move_to(82.5, 67.5)
line_to(97.5, 67.5)
stroke
set_line_width(15.0)
set_line_cap round
begin_path
move_to(97.5, 67.5)
line_to(97.5, 97.5)
stroke
begin_path
arc(67.5, 52.5, 7.5, 0.0, 6.283185307179586)
fill
begin_path
arc(82.5, 52.5, 7.5, 0.0, 6.283185307179586)
fill
begin_path
arc(82.5, 67.5, 7.5, 0.0, 6.283185307179586)
fill
begin_path
arc(97.5, 67.5, 7.5, 0.0, 6.283185307179586)
fill
set_fill #3c8dde
begin_path
arc(97.5, 97.5, 7.5, 0.0, 6.283185307179586)
fill
set_fill rgba(255, 255, 255, 0.3)
fill_rect(60.0, 30.0, 15.0, 15.0)
set_fill rgba(255, 255, 255, 0.27)
fill_rect(60.0, 45.0, 15.0, 15.0)
set_fill rgba(255, 255, 255, 0.24)
fill_rect(75.0, 45.0, 15.0, 15.0)
set_fill rgba(255, 255, 255, 0.21)
fill_rect(75.0, 60.0, 15.0, 15.0)
set_fill rgba(255, 255, 255, 0.18)
fill_rect(90.0, 60.0, 15.0, 15.0)
set_fill rgba(255, 255, 255, 0.15)
fill_rect(90.0, 75.0, 15.0, 15.0)
set_fill rgba(255, 255, 255, 0.12)
fill_rect(90.0, 90.0, 15.0, 15.0)
set_fill #3c8dde
begin_path
arc(67.5, 37.5, 7.5, 0.0, 6.283185307179586)
fill
set_fill rgba(255, 255, 255, 0.3)
begin_path
arc(67.5, 37.5, 7.5, 0.0, 6.283185307179586)
fill
set_fill #333
begin_path
arc(67.5, 37.5, 5.7, 0.0, 6.283185307179586)
fill

# alive pose=one_cell_runs cell=15.0 boost=false mask=#ffffff
set_fill #ffffff
fill_rect(59.0, 29.0, 17.0, 32.0)
fill_rect(59.0, 44.0, 32.0, 17.0)
fill_rect(74.0, 44.0, 17.0, 32.0)
fill_rect(74.0, 59.0, 32.0, 17.0)
fill_rect(89.0, 59.0, 17.0, 47.0)
fill_rect(59.0, 29.0, 17.0, 17.0)
fill_rect(59.0, 44.0, 17.0, 17.0)
fill_rect(74.0, 44.0, 17.0, 17.0)
fill_rect(74.0, 59.0, 17.0, 17.0)
fill_rect(89.0, 59.0, 17.0, 17.0)
fill_rect(89.0, 89.0, 17.0, 17.0)
set_stroke #286eae
set_line_width(17.0)
set_line_cap round
begin_path
move_to(67.5, 37.5)
line_to(67.5, 52.5)
stroke
set_line_width(17.0)
set_line_cap round
begin_path
move_to(67.5, 52.5)
line_to(82.5, 52.5)
stroke
set_line_width(17.0)
set_line_cap round
begin_path
move_to(82.5, 52.5)
line_to(82.5, 67.5)
stroke
set_line_width(17.0)
set_line_cap round
begin_path
move_to(82.5, 67.5)
line_to(97.5, 67.5)
stroke
set_line_width(17.0)
set_line_cap round
begin_path
move_to(97.5, 67.5)
line_to(97.5, 97.5)
stroke
set_fill #286eae
begin_path
arc(67.5, 52.5, 8.5, 0.0, 6.283185307179586)
fill
begin_path
arc(82.5, 52.5, 8.5, 0.0, 6.283185307179586)
fill
begin_path
arc(82.5, 67.5, 8.5, 0.0, 6.283185307179586)
fill
begin_path
arc(97.5, 67.5, 8.5, 0.0, 6.283185307179586)
fill
set_stroke #3c8dde
set_fill #3c8dde
set_line_width(15.0)
set_line_cap round
begin_path
move_to(67.5, 37.5)
line_to(67.5, 52.5)
stroke
set_line_width(15.0)
set_line_cap round
begin_path
move_to(67.5, 52.5)
line_to(82.5, 52.5)
stroke
set_line_width(15.0)
set_line_cap round
begin_path
move_to(82.5, 52.5)
line_to(82.5, 67.5)
stroke
set_line_width(15.0)
set_line_cap round
begin_path
move_to(82.5, 67.5)
line_to(97.5, 67.5)
stroke
set_line_width(15.0)
set_line_cap round
begin_path
move_to(97.5, 67.5)
line_to(97.5, 97.5)
stroke
begin_path
arc(67.5, 52.5, 7.5, 0.0, 6.283185307179586)
fill
begin_path
arc(82.5, 52.5, 7.5, 0.0, 6.283185307179586)
fill
begin_path
arc(82.5, 67.5, 7.5, 0.0, 6.283185307179586)
fill
begin_path
arc(97.5, 67.5, 7.5, 0.0, 6.283185307179586)
fill
set_fill #3c8dde
begin_path
arc(97.5, 97.5, 7.5, 0.0, 6.283185307179586)
fill
set_fill rgba(255, 255, 255, 0.3)
fill_rect(60.0, 30.0, 15.0, 15.0)
set_fill rgba(255, 255, 255, 0.27)
fill_rect(60.0, 45.0, 15.0, 15.0)
set_fill rgba(255, 255, 255, 0.24)
fill_rect(75.0, 45.0, 15.0, 15.0)
set_fill rgba(255, 255, 255, 0.21)
fill_rect(75.0, 60.0, 15.0, 15.0)
set_fill rgba(255, 255, 255, 0.18)
fill_rect(90.0, 60.0, 15.0, 15.0)
set_fill rgba(255, 255, 255, 0.15)
fill_rect(90.0, 75.0, 15.0, 15.0)
set_fill rgba(255, 255, 255, 0.12)
fill_rect(90.0, 90.0, 15.0, 15.0)
set_fill #3c8dde
begin_path
arc(67.5, 37.5, 7.5, 0.0, 6.283185307179586)
fill
set_fill rgba(255, 255, 255, 0.3)
begin_path
arc(67.5, 37.5, 7.5, 0.0, 6.283185307179586)
fill
set_fill #333
begin_path
arc(67.5, 37.5, 5.7, 0.0, 6.283185307179586)
fill

# alive pose=one_cell_runs cell=15.0 boost=true mask=none
set_stroke #fff200
set_line_width(21.0)
set_line_cap round
begin_path
move_to(67.5, 37.5)
line_to(67.5, 52.5)
stroke
set_line_width(21.0)
set_line_cap round
begin_path
move_to(67.5, 52.5)
line_to(82.5, 52.5)
stroke
set_line_width(21.0)
set_line_cap round
begin_path
move_to(82.5, 52.5)
line_to(82.5, 67.5)
stroke
set_line_width(21.0)
set_line_cap round
begin_path
move_to(82.5, 67.5)
line_to(97.5, 67.5)
stroke
set_line_width(21.0)
set_line_cap round
begin_path
move_to(97.5, 67.5)
line_to(97.5, 97.5)
stroke
set_fill #fff200
begin_path
arc(67.5, 52.5, 10.5, 0.0, 6.283185307179586)
fill
begin_path
arc(82.5, 52.5, 10.5, 0.0, 6.283185307179586)
fill
begin_path
arc(82.5, 67.5, 10.5, 0.0, 6.283185307179586)
fill
begin_path
arc(97.5, 67.5, 10.5, 0.0, 6.283185307179586)
fill
set_stroke #286eae
set_line_width(17.0)
set_line_cap round
begin_path
move_to(67.5, 37.5)
line_to(67.5, 52.5)
stroke
set_line_width(17.0)
set_line_cap round
begin_path
move_to(67.5, 52.5)
line_to(82.5, 52.5)
stroke
set_line_width(17.0)
set_line_cap round
begin_path
move_to(82.5, 52.5)
line_to(82.5, 67.5)
stroke
set_line_width(17.0)
set_line_cap round
begin_path
move_to(82.5, 67.5)
line_to(97.5, 67.5)
stroke
set_line_width(17.0)
set_line_cap round
begin_path
move_to(97.5, 67.5)
line_to(97.5, 97.5)
stroke
set_fill #286eae
begin_path
arc(67.5, 52.5, 8.5, 0.0, 6.283185307179586)
fill
begin_path
arc(82.5, 52.5, 8.5, 0.0, 6.283185307179586)
fill
begin_path
arc(82.5, 67.5, 8.5, 0.0, 6.283185307179586)
fill
begin_path
arc(97.5, 67.5, 8.5, 0.0, 6.283185307179586)
fill
set_stroke #3c8dde
set_fill #3c8dde
set_line_width(15.0)
set_line_cap round
begin_path
move_to(67.5, 37.5)
line_to(67.5, 52.5)
stroke
set_line_width(15.0)
set_line_cap round
begin_path
move_to(67.5, 52.5)
line_to(82.5, 52.5)
stroke
set_line_width(15.0)
set_line_cap round
begin_path
move_to(82.5, 52.5)
line_to(82.5, 67.5)
stroke
set_line_width(15.0)
set_line_cap round
begin_path
move_to(82.5, 67.5)
line_to(97.5, 67.5)
stroke
set_line_width(15.0)
set_line_cap round
begin_path
move_to(97.5, 67.5)
line_to(97.5, 97.5)
stroke
begin_path
arc(67.5, 52.5, 7.5, 0.0, 6.283185307179586)
fill
begin_path
arc(82.5, 52.5, 7.5, 0.0, 6.283185307179586)
fill
begin_path
arc(82.5, 67.5, 7.5, 0.0, 6.283185307179586)
fill
begin_path
arc(97.5, 67.5, 7.5, 0.0, 6.283185307179586)
fill
set_fill #3c8dde
begin_path
arc(97.5, 97.5, 7.5, 0.0, 6.283185307179586)
fill
set_fill rgba(255, 255, 255, 0.3)
fill_rect(60.0, 30.0, 15.0, 15.0)
set_fill rgba(255, 255, 255, 0.27)
fill_rect(60.0, 45.0, 15.0, 15.0)
set_fill rgba(255, 255, 255, 0.24)
fill_rect(75.0, 45.0, 15.0, 15.0)
set_fill rgba(255, 255, 255, 0.21)
fill_rect(75.0, 60.0, 15.0, 15.0)
set_fill rgba(255, 255, 255, 0.18)
fill_rect(90.0, 60.0, 15.0, 15.0)
set_fill rgba(255, 255, 255, 0.15)
fill_rect(90.0, 75.0, 15.0, 15.0)
set_fill rgba(255, 255, 255, 0.12)
fill_rect(90.0, 90.0, 15.0, 15.0)
set_fill #3c8dde
begin_path
arc(67.5, 37.5, 7.5, 0.0, 6.283185307179586)
fill
set_fill rgba(255, 255, 255, 0.3)
begin_path
arc(67.5, 37.5, 7.5, 0.0, 6.283185307179586)
fill
set_fill #333
begin_path
arc(67.5, 37.5, 5.7, 0.0, 6.283185307179586)
fill

# alive pose=one_cell_runs cell=15.0 boost=true mask=#ffffff
set_fill #ffffff
fill_rect(57.0, 27.0, 21.0, 36.0)
fill_rect(57.0, 42.0, 36.0, 21.0)
fill_rect(72.0, 42.0, 21.0, 36.0)
fill_rect(72.0, 57.0, 36.0, 21.0)
fill_rect(87.0, 57.0, 21.0, 51.0)
fill_rect(57.0, 27.0, 21.0, 21.0)
fill_rect(57.0, 42.0, 21.0, 21.0)
fill_rect(72.0, 42.0, 21.0, 21.0)
fill_rect(72.0, 57.0, 21.0, 21.0)
fill_rect(87.0, 57.0, 21.0, 21.0)
fill_rect(87.0, 87.0, 21.0, 21.0)
set_stroke #fff200
set_line_width(21.0)
set_line_cap round
begin_path
move_to(67.5, 37.5)
line_to(67.5, 52.5)
stroke
set_line_width(21.0)
set_line_cap round
begin_path
move_to(67.5, 52.5)
line_to(82.5, 52.5)
stroke
set_line_width(21.0)
set_line_cap round
begin_path
move_to(82.5, 52.5)
line_to(82.5, 67.5)
stroke
set_line_width(21.0)
set_line_cap round
begin_path
move_to(82.5, 67.5)
line_to(97.5, 67.5)
stroke
set_line_width(21.0)
set_line_cap round
begin_path
move_to(97.5, 67.5)
line_to(97.5, 97.5)
stroke
set_fill #fff200
begin_path
arc(67.5, 52.5, 10.5, 0.0, 6.283185307179586)
fill
begin_path
arc(82.5, 52.5, 10.5, 0.0, 6.283185307179586)
fill
begin_path
arc(82.5, 67.5, 10.5, 0.0, 6.283185307179586)
fill
begin_path
arc(97.5, 67.5, 10.5, 0.0, 6.283185307179586)
fill
set_stroke #286eae
set_line_width(17.0)
set_line_cap round
begin_path
move_to(67.5, 37.5)
line_to(67.5, 52.5)
stroke
set_line_width(17.0)
set_line_cap round
begin_path
move_to(67.5, 52.5)
line_to(82.5, 52.5)
stroke
set_line_width(17.0)
set_line_cap round
begin_path
move_to(82.5, 52.5)
line_to(82.5, 67.5)
stroke
set_line_width(17.0)
set_line_cap round
begin_path
move_to(82.5, 67.5)
line_to(97.5, 67.5)
stroke
set_line_width(17.0)
set_line_cap round
begin_path
move_to(97.5, 67.5)
line_to(97.5, 97.5)
stroke
set_fill #286eae
begin_path
arc(67.5, 52.5, 8.5, 0.0, 6.283185307179586)
fill
begin_path
arc(82.5, 52.5, 8.5, 0.0, 6.283185307179586)
fill
begin_path
arc(82.5, 67.5, 8.5, 0.0, 6.283185307179586)
fill
begin_path
arc(97.5, 67.5, 8.5, 0.0, 6.283185307179586)
fill
set_stroke #3c8dde
set_fill #3c8dde
set_line_width(15.0)
set_line_cap round
begin_path
move_to(67.5, 37.5)
line_to(67.5, 52.5)
stroke
set_line_width(15.0)
set_line_cap round
begin_path
move_to(67.5, 52.5)
line_to(82.5, 52.5)
stroke
set_line_width(15.0)
set_line_cap round
begin_path
move_to(82.5, 52.5)
line_to(82.5, 67.5)
stroke
set_line_width(15.0)
set_line_cap round
begin_path
move_to(82.5, 67.5)
line_to(97.5, 67.5)
stroke
set_line_width(15.0)
set_line_cap round
begin_path
move_to(97.5, 67.5)
line_to(97.5, 97.5)
stroke
begin_path
arc(67.5, 52.5, 7.5, 0.0, 6.283185307179586)
fill
begin_path
arc(82.5, 52.5, 7.5, 0.0, 6.283185307179586)
fill
begin_path
arc(82.5, 67.5, 7.5, 0.0, 6.283185307179586)
fill
begin_path
arc(97.5, 67.5, 7.5, 0.0, 6.283185307179586)
fill
set_fill #3c8dde
begin_path
arc(97.5, 97.5, 7.5, 0.0, 6.283185307179586)
fill
set_fill rgba(255, 255, 255, 0.3)
fill_rect(60.0, 30.0, 15.0, 15.0)
set_fill rgba(255, 255, 255, 0.27)
fill_rect(60.0, 45.0, 15.0, 15.0)
set_fill rgba(255, 255, 255, 0.24)
fill_rect(75.0, 45.0, 15.0, 15.0)
set_fill rgba(255, 255, 255, 0.21)
fill_rect(75.0, 60.0, 15.0, 15.0)
set_fill rgba(255, 255, 255, 0.18)
fill_rect(90.0, 60.0, 15.0, 15.0)
set_fill rgba(255, 255, 255, 0.15)
fill_rect(90.0, 75.0, 15.0, 15.0)
set_fill rgba(255, 255, 255, 0.12)
fill_rect(90.0, 90.0, 15.0, 15.0)
set_fill #3c8dde
begin_path
arc(67.5, 37.5, 7.5, 0.0, 6.283185307179586)
fill
set_fill rgba(255, 255, 255, 0.3)
begin_path
arc(67.5, 37.5, 7.5, 0.0, 6.283185307179586)
fill
set_fill #333
begin_path
arc(67.5, 37.5, 5.7, 0.0, 6.283185307179586)
fill

# alive pose=tile_wrapping_length cell=5.0 boost=false mask=none
set_stroke #286eae
set_line_width(7.0)
set_line_cap round
begin_path
move_to(2.5, 42.5)
line_to(162.5, 42.5)
stroke
set_fill #286eae
set_stroke #3c8dde
set_fill #3c8dde
set_line_width(5.0)
set_line_cap round
begin_path
move_to(2.5, 42.5)
line_to(162.5, 42.5)
stroke
set_fill #3c8dde
begin_path
arc(2.5, 42.5, 2.5, 0.0, 6.283185307179586)
fill
set_fill rgba(255, 255, 255, 0.3)
fill_rect(160.0, 40.0, 5.0, 5.0)
set_fill rgba(255, 255, 255, 0.27)
fill_rect(155.0, 40.0, 5.0, 5.0)
set_fill rgba(255, 255, 255, 0.24)
fill_rect(150.0, 40.0, 5.0, 5.0)
set_fill rgba(255, 255, 255, 0.21)
fill_rect(145.0, 40.0, 5.0, 5.0)
set_fill rgba(255, 255, 255, 0.18)
fill_rect(140.0, 40.0, 5.0, 5.0)
set_fill rgba(255, 255, 255, 0.15)
fill_rect(135.0, 40.0, 5.0, 5.0)
set_fill rgba(255, 255, 255, 0.12)
fill_rect(130.0, 40.0, 5.0, 5.0)
set_fill rgba(255, 255, 255, 0.09000000000000001)
fill_rect(125.0, 40.0, 5.0, 5.0)
set_fill rgba(255, 255, 255, 0.059999999999999984)
fill_rect(120.0, 40.0, 5.0, 5.0)
set_fill rgba(255, 255, 255, 0.029999999999999992)
fill_rect(115.0, 40.0, 5.0, 5.0)
set_fill #3c8dde
begin_path
arc(162.5, 42.5, 2.5, 0.0, 6.283185307179586)
fill
set_fill rgba(255, 255, 255, 0.3)
begin_path
arc(162.5, 42.5, 2.5, 0.0, 6.283185307179586)
fill
set_fill #333
begin_path
arc(162.5, 42.5, 1.9, 0.0, 6.283185307179586)
fill

# alive pose=tile_wrapping_length cell=5.0 boost=false mask=#ffffff
set_fill #ffffff
fill_rect(-1.0, 39.0, 167.0, 7.0)
fill_rect(159.0, 39.0, 7.0, 7.0)
fill_rect(-1.0, 39.0, 7.0, 7.0)
set_stroke #286eae
set_line_width(7.0)
set_line_cap round
begin_path
move_to(2.5, 42.5)
line_to(162.5, 42.5)
stroke
set_fill #286eae
set_stroke #3c8dde
set_fill #3c8dde
set_line_width(5.0)
set_line_cap round
begin_path
move_to(2.5, 42.5)
line_to(162.5, 42.5)
stroke
set_fill #3c8dde
begin_path
arc(2.5, 42.5, 2.5, 0.0, 6.283185307179586)
fill
set_fill rgba(255, 255, 255, 0.3)
fill_rect(160.0, 40.0, 5.0, 5.0)
set_fill rgba(255, 255, 255, 0.27)
fill_rect(155.0, 40.0, 5.0, 5.0)
set_fill rgba(255, 255, 255, 0.24)
fill_rect(150.0, 40.0, 5.0, 5.0)
set_fill rgba(255, 255, 255, 0.21)
fill_rect(145.0, 40.0, 5.0, 5.0)
set_fill rgba(255, 255, 255, 0.18)
fill_rect(140.0, 40.0, 5.0, 5.0)
set_fill rgba(255, 255, 255, 0.15)
fill_rect(135.0, 40.0, 5.0, 5.0)
set_fill rgba(255, 255, 255, 0.12)
fill_rect(130.0, 40.0, 5.0, 5.0)
set_fill rgba(255, 255, 255, 0.09000000000000001)
fill_rect(125.0, 40.0, 5.0, 5.0)
set_fill rgba(255, 255, 255, 0.059999999999999984)
fill_rect(120.0, 40.0, 5.0, 5.0)
set_fill rgba(255, 255, 255, 0.029999999999999992)
fill_rect(115.0, 40.0, 5.0, 5.0)
set_fill #3c8dde
begin_path
arc(162.5, 42.5, 2.5, 0.0, 6.283185307179586)
fill
set_fill rgba(255, 255, 255, 0.3)
begin_path
arc(162.5, 42.5, 2.5, 0.0, 6.283185307179586)
fill
set_fill #333
begin_path
arc(162.5, 42.5, 1.9, 0.0, 6.283185307179586)
fill

# alive pose=tile_wrapping_length cell=5.0 boost=true mask=none
set_stroke #fff200
set_line_width(11.0)
set_line_cap round
begin_path
move_to(2.5, 42.5)
line_to(162.5, 42.5)
stroke
set_fill #fff200
set_stroke #286eae
set_line_width(7.0)
set_line_cap round
begin_path
move_to(2.5, 42.5)
line_to(162.5, 42.5)
stroke
set_fill #286eae
set_stroke #3c8dde
set_fill #3c8dde
set_line_width(5.0)
set_line_cap round
begin_path
move_to(2.5, 42.5)
line_to(162.5, 42.5)
stroke
set_fill #3c8dde
begin_path
arc(2.5, 42.5, 2.5, 0.0, 6.283185307179586)
fill
set_fill rgba(255, 255, 255, 0.3)
fill_rect(160.0, 40.0, 5.0, 5.0)
set_fill rgba(255, 255, 255, 0.27)
fill_rect(155.0, 40.0, 5.0, 5.0)
set_fill rgba(255, 255, 255, 0.24)
fill_rect(150.0, 40.0, 5.0, 5.0)
set_fill rgba(255, 255, 255, 0.21)
fill_rect(145.0, 40.0, 5.0, 5.0)
set_fill rgba(255, 255, 255, 0.18)
fill_rect(140.0, 40.0, 5.0, 5.0)
set_fill rgba(255, 255, 255, 0.15)
fill_rect(135.0, 40.0, 5.0, 5.0)
set_fill rgba(255, 255, 255, 0.12)
fill_rect(130.0, 40.0, 5.0, 5.0)
set_fill rgba(255, 255, 255, 0.09000000000000001)
fill_rect(125.0, 40.0, 5.0, 5.0)
set_fill rgba(255, 255, 255, 0.059999999999999984)
fill_rect(120.0, 40.0, 5.0, 5.0)
set_fill rgba(255, 255, 255, 0.029999999999999992)
fill_rect(115.0, 40.0, 5.0, 5.0)
set_fill #3c8dde
begin_path
arc(162.5, 42.5, 2.5, 0.0, 6.283185307179586)
fill
set_fill rgba(255, 255, 255, 0.3)
begin_path
arc(162.5, 42.5, 2.5, 0.0, 6.283185307179586)
fill
set_fill #333
begin_path
arc(162.5, 42.5, 1.9, 0.0, 6.283185307179586)
fill

# alive pose=tile_wrapping_length cell=5.0 boost=true mask=#ffffff
set_fill #ffffff
fill_rect(-3.0, 37.0, 171.0, 11.0)
fill_rect(157.0, 37.0, 11.0, 11.0)
fill_rect(-3.0, 37.0, 11.0, 11.0)
set_stroke #fff200
set_line_width(11.0)
set_line_cap round
begin_path
move_to(2.5, 42.5)
line_to(162.5, 42.5)
stroke
set_fill #fff200
set_stroke #286eae
set_line_width(7.0)
set_line_cap round
begin_path
move_to(2.5, 42.5)
line_to(162.5, 42.5)
stroke
set_fill #286eae
set_stroke #3c8dde
set_fill #3c8dde
set_line_width(5.0)
set_line_cap round
begin_path
move_to(2.5, 42.5)
line_to(162.5, 42.5)
stroke
set_fill #3c8dde
begin_path
arc(2.5, 42.5, 2.5, 0.0, 6.283185307179586)
fill
set_fill rgba(255, 255, 255, 0.3)
fill_rect(160.0, 40.0, 5.0, 5.0)
set_fill rgba(255, 255, 255, 0.27)
fill_rect(155.0, 40.0, 5.0, 5.0)
set_fill rgba(255, 255, 255, 0.24)
fill_rect(150.0, 40.0, 5.0, 5.0)
set_fill rgba(255, 255, 255, 0.21)
fill_rect(145.0, 40.0, 5.0, 5.0)
set_fill rgba(255, 255, 255, 0.18)
fill_rect(140.0, 40.0, 5.0, 5.0)
set_fill rgba(255, 255, 255, 0.15)
fill_rect(135.0, 40.0, 5.0, 5.0)
set_fill rgba(255, 255, 255, 0.12)
fill_rect(130.0, 40.0, 5.0, 5.0)
set_fill rgba(255, 255, 255, 0.09000000000000001)
fill_rect(125.0, 40.0, 5.0, 5.0)
set_fill rgba(255, 255, 255, 0.059999999999999984)
fill_rect(120.0, 40.0, 5.0, 5.0)
set_fill rgba(255, 255, 255, 0.029999999999999992)
fill_rect(115.0, 40.0, 5.0, 5.0)
set_fill #3c8dde
begin_path
arc(162.5, 42.5, 2.5, 0.0, 6.283185307179586)
fill
set_fill rgba(255, 255, 255, 0.3)
begin_path
arc(162.5, 42.5, 2.5, 0.0, 6.283185307179586)
fill
set_fill #333
begin_path
arc(162.5, 42.5, 1.9, 0.0, 6.283185307179586)
fill

# alive pose=tile_wrapping_length cell=10.0 boost=false mask=none
set_stroke #286eae
set_line_width(12.0)
set_line_cap round
begin_path
move_to(5.0, 85.0)
line_to(325.0, 85.0)
stroke
set_fill #286eae
set_stroke #3c8dde
set_fill #3c8dde
set_line_width(10.0)
set_line_cap round
begin_path
move_to(5.0, 85.0)
line_to(325.0, 85.0)
stroke
set_fill #3c8dde
begin_path
arc(5.0, 85.0, 5.0, 0.0, 6.283185307179586)
fill
set_fill rgba(255, 255, 255, 0.3)
fill_rect(320.0, 80.0, 10.0, 10.0)
set_fill rgba(255, 255, 255, 0.27)
fill_rect(310.0, 80.0, 10.0, 10.0)
set_fill rgba(255, 255, 255, 0.24)
fill_rect(300.0, 80.0, 10.0, 10.0)
set_fill rgba(255, 255, 255, 0.21)
fill_rect(290.0, 80.0, 10.0, 10.0)
set_fill rgba(255, 255, 255, 0.18)
fill_rect(280.0, 80.0, 10.0, 10.0)
set_fill rgba(255, 255, 255, 0.15)
fill_rect(270.0, 80.0, 10.0, 10.0)
set_fill rgba(255, 255, 255, 0.12)
fill_rect(260.0, 80.0, 10.0, 10.0)
set_fill rgba(255, 255, 255, 0.09000000000000001)
fill_rect(250.0, 80.0, 10.0, 10.0)
set_fill rgba(255, 255, 255, 0.059999999999999984)
fill_rect(240.0, 80.0, 10.0, 10.0)
set_fill rgba(255, 255, 255, 0.029999999999999992)
fill_rect(230.0, 80.0, 10.0, 10.0)
set_fill #3c8dde
begin_path
arc(325.0, 85.0, 5.0, 0.0, 6.283185307179586)
fill
set_fill rgba(255, 255, 255, 0.3)
begin_path
arc(325.0, 85.0, 5.0, 0.0, 6.283185307179586)
fill
set_fill #333
begin_path
arc(325.0, 85.0, 3.8, 0.0, 6.283185307179586)
fill

# alive pose=tile_wrapping_length cell=10.0 boost=false mask=#ffffff
set_fill #ffffff
fill_rect(-1.0, 79.0, 332.0, 12.0)
fill_rect(319.0, 79.0, 12.0, 12.0)
fill_rect(-1.0, 79.0, 12.0, 12.0)
set_stroke #286eae
set_line_width(12.0)
set_line_cap round
begin_path
move_to(5.0, 85.0)
line_to(325.0, 85.0)
stroke
set_fill #286eae
set_stroke #3c8dde
set_fill #3c8dde
set_line_width(10.0)
set_line_cap round
begin_path
move_to(5.0, 85.0)
line_to(325.0, 85.0)
stroke
set_fill #3c8dde
begin_path
arc(5.0, 85.0, 5.0, 0.0, 6.283185307179586)
fill
set_fill rgba(255, 255, 255, 0.3)
fill_rect(320.0, 80.0, 10.0, 10.0)
set_fill rgba(255, 255, 255, 0.27)
fill_rect(310.0, 80.0, 10.0, 10.0)
set_fill rgba(255, 255, 255, 0.24)
fill_rect(300.0, 80.0, 10.0, 10.0)
set_fill rgba(255, 255, 255, 0.21)
fill_rect(290.0, 80.0, 10.0, 10.0)
set_fill rgba(255, 255, 255, 0.18)
fill_rect(280.0, 80.0, 10.0, 10.0)
set_fill rgba(255, 255, 255, 0.15)
fill_rect(270.0, 80.0, 10.0, 10.0)
set_fill rgba(255, 255, 255, 0.12)
fill_rect(260.0, 80.0, 10.0, 10.0)
set_fill rgba(255, 255, 255, 0.09000000000000001)
fill_rect(250.0, 80.0, 10.0, 10.0)
set_fill rgba(255, 255, 255, 0.059999999999999984)
fill_rect(240.0, 80.0, 10.0, 10.0)
set_fill rgba(255, 255, 255, 0.029999999999999992)
fill_rect(230.0, 80.0, 10.0, 10.0)
set_fill #3c8dde
begin_path
arc(325.0, 85.0, 5.0, 0.0, 6.283185307179586)
fill
set_fill rgba(255, 255, 255, 0.3)
begin_path
arc(325.0, 85.0, 5.0, 0.0, 6.283185307179586)
fill
set_fill #333
begin_path
arc(325.0, 85.0, 3.8, 0.0, 6.283185307179586)
fill

# alive pose=tile_wrapping_length cell=10.0 boost=true mask=none
set_stroke #fff200
set_line_width(16.0)
set_line_cap round
begin_path
move_to(5.0, 85.0)
line_to(325.0, 85.0)
stroke
set_fill #fff200
set_stroke #286eae
set_line_width(12.0)
set_line_cap round
begin_path
move_to(5.0, 85.0)
line_to(325.0, 85.0)
stroke
set_fill #286eae
set_stroke #3c8dde
set_fill #3c8dde
set_line_width(10.0)
set_line_cap round
begin_path
move_to(5.0, 85.0)
line_to(325.0, 85.0)
stroke
set_fill #3c8dde
begin_path
arc(5.0, 85.0, 5.0, 0.0, 6.283185307179586)
fill
set_fill rgba(255, 255, 255, 0.3)
fill_rect(320.0, 80.0, 10.0, 10.0)
set_fill rgba(255, 255, 255, 0.27)
fill_rect(310.0, 80.0, 10.0, 10.0)
set_fill rgba(255, 255, 255, 0.24)
fill_rect(300.0, 80.0, 10.0, 10.0)
set_fill rgba(255, 255, 255, 0.21)
fill_rect(290.0, 80.0, 10.0, 10.0)
set_fill rgba(255, 255, 255, 0.18)
fill_rect(280.0, 80.0, 10.0, 10.0)
set_fill rgba(255, 255, 255, 0.15)
fill_rect(270.0, 80.0, 10.0, 10.0)
set_fill rgba(255, 255, 255, 0.12)
fill_rect(260.0, 80.0, 10.0, 10.0)
set_fill rgba(255, 255, 255, 0.09000000000000001)
fill_rect(250.0, 80.0, 10.0, 10.0)
set_fill rgba(255, 255, 255, 0.059999999999999984)
fill_rect(240.0, 80.0, 10.0, 10.0)
set_fill rgba(255, 255, 255, 0.029999999999999992)
fill_rect(230.0, 80.0, 10.0, 10.0)
set_fill #3c8dde
begin_path
arc(325.0, 85.0, 5.0, 0.0, 6.283185307179586)
fill
set_fill rgba(255, 255, 255, 0.3)
begin_path
arc(325.0, 85.0, 5.0, 0.0, 6.283185307179586)
fill
set_fill #333
begin_path
arc(325.0, 85.0, 3.8, 0.0, 6.283185307179586)
fill

# alive pose=tile_wrapping_length cell=10.0 boost=true mask=#ffffff
set_fill #ffffff
fill_rect(-3.0, 77.0, 336.0, 16.0)
fill_rect(317.0, 77.0, 16.0, 16.0)
fill_rect(-3.0, 77.0, 16.0, 16.0)
set_stroke #fff200
set_line_width(16.0)
set_line_cap round
begin_path
move_to(5.0, 85.0)
line_to(325.0, 85.0)
stroke
set_fill #fff200
set_stroke #286eae
set_line_width(12.0)
set_line_cap round
begin_path
move_to(5.0, 85.0)
line_to(325.0, 85.0)
stroke
set_fill #286eae
set_stroke #3c8dde
set_fill #3c8dde
set_line_width(10.0)
set_line_cap round
begin_path
move_to(5.0, 85.0)
line_to(325.0, 85.0)
stroke
set_fill #3c8dde
begin_path
arc(5.0, 85.0, 5.0, 0.0, 6.283185307179586)
fill
set_fill rgba(255, 255, 255, 0.3)
fill_rect(320.0, 80.0, 10.0, 10.0)
set_fill rgba(255, 255, 255, 0.27)
fill_rect(310.0, 80.0, 10.0, 10.0)
set_fill rgba(255, 255, 255, 0.24)
fill_rect(300.0, 80.0, 10.0, 10.0)
set_fill rgba(255, 255, 255, 0.21)
fill_rect(290.0, 80.0, 10.0, 10.0)
set_fill rgba(255, 255, 255, 0.18)
fill_rect(280.0, 80.0, 10.0, 10.0)
set_fill rgba(255, 255, 255, 0.15)
fill_rect(270.0, 80.0, 10.0, 10.0)
set_fill rgba(255, 255, 255, 0.12)
fill_rect(260.0, 80.0, 10.0, 10.0)
set_fill rgba(255, 255, 255, 0.09000000000000001)
fill_rect(250.0, 80.0, 10.0, 10.0)
set_fill rgba(255, 255, 255, 0.059999999999999984)
fill_rect(240.0, 80.0, 10.0, 10.0)
set_fill rgba(255, 255, 255, 0.029999999999999992)
fill_rect(230.0, 80.0, 10.0, 10.0)
set_fill #3c8dde
begin_path
arc(325.0, 85.0, 5.0, 0.0, 6.283185307179586)
fill
set_fill rgba(255, 255, 255, 0.3)
begin_path
arc(325.0, 85.0, 5.0, 0.0, 6.283185307179586)
fill
set_fill #333
begin_path
arc(325.0, 85.0, 3.8, 0.0, 6.283185307179586)
fill

# alive pose=tile_wrapping_length cell=15.0 boost=false mask=none
set_stroke #286eae
set_line_width(17.0)
set_line_cap round
begin_path
move_to(7.5, 127.5)
line_to(487.5, 127.5)
stroke
set_fill #286eae
set_stroke #3c8dde
set_fill #3c8dde
set_line_width(15.0)
set_line_cap round
begin_path
move_to(7.5, 127.5)
line_to(487.5, 127.5)
stroke
set_fill #3c8dde
begin_path
arc(7.5, 127.5, 7.5, 0.0, 6.283185307179586)
fill
set_fill rgba(255, 255, 255, 0.3)
fill_rect(480.0, 120.0, 15.0, 15.0)
set_fill rgba(255, 255, 255, 0.27)
fill_rect(465.0, 120.0, 15.0, 15.0)
set_fill rgba(255, 255, 255, 0.24)
fill_rect(450.0, 120.0, 15.0, 15.0)
set_fill rgba(255, 255, 255, 0.21)
fill_rect(435.0, 120.0, 15.0, 15.0)
set_fill rgba(255, 255, 255, 0.18)
fill_rect(420.0, 120.0, 15.0, 15.0)
set_fill rgba(255, 255, 255, 0.15)
fill_rect(405.0, 120.0, 15.0, 15.0)
set_fill rgba(255, 255, 255, 0.12)
fill_rect(390.0, 120.0, 15.0, 15.0)
set_fill rgba(255, 255, 255, 0.09000000000000001)
fill_rect(375.0, 120.0, 15.0, 15.0)
set_fill rgba(255, 255, 255, 0.059999999999999984)
fill_rect(360.0, 120.0, 15.0, 15.0)
set_fill rgba(255, 255, 255, 0.029999999999999992)
fill_rect(345.0, 120.0, 15.0, 15.0)
set_fill #3c8dde
begin_path
arc(487.5, 127.5, 7.5, 0.0, 6.283185307179586)
fill
set_fill rgba(255, 255, 255, 0.3)
begin_path
arc(487.5, 127.5, 7.5, 0.0, 6.283185307179586)
fill
set_fill #333
begin_path
arc(487.5, 127.5, 5.7, 0.0, 6.283185307179586)
fill

# alive pose=tile_wrapping_length cell=15.0 boost=false mask=#ffffff
set_fill #ffffff
fill_rect(-1.0, 119.0, 497.0, 17.0)
fill_rect(479.0, 119.0, 17.0, 17.0)
fill_rect(-1.0, 119.0, 17.0, 17.0)
set_stroke #286eae
set_line_width(17.0)
set_line_cap round
begin_path
move_to(7.5, 127.5)
line_to(487.5, 127.5)
stroke
set_fill #286eae
set_stroke #3c8dde
set_fill #3c8dde
set_line_width(15.0)
set_line_cap round
begin_path
move_to(7.5, 127.5)
line_to(487.5, 127.5)
stroke
set_fill #3c8dde
begin_path
arc(7.5, 127.5, 7.5, 0.0, 6.283185307179586)
fill
set_fill rgba(255, 255, 255, 0.3)
fill_rect(480.0, 120.0, 15.0, 15.0)
set_fill rgba(255, 255, 255, 0.27)
fill_rect(465.0, 120.0, 15.0, 15.0)
set_fill rgba(255, 255, 255, 0.24)
fill_rect(450.0, 120.0, 15.0, 15.0)
set_fill rgba(255, 255, 255, 0.21)
fill_rect(435.0, 120.0, 15.0, 15.0)
set_fill rgba(255, 255, 255, 0.18)
fill_rect(420.0, 120.0, 15.0, 15.0)
set_fill rgba(255, 255, 255, 0.15)
fill_rect(405.0, 120.0, 15.0, 15.0)
set_fill rgba(255, 255, 255, 0.12)
fill_rect(390.0, 120.0, 15.0, 15.0)
set_fill rgba(255, 255, 255, 0.09000000000000001)
fill_rect(375.0, 120.0, 15.0, 15.0)
set_fill rgba(255, 255, 255, 0.059999999999999984)
fill_rect(360.0, 120.0, 15.0, 15.0)
set_fill rgba(255, 255, 255, 0.029999999999999992)
fill_rect(345.0, 120.0, 15.0, 15.0)
set_fill #3c8dde
begin_path
arc(487.5, 127.5, 7.5, 0.0, 6.283185307179586)
fill
set_fill rgba(255, 255, 255, 0.3)
begin_path
arc(487.5, 127.5, 7.5, 0.0, 6.283185307179586)
fill
set_fill #333
begin_path
arc(487.5, 127.5, 5.7, 0.0, 6.283185307179586)
fill

# alive pose=tile_wrapping_length cell=15.0 boost=true mask=none
set_stroke #fff200
set_line_width(21.0)
set_line_cap round
begin_path
move_to(7.5, 127.5)
line_to(487.5, 127.5)
stroke
set_fill #fff200
set_stroke #286eae
set_line_width(17.0)
set_line_cap round
begin_path
move_to(7.5, 127.5)
line_to(487.5, 127.5)
stroke
set_fill #286eae
set_stroke #3c8dde
set_fill #3c8dde
set_line_width(15.0)
set_line_cap round
begin_path
move_to(7.5, 127.5)
line_to(487.5, 127.5)
stroke
set_fill #3c8dde
begin_path
arc(7.5, 127.5, 7.5, 0.0, 6.283185307179586)
fill
set_fill rgba(255, 255, 255, 0.3)
fill_rect(480.0, 120.0, 15.0, 15.0)
set_fill rgba(255, 255, 255, 0.27)
fill_rect(465.0, 120.0, 15.0, 15.0)
set_fill rgba(255, 255, 255, 0.24)
fill_rect(450.0, 120.0, 15.0, 15.0)
set_fill rgba(255, 255, 255, 0.21)
fill_rect(435.0, 120.0, 15.0, 15.0)
set_fill rgba(255, 255, 255, 0.18)
fill_rect(420.0, 120.0, 15.0, 15.0)
set_fill rgba(255, 255, 255, 0.15)
fill_rect(405.0, 120.0, 15.0, 15.0)
set_fill rgba(255, 255, 255, 0.12)
fill_rect(390.0, 120.0, 15.0, 15.0)
set_fill rgba(255, 255, 255, 0.09000000000000001)
fill_rect(375.0, 120.0, 15.0, 15.0)
set_fill rgba(255, 255, 255, 0.059999999999999984)
fill_rect(360.0, 120.0, 15.0, 15.0)
set_fill rgba(255, 255, 255, 0.029999999999999992)
fill_rect(345.0, 120.0, 15.0, 15.0)
set_fill #3c8dde
begin_path
arc(487.5, 127.5, 7.5, 0.0, 6.283185307179586)
fill
set_fill rgba(255, 255, 255, 0.3)
begin_path
arc(487.5, 127.5, 7.5, 0.0, 6.283185307179586)
fill
set_fill #333
begin_path
arc(487.5, 127.5, 5.7, 0.0, 6.283185307179586)
fill

# alive pose=tile_wrapping_length cell=15.0 boost=true mask=#ffffff
set_fill #ffffff
fill_rect(-3.0, 117.0, 501.0, 21.0)
fill_rect(477.0, 117.0, 21.0, 21.0)
fill_rect(-3.0, 117.0, 21.0, 21.0)
set_stroke #fff200
set_line_width(21.0)
set_line_cap round
begin_path
move_to(7.5, 127.5)
line_to(487.5, 127.5)
stroke
set_fill #fff200
set_stroke #286eae
set_line_width(17.0)
set_line_cap round
begin_path
move_to(7.5, 127.5)
line_to(487.5, 127.5)
stroke
set_fill #286eae
set_stroke #3c8dde
set_fill #3c8dde
set_line_width(15.0)
set_line_cap round
begin_path
move_to(7.5, 127.5)
line_to(487.5, 127.5)
stroke
set_fill #3c8dde
begin_path
arc(7.5, 127.5, 7.5, 0.0, 6.283185307179586)
fill
set_fill rgba(255, 255, 255, 0.3)
fill_rect(480.0, 120.0, 15.0, 15.0)
set_fill rgba(255, 255, 255, 0.27)
fill_rect(465.0, 120.0, 15.0, 15.0)
set_fill rgba(255, 255, 255, 0.24)
fill_rect(450.0, 120.0, 15.0, 15.0)
set_fill rgba(255, 255, 255, 0.21)
fill_rect(435.0, 120.0, 15.0, 15.0)
set_fill rgba(255, 255, 255, 0.18)
fill_rect(420.0, 120.0, 15.0, 15.0)
set_fill rgba(255, 255, 255, 0.15)
fill_rect(405.0, 120.0, 15.0, 15.0)
set_fill rgba(255, 255, 255, 0.12)
fill_rect(390.0, 120.0, 15.0, 15.0)
set_fill rgba(255, 255, 255, 0.09000000000000001)
fill_rect(375.0, 120.0, 15.0, 15.0)
set_fill rgba(255, 255, 255, 0.059999999999999984)
fill_rect(360.0, 120.0, 15.0, 15.0)
set_fill rgba(255, 255, 255, 0.029999999999999992)
fill_rect(345.0, 120.0, 15.0, 15.0)
set_fill #3c8dde
begin_path
arc(487.5, 127.5, 7.5, 0.0, 6.283185307179586)
fill
set_fill rgba(255, 255, 255, 0.3)
begin_path
arc(487.5, 127.5, 7.5, 0.0, 6.283185307179586)
fill
set_fill #333
begin_path
arc(487.5, 127.5, 5.7, 0.0, 6.283185307179586)
fill

# alive pose=self_crossing cell=5.0 boost=false mask=none
set_stroke #286eae
set_line_width(7.0)
set_line_cap round
begin_path
move_to(12.5, 12.5)
line_to(32.5, 12.5)
stroke
set_line_width(7.0)
set_line_cap round
begin_path
move_to(32.5, 12.5)
line_to(32.5, 27.5)
stroke
set_line_width(7.0)
set_line_cap round
begin_path
move_to(22.5, 27.5)
line_to(32.5, 27.5)
stroke
set_line_width(7.0)
set_line_cap round
begin_path
move_to(22.5, 7.5)
line_to(22.5, 27.5)
stroke
set_fill #286eae
begin_path
arc(32.5, 12.5, 3.5, 0.0, 6.283185307179586)
fill
begin_path
arc(32.5, 27.5, 3.5, 0.0, 6.283185307179586)
fill
begin_path
arc(22.5, 27.5, 3.5, 0.0, 6.283185307179586)
fill
set_stroke #3c8dde
set_fill #3c8dde
set_line_width(5.0)
set_line_cap round
begin_path
move_to(12.5, 12.5)
line_to(32.5, 12.5)
stroke
set_line_width(5.0)
set_line_cap round
begin_path
move_to(32.5, 12.5)
line_to(32.5, 27.5)
stroke
set_line_width(5.0)
set_line_cap round
begin_path
move_to(22.5, 27.5)
line_to(32.5, 27.5)
stroke
set_line_width(5.0)
set_line_cap round
begin_path
move_to(22.5, 7.5)
line_to(22.5, 27.5)
stroke
begin_path
arc(32.5, 12.5, 2.5, 0.0, 6.283185307179586)
fill
begin_path
arc(32.5, 27.5, 2.5, 0.0, 6.283185307179586)
fill
begin_path
arc(22.5, 27.5, 2.5, 0.0, 6.283185307179586)
fill
set_fill #3c8dde
begin_path
arc(22.5, 7.5, 2.5, 0.0, 6.283185307179586)
fill
set_fill rgba(255, 255, 255, 0.3)
fill_rect(10.0, 10.0, 5.0, 5.0)
set_fill rgba(255, 255, 255, 0.27)
fill_rect(15.0, 10.0, 5.0, 5.0)
set_fill rgba(255, 255, 255, 0.24)
fill_rect(20.0, 10.0, 5.0, 5.0)
set_fill rgba(255, 255, 255, 0.21)
fill_rect(25.0, 10.0, 5.0, 5.0)
set_fill rgba(255, 255, 255, 0.18)
fill_rect(30.0, 10.0, 5.0, 5.0)
set_fill rgba(255, 255, 255, 0.15)
fill_rect(30.0, 15.0, 5.0, 5.0)
set_fill rgba(255, 255, 255, 0.12)
fill_rect(30.0, 20.0, 5.0, 5.0)
set_fill rgba(255, 255, 255, 0.09000000000000001)
fill_rect(30.0, 25.0, 5.0, 5.0)
set_fill rgba(255, 255, 255, 0.059999999999999984)
fill_rect(25.0, 25.0, 5.0, 5.0)
set_fill rgba(255, 255, 255, 0.029999999999999992)
fill_rect(20.0, 25.0, 5.0, 5.0)
set_fill #3c8dde
begin_path
arc(12.5, 12.5, 2.5, 0.0, 6.283185307179586)
fill
set_fill rgba(255, 255, 255, 0.3)
begin_path
arc(12.5, 12.5, 2.5, 0.0, 6.283185307179586)
fill
set_fill #333
begin_path
arc(12.5, 12.5, 1.9, 0.0, 6.283185307179586)
fill

# alive pose=self_crossing cell=5.0 boost=false mask=#ffffff
set_fill #ffffff
fill_rect(9.0, 9.0, 27.0, 7.0)
fill_rect(29.0, 9.0, 7.0, 22.0)
fill_rect(19.0, 24.0, 17.0, 7.0)
fill_rect(19.0, 4.0, 7.0, 27.0)
fill_rect(9.0, 9.0, 7.0, 7.0)
fill_rect(29.0, 9.0, 7.0, 7.0)
fill_rect(29.0, 24.0, 7.0, 7.0)
fill_rect(19.0, 24.0, 7.0, 7.0)
fill_rect(19.0, 4.0, 7.0, 7.0)
set_stroke #286eae
set_line_width(7.0)
set_line_cap round
begin_path
move_to(12.5, 12.5)
line_to(32.5, 12.5)
stroke
set_line_width(7.0)
set_line_cap round
begin_path
move_to(32.5, 12.5)
line_to(32.5, 27.5)
stroke
set_line_width(7.0)
set_line_cap round
begin_path
move_to(22.5, 27.5)
line_to(32.5, 27.5)
stroke
set_line_width(7.0)
set_line_cap round
begin_path
move_to(22.5, 7.5)
line_to(22.5, 27.5)
stroke
set_fill #286eae
begin_path
arc(32.5, 12.5, 3.5, 0.0, 6.283185307179586)
fill
begin_path
arc(32.5, 27.5, 3.5, 0.0, 6.283185307179586)
fill
begin_path
arc(22.5, 27.5, 3.5, 0.0, 6.283185307179586)
fill
set_stroke #3c8dde
set_fill #3c8dde
set_line_width(5.0)
set_line_cap round
begin_path
move_to(12.5, 12.5)
line_to(32.5, 12.5)
stroke
set_line_width(5.0)
set_line_cap round
begin_path
move_to(32.5, 12.5)
line_to(32.5, 27.5)
stroke
set_line_width(5.0)
set_line_cap round
begin_path
move_to(22.5, 27.5)
line_to(32.5, 27.5)
stroke
set_line_width(5.0)
set_line_cap round
begin_path
move_to(22.5, 7.5)
line_to(22.5, 27.5)
stroke
begin_path
arc(32.5, 12.5, 2.5, 0.0, 6.283185307179586)
fill
begin_path
arc(32.5, 27.5, 2.5, 0.0, 6.283185307179586)
fill
begin_path
arc(22.5, 27.5, 2.5, 0.0, 6.283185307179586)
fill
set_fill #3c8dde
begin_path
arc(22.5, 7.5, 2.5, 0.0, 6.283185307179586)
fill
set_fill rgba(255, 255, 255, 0.3)
fill_rect(10.0, 10.0, 5.0, 5.0)
set_fill rgba(255, 255, 255, 0.27)
fill_rect(15.0, 10.0, 5.0, 5.0)
set_fill rgba(255, 255, 255, 0.24)
fill_rect(20.0, 10.0, 5.0, 5.0)
set_fill rgba(255, 255, 255, 0.21)
fill_rect(25.0, 10.0, 5.0, 5.0)
set_fill rgba(255, 255, 255, 0.18)
fill_rect(30.0, 10.0, 5.0, 5.0)
set_fill rgba(255, 255, 255, 0.15)
fill_rect(30.0, 15.0, 5.0, 5.0)
set_fill rgba(255, 255, 255, 0.12)
fill_rect(30.0, 20.0, 5.0, 5.0)
set_fill rgba(255, 255, 255, 0.09000000000000001)
fill_rect(30.0, 25.0, 5.0, 5.0)
set_fill rgba(255, 255, 255, 0.059999999999999984)
fill_rect(25.0, 25.0, 5.0, 5.0)
set_fill rgba(255, 255, 255, 0.029999999999999992)
fill_rect(20.0, 25.0, 5.0, 5.0)
set_fill #3c8dde
begin_path
arc(12.5, 12.5, 2.5, 0.0, 6.283185307179586)
fill
set_fill rgba(255, 255, 255, 0.3)
begin_path
arc(12.5, 12.5, 2.5, 0.0, 6.283185307179586)
fill
set_fill #333
begin_path
arc(12.5, 12.5, 1.9, 0.0, 6.283185307179586)
fill

# alive pose=self_crossing cell=5.0 boost=true mask=none
set_stroke #fff200
set_line_width(11.0)
set_line_cap round
begin_path
move_to(12.5, 12.5)
line_to(32.5, 12.5)
stroke
set_line_width(11.0)
set_line_cap round
begin_path
move_to(32.5, 12.5)
line_to(32.5, 27.5)
stroke
set_line_width(11.0)
set_line_cap round
begin_path
move_to(22.5, 27.5)
line_to(32.5, 27.5)
stroke
set_line_width(11.0)
set_line_cap round
begin_path
move_to(22.5, 7.5)
line_to(22.5, 27.5)
stroke
set_fill #fff200
begin_path
arc(32.5, 12.5, 5.5, 0.0, 6.283185307179586)
fill
begin_path
arc(32.5, 27.5, 5.5, 0.0, 6.283185307179586)
fill
begin_path
arc(22.5, 27.5, 5.5, 0.0, 6.283185307179586)
fill
set_stroke #286eae
set_line_width(7.0)
set_line_cap round
begin_path
move_to(12.5, 12.5)
line_to(32.5, 12.5)
stroke
set_line_width(7.0)
set_line_cap round
begin_path
move_to(32.5, 12.5)
line_to(32.5, 27.5)
stroke
set_line_width(7.0)
set_line_cap round
begin_path
move_to(22.5, 27.5)
line_to(32.5, 27.5)
stroke
set_line_width(7.0)
set_line_cap round
begin_path
move_to(22.5, 7.5)
line_to(22.5, 27.5)
stroke
set_fill #286eae
begin_path
arc(32.5, 12.5, 3.5, 0.0, 6.283185307179586)
fill
begin_path
arc(32.5, 27.5, 3.5, 0.0, 6.283185307179586)
fill
begin_path
arc(22.5, 27.5, 3.5, 0.0, 6.283185307179586)
fill
set_stroke #3c8dde
set_fill #3c8dde
set_line_width(5.0)
set_line_cap round
begin_path
move_to(12.5, 12.5)
line_to(32.5, 12.5)
stroke
set_line_width(5.0)
set_line_cap round
begin_path
move_to(32.5, 12.5)
line_to(32.5, 27.5)
stroke
set_line_width(5.0)
set_line_cap round
begin_path
move_to(22.5, 27.5)
line_to(32.5, 27.5)
stroke
set_line_width(5.0)
set_line_cap round
begin_path
move_to(22.5, 7.5)
line_to(22.5, 27.5)
stroke
begin_path
arc(32.5, 12.5, 2.5, 0.0, 6.283185307179586)
fill
begin_path
arc(32.5, 27.5, 2.5, 0.0, 6.283185307179586)
fill
begin_path
arc(22.5, 27.5, 2.5, 0.0, 6.283185307179586)
fill
set_fill #3c8dde
begin_path
arc(22.5, 7.5, 2.5, 0.0, 6.283185307179586)
fill
set_fill rgba(255, 255, 255, 0.3)
fill_rect(10.0, 10.0, 5.0, 5.0)
set_fill rgba(255, 255, 255, 0.27)
fill_rect(15.0, 10.0, 5.0, 5.0)
set_fill rgba(255, 255, 255, 0.24)
fill_rect(20.0, 10.0, 5.0, 5.0)
set_fill rgba(255, 255, 255, 0.21)
fill_rect(25.0, 10.0, 5.0, 5.0)
set_fill rgba(255, 255, 255, 0.18)
fill_rect(30.0, 10.0, 5.0, 5.0)
set_fill rgba(255, 255, 255, 0.15)
fill_rect(30.0, 15.0, 5.0, 5.0)
set_fill rgba(255, 255, 255, 0.12)
fill_rect(30.0, 20.0, 5.0, 5.0)
set_fill rgba(255, 255, 255, 0.09000000000000001)
fill_rect(30.0, 25.0, 5.0, 5.0)
set_fill rgba(255, 255, 255, 0.059999999999999984)
fill_rect(25.0, 25.0, 5.0, 5.0)
set_fill rgba(255, 255, 255, 0.029999999999999992)
fill_rect(20.0, 25.0, 5.0, 5.0)
set_fill #3c8dde
begin_path
arc(12.5, 12.5, 2.5, 0.0, 6.283185307179586)
fill
set_fill rgba(255, 255, 255, 0.3)
begin_path
arc(12.5, 12.5, 2.5, 0.0, 6.283185307179586)
fill
set_fill #333
begin_path
arc(12.5, 12.5, 1.9, 0.0, 6.283185307179586)
fill

# alive pose=self_crossing cell=5.0 boost=true mask=#ffffff
set_fill #ffffff
fill_rect(7.0, 7.0, 31.0, 11.0)
fill_rect(27.0, 7.0, 11.0, 26.0)
fill_rect(17.0, 22.0, 21.0, 11.0)
fill_rect(17.0, 2.0, 11.0, 31.0)
fill_rect(7.0, 7.0, 11.0, 11.0)
fill_rect(27.0, 7.0, 11.0, 11.0)
fill_rect(27.0, 22.0, 11.0, 11.0)
fill_rect(17.0, 22.0, 11.0, 11.0)
fill_rect(17.0, 2.0, 11.0, 11.0)
set_stroke #fff200
set_line_width(11.0)
set_line_cap round
begin_path
move_to(12.5, 12.5)
line_to(32.5, 12.5)
stroke
set_line_width(11.0)
set_line_cap round
begin_path
move_to(32.5, 12.5)
line_to(32.5, 27.5)
stroke
set_line_width(11.0)
set_line_cap round
begin_path
move_to(22.5, 27.5)
line_to(32.5, 27.5)
stroke
set_line_width(11.0)
set_line_cap round
begin_path
move_to(22.5, 7.5)
line_to(22.5, 27.5)
stroke
set_fill #fff200
begin_path
arc(32.5, 12.5, 5.5, 0.0, 6.283185307179586)
fill
begin_path
arc(32.5, 27.5, 5.5, 0.0, 6.283185307179586)
fill
begin_path
arc(22.5, 27.5, 5.5, 0.0, 6.283185307179586)
fill
set_stroke #286eae
set_line_width(7.0)
set_line_cap round
begin_path
move_to(12.5, 12.5)
line_to(32.5, 12.5)
stroke
set_line_width(7.0)
set_line_cap round
begin_path
move_to(32.5, 12.5)
line_to(32.5, 27.5)
stroke
set_line_width(7.0)
set_line_cap round
begin_path
move_to(22.5, 27.5)
line_to(32.5, 27.5)
stroke
set_line_width(7.0)
set_line_cap round
begin_path
move_to(22.5, 7.5)
line_to(22.5, 27.5)
stroke
set_fill #286eae
begin_path
arc(32.5, 12.5, 3.5, 0.0, 6.283185307179586)
fill
begin_path
arc(32.5, 27.5, 3.5, 0.0, 6.283185307179586)
fill
begin_path
arc(22.5, 27.5, 3.5, 0.0, 6.283185307179586)
fill
set_stroke #3c8dde
set_fill #3c8dde
set_line_width(5.0)
set_line_cap round
begin_path
move_to(12.5, 12.5)
line_to(32.5, 12.5)
stroke
set_line_width(5.0)
set_line_cap round
begin_path
move_to(32.5, 12.5)
line_to(32.5, 27.5)
stroke
set_line_width(5.0)
set_line_cap round
begin_path
move_to(22.5, 27.5)
line_to(32.5, 27.5)
stroke
set_line_width(5.0)
set_line_cap round
begin_path
move_to(22.5, 7.5)
line_to(22.5, 27.5)
stroke
begin_path
arc(32.5, 12.5, 2.5, 0.0, 6.283185307179586)
fill
begin_path
arc(32.5, 27.5, 2.5, 0.0, 6.283185307179586)
fill
begin_path
arc(22.5, 27.5, 2.5, 0.0, 6.283185307179586)
fill
set_fill #3c8dde
begin_path
arc(22.5, 7.5, 2.5, 0.0, 6.283185307179586)
fill
set_fill rgba(255, 255, 255, 0.3)
fill_rect(10.0, 10.0, 5.0, 5.0)
set_fill rgba(255, 255, 255, 0.27)
fill_rect(15.0, 10.0, 5.0, 5.0)
set_fill rgba(255, 255, 255, 0.24)
fill_rect(20.0, 10.0, 5.0, 5.0)
set_fill rgba(255, 255, 255, 0.21)
fill_rect(25.0, 10.0, 5.0, 5.0)
set_fill rgba(255, 255, 255, 0.18)
fill_rect(30.0, 10.0, 5.0, 5.0)
set_fill rgba(255, 255, 255, 0.15)
fill_rect(30.0, 15.0, 5.0, 5.0)
set_fill rgba(255, 255, 255, 0.12)
fill_rect(30.0, 20.0, 5.0, 5.0)
set_fill rgba(255, 255, 255, 0.09000000000000001)
fill_rect(30.0, 25.0, 5.0, 5.0)
set_fill rgba(255, 255, 255, 0.059999999999999984)
fill_rect(25.0, 25.0, 5.0, 5.0)
set_fill rgba(255, 255, 255, 0.029999999999999992)
fill_rect(20.0, 25.0, 5.0, 5.0)
set_fill #3c8dde
begin_path
arc(12.5, 12.5, 2.5, 0.0, 6.283185307179586)
fill
set_fill rgba(255, 255, 255, 0.3)
begin_path
arc(12.5, 12.5, 2.5, 0.0, 6.283185307179586)
fill
set_fill #333
begin_path
arc(12.5, 12.5, 1.9, 0.0, 6.283185307179586)
fill

# alive pose=self_crossing cell=10.0 boost=false mask=none
set_stroke #286eae
set_line_width(12.0)
set_line_cap round
begin_path
move_to(25.0, 25.0)
line_to(65.0, 25.0)
stroke
set_line_width(12.0)
set_line_cap round
begin_path
move_to(65.0, 25.0)
line_to(65.0, 55.0)
stroke
set_line_width(12.0)
set_line_cap round
begin_path
move_to(45.0, 55.0)
line_to(65.0, 55.0)
stroke
set_line_width(12.0)
set_line_cap round
begin_path
move_to(45.0, 15.0)
line_to(45.0, 55.0)
stroke
set_fill #286eae
begin_path
arc(65.0, 25.0, 6.0, 0.0, 6.283185307179586)
fill
begin_path
arc(65.0, 55.0, 6.0, 0.0, 6.283185307179586)
fill
begin_path
arc(45.0, 55.0, 6.0, 0.0, 6.283185307179586)
fill
set_stroke #3c8dde
set_fill #3c8dde
set_line_width(10.0)
set_line_cap round
begin_path
move_to(25.0, 25.0)
line_to(65.0, 25.0)
stroke
set_line_width(10.0)
set_line_cap round
begin_path
move_to(65.0, 25.0)
line_to(65.0, 55.0)
stroke
set_line_width(10.0)
set_line_cap round
begin_path
move_to(45.0, 55.0)
line_to(65.0, 55.0)
stroke
set_line_width(10.0)
set_line_cap round
begin_path
move_to(45.0, 15.0)
line_to(45.0, 55.0)
stroke
begin_path
arc(65.0, 25.0, 5.0, 0.0, 6.283185307179586)
fill
begin_path
arc(65.0, 55.0, 5.0, 0.0, 6.283185307179586)
fill
begin_path
arc(45.0, 55.0, 5.0, 0.0, 6.283185307179586)
fill
set_fill #3c8dde
begin_path
arc(45.0, 15.0, 5.0, 0.0, 6.283185307179586)
fill
set_fill rgba(255, 255, 255, 0.3)
fill_rect(20.0, 20.0, 10.0, 10.0)
set_fill rgba(255, 255, 255, 0.27)
fill_rect(30.0, 20.0, 10.0, 10.0)
set_fill rgba(255, 255, 255, 0.24)
fill_rect(40.0, 20.0, 10.0, 10.0)
set_fill rgba(255, 255, 255, 0.21)
fill_rect(50.0, 20.0, 10.0, 10.0)
set_fill rgba(255, 255, 255, 0.18)
fill_rect(60.0, 20.0, 10.0, 10.0)
set_fill rgba(255, 255, 255, 0.15)
fill_rect(60.0, 30.0, 10.0, 10.0)
set_fill rgba(255, 255, 255, 0.12)
fill_rect(60.0, 40.0, 10.0, 10.0)
set_fill rgba(255, 255, 255, 0.09000000000000001)
fill_rect(60.0, 50.0, 10.0, 10.0)
set_fill rgba(255, 255, 255, 0.059999999999999984)
fill_rect(50.0, 50.0, 10.0, 10.0)
set_fill rgba(255, 255, 255, 0.029999999999999992)
fill_rect(40.0, 50.0, 10.0, 10.0)
set_fill #3c8dde
begin_path
arc(25.0, 25.0, 5.0, 0.0, 6.283185307179586)
fill
set_fill rgba(255, 255, 255, 0.3)
begin_path
arc(25.0, 25.0, 5.0, 0.0, 6.283185307179586)
fill
set_fill #333
begin_path
arc(25.0, 25.0, 3.8, 0.0, 6.283185307179586)
fill

# alive pose=self_crossing cell=10.0 boost=false mask=#ffffff
set_fill #ffffff
fill_rect(19.0, 19.0, 52.0, 12.0)
fill_rect(59.0, 19.0, 12.0, 42.0)
fill_rect(39.0, 49.0, 32.0, 12.0)
fill_rect(39.0, 9.0, 12.0, 52.0)
fill_rect(19.0, 19.0, 12.0, 12.0)
fill_rect(59.0, 19.0, 12.0, 12.0)
fill_rect(59.0, 49.0, 12.0, 12.0)
fill_rect(39.0, 49.0, 12.0, 12.0)
fill_rect(39.0, 9.0, 12.0, 12.0)
set_stroke #286eae
set_line_width(12.0)
set_line_cap round
begin_path
move_to(25.0, 25.0)
line_to(65.0, 25.0)
stroke
set_line_width(12.0)
set_line_cap round
begin_path
move_to(65.0, 25.0)
line_to(65.0, 55.0)
stroke
set_line_width(12.0)
set_line_cap round
begin_path
move_to(45.0, 55.0)
line_to(65.0, 55.0)
stroke
set_line_width(12.0)
set_line_cap round
begin_path
move_to(45.0, 15.0)
line_to(45.0, 55.0)
stroke
set_fill #286eae
begin_path
arc(65.0, 25.0, 6.0, 0.0, 6.283185307179586)
fill
begin_path
arc(65.0, 55.0, 6.0, 0.0, 6.283185307179586)
fill
begin_path
arc(45.0, 55.0, 6.0, 0.0, 6.283185307179586)
fill
set_stroke #3c8dde
set_fill #3c8dde
set_line_width(10.0)
set_line_cap round
begin_path
move_to(25.0, 25.0)
line_to(65.0, 25.0)
stroke
set_line_width(10.0)
set_line_cap round
begin_path
move_to(65.0, 25.0)
line_to(65.0, 55.0)
stroke
set_line_width(10.0)
set_line_cap round
begin_path
move_to(45.0, 55.0)
line_to(65.0, 55.0)
stroke
set_line_width(10.0)
set_line_cap round
begin_path
move_to(45.0, 15.0)
line_to(45.0, 55.0)
stroke
begin_path
arc(65.0, 25.0, 5.0, 0.0, 6.283185307179586)
fill
begin_path
arc(65.0, 55.0, 5.0, 0.0, 6.283185307179586)
fill
begin_path
arc(45.0, 55.0, 5.0, 0.0, 6.283185307179586)
fill
set_fill #3c8dde
begin_path
arc(45.0, 15.0, 5.0, 0.0, 6.283185307179586)
fill
set_fill rgba(255, 255, 255, 0.3)
fill_rect(20.0, 20.0, 10.0, 10.0)
set_fill rgba(255, 255, 255, 0.27)
fill_rect(30.0, 20.0, 10.0, 10.0)
set_fill rgba(255, 255, 255, 0.24)
fill_rect(40.0, 20.0, 10.0, 10.0)
set_fill rgba(255, 255, 255, 0.21)
fill_rect(50.0, 20.0, 10.0, 10.0)
set_fill rgba(255, 255, 255, 0.18)
fill_rect(60.0, 20.0, 10.0, 10.0)
set_fill rgba(255, 255, 255, 0.15)
fill_rect(60.0, 30.0, 10.0, 10.0)
set_fill rgba(255, 255, 255, 0.12)
fill_rect(60.0, 40.0, 10.0, 10.0)
set_fill rgba(255, 255, 255, 0.09000000000000001)
fill_rect(60.0, 50.0, 10.0, 10.0)
set_fill rgba(255, 255, 255, 0.059999999999999984)
fill_rect(50.0, 50.0, 10.0, 10.0)
set_fill rgba(255, 255, 255, 0.029999999999999992)
fill_rect(40.0, 50.0, 10.0, 10.0)
set_fill #3c8dde
begin_path
arc(25.0, 25.0, 5.0, 0.0, 6.283185307179586)
fill
set_fill rgba(255, 255, 255, 0.3)
begin_path
arc(25.0, 25.0, 5.0, 0.0, 6.283185307179586)
fill
set_fill #333
begin_path
arc(25.0, 25.0, 3.8, 0.0, 6.283185307179586)
fill

# alive pose=self_crossing cell=10.0 boost=true mask=none
set_stroke #fff200
set_line_width(16.0)
set_line_cap round
begin_path
move_to(25.0, 25.0)
line_to(65.0, 25.0)
stroke
set_line_width(16.0)
set_line_cap round
begin_path
move_to(65.0, 25.0)
line_to(65.0, 55.0)
stroke
set_line_width(16.0)
set_line_cap round
begin_path
move_to(45.0, 55.0)
line_to(65.0, 55.0)
stroke
set_line_width(16.0)
set_line_cap round
begin_path
move_to(45.0, 15.0)
line_to(45.0, 55.0)
stroke
set_fill #fff200
begin_path
arc(65.0, 25.0, 8.0, 0.0, 6.283185307179586)
fill
begin_path
arc(65.0, 55.0, 8.0, 0.0, 6.283185307179586)
fill
begin_path
arc(45.0, 55.0, 8.0, 0.0, 6.283185307179586)
fill
set_stroke #286eae
set_line_width(12.0)
set_line_cap round
begin_path
move_to(25.0, 25.0)
line_to(65.0, 25.0)
stroke
set_line_width(12.0)
set_line_cap round
begin_path
move_to(65.0, 25.0)
line_to(65.0, 55.0)
stroke
set_line_width(12.0)
set_line_cap round
begin_path
move_to(45.0, 55.0)
line_to(65.0, 55.0)
stroke
set_line_width(12.0)
set_line_cap round
begin_path
move_to(45.0, 15.0)
line_to(45.0, 55.0)
stroke
set_fill #286eae
begin_path
arc(65.0, 25.0, 6.0, 0.0, 6.283185307179586)
fill
begin_path
arc(65.0, 55.0, 6.0, 0.0, 6.283185307179586)
fill
begin_path
arc(45.0, 55.0, 6.0, 0.0, 6.283185307179586)
fill
set_stroke #3c8dde
set_fill #3c8dde
set_line_width(10.0)
set_line_cap round
begin_path
move_to(25.0, 25.0)
line_to(65.0, 25.0)
stroke
set_line_width(10.0)
set_line_cap round
begin_path
move_to(65.0, 25.0)
line_to(65.0, 55.0)
stroke
set_line_width(10.0)
set_line_cap round
begin_path
move_to(45.0, 55.0)
line_to(65.0, 55.0)
stroke
set_line_width(10.0)
set_line_cap round
begin_path
move_to(45.0, 15.0)
line_to(45.0, 55.0)
stroke
begin_path
arc(65.0, 25.0, 5.0, 0.0, 6.283185307179586)
fill
begin_path
arc(65.0, 55.0, 5.0, 0.0, 6.283185307179586)
fill
begin_path
arc(45.0, 55.0, 5.0, 0.0, 6.283185307179586)
fill
set_fill #3c8dde
begin_path
arc(45.0, 15.0, 5.0, 0.0, 6.283185307179586)
fill
set_fill rgba(255, 255, 255, 0.3)
fill_rect(20.0, 20.0, 10.0, 10.0)
set_fill rgba(255, 255, 255, 0.27)
fill_rect(30.0, 20.0, 10.0, 10.0)
set_fill rgba(255, 255, 255, 0.24)
fill_rect(40.0, 20.0, 10.0, 10.0)
set_fill rgba(255, 255, 255, 0.21)
fill_rect(50.0, 20.0, 10.0, 10.0)
set_fill rgba(255, 255, 255, 0.18)
fill_rect(60.0, 20.0, 10.0, 10.0)
set_fill rgba(255, 255, 255, 0.15)
fill_rect(60.0, 30.0, 10.0, 10.0)
set_fill rgba(255, 255, 255, 0.12)
fill_rect(60.0, 40.0, 10.0, 10.0)
set_fill rgba(255, 255, 255, 0.09000000000000001)
fill_rect(60.0, 50.0, 10.0, 10.0)
set_fill rgba(255, 255, 255, 0.059999999999999984)
fill_rect(50.0, 50.0, 10.0, 10.0)
set_fill rgba(255, 255, 255, 0.029999999999999992)
fill_rect(40.0, 50.0, 10.0, 10.0)
set_fill #3c8dde
begin_path
arc(25.0, 25.0, 5.0, 0.0, 6.283185307179586)
fill
set_fill rgba(255, 255, 255, 0.3)
begin_path
arc(25.0, 25.0, 5.0, 0.0, 6.283185307179586)
fill
set_fill #333
begin_path
arc(25.0, 25.0, 3.8, 0.0, 6.283185307179586)
fill

# alive pose=self_crossing cell=10.0 boost=true mask=#ffffff
set_fill #ffffff
fill_rect(17.0, 17.0, 56.0, 16.0)
fill_rect(57.0, 17.0, 16.0, 46.0)
fill_rect(37.0, 47.0, 36.0, 16.0)
fill_rect(37.0, 7.0, 16.0, 56.0)
fill_rect(17.0, 17.0, 16.0, 16.0)
fill_rect(57.0, 17.0, 16.0, 16.0)
fill_rect(57.0, 47.0, 16.0, 16.0)
fill_rect(37.0, 47.0, 16.0, 16.0)
fill_rect(37.0, 7.0, 16.0, 16.0)
set_stroke #fff200
set_line_width(16.0)
set_line_cap round
begin_path
move_to(25.0, 25.0)
line_to(65.0, 25.0)
stroke
set_line_width(16.0)
set_line_cap round
begin_path
move_to(65.0, 25.0)
line_to(65.0, 55.0)
stroke
set_line_width(16.0)
set_line_cap round
begin_path
move_to(45.0, 55.0)
line_to(65.0, 55.0)
stroke
set_line_width(16.0)
set_line_cap round
begin_path
move_to(45.0, 15.0)
line_to(45.0, 55.0)
stroke
set_fill #fff200
begin_path
arc(65.0, 25.0, 8.0, 0.0, 6.283185307179586)
fill
begin_path
arc(65.0, 55.0, 8.0, 0.0, 6.283185307179586)
fill
begin_path
arc(45.0, 55.0, 8.0, 0.0, 6.283185307179586)
fill
set_stroke #286eae
set_line_width(12.0)
set_line_cap round
begin_path
move_to(25.0, 25.0)
line_to(65.0, 25.0)
stroke
set_line_width(12.0)
set_line_cap round
begin_path
move_to(65.0, 25.0)
line_to(65.0, 55.0)
stroke
set_line_width(12.0)
set_line_cap round
begin_path
move_to(45.0, 55.0)
line_to(65.0, 55.0)
stroke
set_line_width(12.0)
set_line_cap round
begin_path
move_to(45.0, 15.0)
line_to(45.0, 55.0)
stroke
set_fill #286eae
begin_path
arc(65.0, 25.0, 6.0, 0.0, 6.283185307179586)
fill
begin_path
arc(65.0, 55.0, 6.0, 0.0, 6.283185307179586)
fill
begin_path
arc(45.0, 55.0, 6.0, 0.0, 6.283185307179586)
fill
set_stroke #3c8dde
set_fill #3c8dde
set_line_width(10.0)
set_line_cap round
begin_path
move_to(25.0, 25.0)
line_to(65.0, 25.0)
stroke
set_line_width(10.0)
set_line_cap round
begin_path
move_to(65.0, 25.0)
line_to(65.0, 55.0)
stroke
set_line_width(10.0)
set_line_cap round
begin_path
move_to(45.0, 55.0)
line_to(65.0, 55.0)
stroke
set_line_width(10.0)
set_line_cap round
begin_path
move_to(45.0, 15.0)
line_to(45.0, 55.0)
stroke
begin_path
arc(65.0, 25.0, 5.0, 0.0, 6.283185307179586)
fill
begin_path
arc(65.0, 55.0, 5.0, 0.0, 6.283185307179586)
fill
begin_path
arc(45.0, 55.0, 5.0, 0.0, 6.283185307179586)
fill
set_fill #3c8dde
begin_path
arc(45.0, 15.0, 5.0, 0.0, 6.283185307179586)
fill
set_fill rgba(255, 255, 255, 0.3)
fill_rect(20.0, 20.0, 10.0, 10.0)
set_fill rgba(255, 255, 255, 0.27)
fill_rect(30.0, 20.0, 10.0, 10.0)
set_fill rgba(255, 255, 255, 0.24)
fill_rect(40.0, 20.0, 10.0, 10.0)
set_fill rgba(255, 255, 255, 0.21)
fill_rect(50.0, 20.0, 10.0, 10.0)
set_fill rgba(255, 255, 255, 0.18)
fill_rect(60.0, 20.0, 10.0, 10.0)
set_fill rgba(255, 255, 255, 0.15)
fill_rect(60.0, 30.0, 10.0, 10.0)
set_fill rgba(255, 255, 255, 0.12)
fill_rect(60.0, 40.0, 10.0, 10.0)
set_fill rgba(255, 255, 255, 0.09000000000000001)
fill_rect(60.0, 50.0, 10.0, 10.0)
set_fill rgba(255, 255, 255, 0.059999999999999984)
fill_rect(50.0, 50.0, 10.0, 10.0)
set_fill rgba(255, 255, 255, 0.029999999999999992)
fill_rect(40.0, 50.0, 10.0, 10.0)
set_fill #3c8dde
begin_path
arc(25.0, 25.0, 5.0, 0.0, 6.283185307179586)
fill
set_fill rgba(255, 255, 255, 0.3)
begin_path
arc(25.0, 25.0, 5.0, 0.0, 6.283185307179586)
fill
set_fill #333
begin_path
arc(25.0, 25.0, 3.8, 0.0, 6.283185307179586)
fill

# alive pose=self_crossing cell=15.0 boost=false mask=none
set_stroke #286eae
set_line_width(17.0)
set_line_cap round
begin_path
move_to(37.5, 37.5)
line_to(97.5, 37.5)
stroke
set_line_width(17.0)
set_line_cap round
begin_path
move_to(97.5, 37.5)
line_to(97.5, 82.5)
stroke
set_line_width(17.0)
set_line_cap round
begin_path
move_to(67.5, 82.5)
line_to(97.5, 82.5)
stroke
set_line_width(17.0)
set_line_cap round
begin_path
move_to(67.5, 22.5)
line_to(67.5, 82.5)
stroke
set_fill #286eae
begin_path
arc(97.5, 37.5, 8.5, 0.0, 6.283185307179586)
fill
begin_path
arc(97.5, 82.5, 8.5, 0.0, 6.283185307179586)
fill
begin_path
arc(67.5, 82.5, 8.5, 0.0, 6.283185307179586)
fill
set_stroke #3c8dde
set_fill #3c8dde
set_line_width(15.0)
set_line_cap round
begin_path
move_to(37.5, 37.5)
line_to(97.5, 37.5)
stroke
set_line_width(15.0)
set_line_cap round
begin_path
move_to(97.5, 37.5)
line_to(97.5, 82.5)
stroke
set_line_width(15.0)
set_line_cap round
begin_path
move_to(67.5, 82.5)
line_to(97.5, 82.5)
stroke
set_line_width(15.0)
set_line_cap round
begin_path
move_to(67.5, 22.5)
line_to(67.5, 82.5)
stroke
begin_path
arc(97.5, 37.5, 7.5, 0.0, 6.283185307179586)
fill
begin_path
arc(97.5, 82.5, 7.5, 0.0, 6.283185307179586)
fill
begin_path
arc(67.5, 82.5, 7.5, 0.0, 6.283185307179586)
fill
set_fill #3c8dde
begin_path
arc(67.5, 22.5, 7.5, 0.0, 6.283185307179586)
fill
set_fill rgba(255, 255, 255, 0.3)
fill_rect(30.0, 30.0, 15.0, 15.0)
set_fill rgba(255, 255, 255, 0.27)
fill_rect(45.0, 30.0, 15.0, 15.0)
set_fill rgba(255, 255, 255, 0.24)
fill_rect(60.0, 30.0, 15.0, 15.0)
set_fill rgba(255, 255, 255, 0.21)
fill_rect(75.0, 30.0, 15.0, 15.0)
set_fill rgba(255, 255, 255, 0.18)
fill_rect(90.0, 30.0, 15.0, 15.0)
set_fill rgba(255, 255, 255, 0.15)
fill_rect(90.0, 45.0, 15.0, 15.0)
set_fill rgba(255, 255, 255, 0.12)
fill_rect(90.0, 60.0, 15.0, 15.0)
set_fill rgba(255, 255, 255, 0.09000000000000001)
fill_rect(90.0, 75.0, 15.0, 15.0)
set_fill rgba(255, 255, 255, 0.059999999999999984)
fill_rect(75.0, 75.0, 15.0, 15.0)
set_fill rgba(255, 255, 255, 0.029999999999999992)
fill_rect(60.0, 75.0, 15.0, 15.0)
set_fill #3c8dde
begin_path
arc(37.5, 37.5, 7.5, 0.0, 6.283185307179586)
fill
set_fill rgba(255, 255, 255, 0.3)
begin_path
arc(37.5, 37.5, 7.5, 0.0, 6.283185307179586)
fill
set_fill #333
begin_path
arc(37.5, 37.5, 5.7, 0.0, 6.283185307179586)
fill

# alive pose=self_crossing cell=15.0 boost=false mask=#ffffff
set_fill #ffffff
fill_rect(29.0, 29.0, 77.0, 17.0)
fill_rect(89.0, 29.0, 17.0, 62.0)
fill_rect(59.0, 74.0, 47.0, 17.0)
fill_rect(59.0, 14.0, 17.0, 77.0)
fill_rect(29.0, 29.0, 17.0, 17.0)
fill_rect(89.0, 29.0, 17.0, 17.0)
fill_rect(89.0, 74.0, 17.0, 17.0)
fill_rect(59.0, 74.0, 17.0, 17.0)
fill_rect(59.0, 14.0, 17.0, 17.0)
set_stroke #286eae
set_line_width(17.0)
set_line_cap round
begin_path
move_to(37.5, 37.5)
line_to(97.5, 37.5)
stroke
set_line_width(17.0)
set_line_cap round
begin_path
move_to(97.5, 37.5)
line_to(97.5, 82.5)
stroke
set_line_width(17.0)
set_line_cap round
begin_path
move_to(67.5, 82.5)
line_to(97.5, 82.5)
stroke
set_line_width(17.0)
set_line_cap round
begin_path
move_to(67.5, 22.5)
line_to(67.5, 82.5)
stroke
set_fill #286eae
begin_path
arc(97.5, 37.5, 8.5, 0.0, 6.283185307179586)
fill
begin_path
arc(97.5, 82.5, 8.5, 0.0, 6.283185307179586)
fill
begin_path
arc(67.5, 82.5, 8.5, 0.0, 6.283185307179586)
fill
set_stroke #3c8dde
set_fill #3c8dde
set_line_width(15.0)
set_line_cap round
begin_path
move_to(37.5, 37.5)
line_to(97.5, 37.5)
stroke
set_line_width(15.0)
set_line_cap round
begin_path
move_to(97.5, 37.5)
line_to(97.5, 82.5)
stroke
set_line_width(15.0)
set_line_cap round
begin_path
move_to(67.5, 82.5)
line_to(97.5, 82.5)
stroke
set_line_width(15.0)
set_line_cap round
begin_path
move_to(67.5, 22.5)
line_to(67.5, 82.5)
stroke
begin_path
arc(97.5, 37.5, 7.5, 0.0, 6.283185307179586)
fill
begin_path
arc(97.5, 82.5, 7.5, 0.0, 6.283185307179586)
fill
begin_path
arc(67.5, 82.5, 7.5, 0.0, 6.283185307179586)
fill
set_fill #3c8dde
begin_path
arc(67.5, 22.5, 7.5, 0.0, 6.283185307179586)
fill
set_fill rgba(255, 255, 255, 0.3)
fill_rect(30.0, 30.0, 15.0, 15.0)
set_fill rgba(255, 255, 255, 0.27)
fill_rect(45.0, 30.0, 15.0, 15.0)
set_fill rgba(255, 255, 255, 0.24)
fill_rect(60.0, 30.0, 15.0, 15.0)
set_fill rgba(255, 255, 255, 0.21)
fill_rect(75.0, 30.0, 15.0, 15.0)
set_fill rgba(255, 255, 255, 0.18)
fill_rect(90.0, 30.0, 15.0, 15.0)
set_fill rgba(255, 255, 255, 0.15)
fill_rect(90.0, 45.0, 15.0, 15.0)
set_fill rgba(255, 255, 255, 0.12)
fill_rect(90.0, 60.0, 15.0, 15.0)
set_fill rgba(255, 255, 255, 0.09000000000000001)
fill_rect(90.0, 75.0, 15.0, 15.0)
set_fill rgba(255, 255, 255, 0.059999999999999984)
fill_rect(75.0, 75.0, 15.0, 15.0)
set_fill rgba(255, 255, 255, 0.029999999999999992)
fill_rect(60.0, 75.0, 15.0, 15.0)
set_fill #3c8dde
begin_path
arc(37.5, 37.5, 7.5, 0.0, 6.283185307179586)
fill
set_fill rgba(255, 255, 255, 0.3)
begin_path
arc(37.5, 37.5, 7.5, 0.0, 6.283185307179586)
fill
set_fill #333
begin_path
arc(37.5, 37.5, 5.7, 0.0, 6.283185307179586)
fill

# alive pose=self_crossing cell=15.0 boost=true mask=none
set_stroke #fff200
set_line_width(21.0)
set_line_cap round
begin_path
move_to(37.5, 37.5)
line_to(97.5, 37.5)
stroke
set_line_width(21.0)
set_line_cap round
begin_path
move_to(97.5, 37.5)
line_to(97.5, 82.5)
stroke
set_line_width(21.0)
set_line_cap round
begin_path
move_to(67.5, 82.5)
line_to(97.5, 82.5)
stroke
set_line_width(21.0)
set_line_cap round
begin_path
move_to(67.5, 22.5)
line_to(67.5, 82.5)
stroke
set_fill #fff200
begin_path
arc(97.5, 37.5, 10.5, 0.0, 6.283185307179586)
fill
begin_path
arc(97.5, 82.5, 10.5, 0.0, 6.283185307179586)
fill
begin_path
arc(67.5, 82.5, 10.5, 0.0, 6.283185307179586)
fill
set_stroke #286eae
set_line_width(17.0)
set_line_cap round
begin_path
move_to(37.5, 37.5)
line_to(97.5, 37.5)
stroke
set_line_width(17.0)
set_line_cap round
begin_path
move_to(97.5, 37.5)
line_to(97.5, 82.5)
stroke
set_line_width(17.0)
set_line_cap round
begin_path
move_to(67.5, 82.5)
line_to(97.5, 82.5)
stroke
set_line_width(17.0)
set_line_cap round
begin_path
move_to(67.5, 22.5)
line_to(67.5, 82.5)
stroke
set_fill #286eae
begin_path
arc(97.5, 37.5, 8.5, 0.0, 6.283185307179586)
fill
begin_path
arc(97.5, 82.5, 8.5, 0.0, 6.283185307179586)
fill
begin_path
arc(67.5, 82.5, 8.5, 0.0, 6.283185307179586)
fill
set_stroke #3c8dde
set_fill #3c8dde
set_line_width(15.0)
set_line_cap round
begin_path
move_to(37.5, 37.5)
line_to(97.5, 37.5)
stroke
set_line_width(15.0)
set_line_cap round
begin_path
move_to(97.5, 37.5)
line_to(97.5, 82.5)
stroke
set_line_width(15.0)
set_line_cap round
begin_path
move_to(67.5, 82.5)
line_to(97.5, 82.5)
stroke
set_line_width(15.0)
set_line_cap round
begin_path
move_to(67.5, 22.5)
line_to(67.5, 82.5)
stroke
begin_path
arc(97.5, 37.5, 7.5, 0.0, 6.283185307179586)
fill
begin_path
arc(97.5, 82.5, 7.5, 0.0, 6.283185307179586)
fill
begin_path
arc(67.5, 82.5, 7.5, 0.0, 6.283185307179586)
fill
set_fill #3c8dde
begin_path
arc(67.5, 22.5, 7.5, 0.0, 6.283185307179586)
fill
set_fill rgba(255, 255, 255, 0.3)
fill_rect(30.0, 30.0, 15.0, 15.0)
set_fill rgba(255, 255, 255, 0.27)
fill_rect(45.0, 30.0, 15.0, 15.0)
set_fill rgba(255, 255, 255, 0.24)
fill_rect(60.0, 30.0, 15.0, 15.0)
set_fill rgba(255, 255, 255, 0.21)
fill_rect(75.0, 30.0, 15.0, 15.0)
set_fill rgba(255, 255, 255, 0.18)
fill_rect(90.0, 30.0, 15.0, 15.0)
set_fill rgba(255, 255, 255, 0.15)
fill_rect(90.0, 45.0, 15.0, 15.0)
set_fill rgba(255, 255, 255, 0.12)
fill_rect(90.0, 60.0, 15.0, 15.0)
set_fill rgba(255, 255, 255, 0.09000000000000001)
fill_rect(90.0, 75.0, 15.0, 15.0)
set_fill rgba(255, 255, 255, 0.059999999999999984)
fill_rect(75.0, 75.0, 15.0, 15.0)
set_fill rgba(255, 255, 255, 0.029999999999999992)
fill_rect(60.0, 75.0, 15.0, 15.0)
set_fill #3c8dde
begin_path
arc(37.5, 37.5, 7.5, 0.0, 6.283185307179586)
fill
set_fill rgba(255, 255, 255, 0.3)
begin_path
arc(37.5, 37.5, 7.5, 0.0, 6.283185307179586)
fill
set_fill #333
begin_path
arc(37.5, 37.5, 5.7, 0.0, 6.283185307179586)
fill

# alive pose=self_crossing cell=15.0 boost=true mask=#ffffff
set_fill #ffffff
fill_rect(27.0, 27.0, 81.0, 21.0)
fill_rect(87.0, 27.0, 21.0, 66.0)
fill_rect(57.0, 72.0, 51.0, 21.0)
fill_rect(57.0, 12.0, 21.0, 81.0)
fill_rect(27.0, 27.0, 21.0, 21.0)
fill_rect(87.0, 27.0, 21.0, 21.0)
fill_rect(87.0, 72.0, 21.0, 21.0)
fill_rect(57.0, 72.0, 21.0, 21.0)
fill_rect(57.0, 12.0, 21.0, 21.0)
set_stroke #fff200
set_line_width(21.0)
set_line_cap round
begin_path
move_to(37.5, 37.5)
line_to(97.5, 37.5)
stroke
set_line_width(21.0)
set_line_cap round
begin_path
move_to(97.5, 37.5)
line_to(97.5, 82.5)
stroke
set_line_width(21.0)
set_line_cap round
begin_path
move_to(67.5, 82.5)
line_to(97.5, 82.5)
stroke
set_line_width(21.0)
set_line_cap round
begin_path
move_to(67.5, 22.5)
line_to(67.5, 82.5)
stroke
set_fill #fff200
begin_path
arc(97.5, 37.5, 10.5, 0.0, 6.283185307179586)
fill
begin_path
arc(97.5, 82.5, 10.5, 0.0, 6.283185307179586)
fill
begin_path
arc(67.5, 82.5, 10.5, 0.0, 6.283185307179586)
fill
set_stroke #286eae
set_line_width(17.0)
set_line_cap round
begin_path
move_to(37.5, 37.5)
line_to(97.5, 37.5)
stroke
set_line_width(17.0)
set_line_cap round
begin_path
move_to(97.5, 37.5)
line_to(97.5, 82.5)
stroke
set_line_width(17.0)
set_line_cap round
begin_path
move_to(67.5, 82.5)
line_to(97.5, 82.5)
stroke
set_line_width(17.0)
set_line_cap round
begin_path
move_to(67.5, 22.5)
line_to(67.5, 82.5)
stroke
set_fill #286eae
begin_path
arc(97.5, 37.5, 8.5, 0.0, 6.283185307179586)
fill
begin_path
arc(97.5, 82.5, 8.5, 0.0, 6.283185307179586)
fill
begin_path
arc(67.5, 82.5, 8.5, 0.0, 6.283185307179586)
fill
set_stroke #3c8dde
set_fill #3c8dde
set_line_width(15.0)
set_line_cap round
begin_path
move_to(37.5, 37.5)
line_to(97.5, 37.5)
stroke
set_line_width(15.0)
set_line_cap round
begin_path
move_to(97.5, 37.5)
line_to(97.5, 82.5)
stroke
set_line_width(15.0)
set_line_cap round
begin_path
move_to(67.5, 82.5)
line_to(97.5, 82.5)
stroke
set_line_width(15.0)
set_line_cap round
begin_path
move_to(67.5, 22.5)
line_to(67.5, 82.5)
stroke
begin_path
arc(97.5, 37.5, 7.5, 0.0, 6.283185307179586)
fill
begin_path
arc(97.5, 82.5, 7.5, 0.0, 6.283185307179586)
fill
begin_path
arc(67.5, 82.5, 7.5, 0.0, 6.283185307179586)
fill
set_fill #3c8dde
begin_path
arc(67.5, 22.5, 7.5, 0.0, 6.283185307179586)
fill
set_fill rgba(255, 255, 255, 0.3)
fill_rect(30.0, 30.0, 15.0, 15.0)
set_fill rgba(255, 255, 255, 0.27)
fill_rect(45.0, 30.0, 15.0, 15.0)
set_fill rgba(255, 255, 255, 0.24)
fill_rect(60.0, 30.0, 15.0, 15.0)
set_fill rgba(255, 255, 255, 0.21)
fill_rect(75.0, 30.0, 15.0, 15.0)
set_fill rgba(255, 255, 255, 0.18)
fill_rect(90.0, 30.0, 15.0, 15.0)
set_fill rgba(255, 255, 255, 0.15)
fill_rect(90.0, 45.0, 15.0, 15.0)
set_fill rgba(255, 255, 255, 0.12)
fill_rect(90.0, 60.0, 15.0, 15.0)
set_fill rgba(255, 255, 255, 0.09000000000000001)
fill_rect(90.0, 75.0, 15.0, 15.0)
set_fill rgba(255, 255, 255, 0.059999999999999984)
fill_rect(75.0, 75.0, 15.0, 15.0)
set_fill rgba(255, 255, 255, 0.029999999999999992)
fill_rect(60.0, 75.0, 15.0, 15.0)
set_fill #3c8dde
begin_path
arc(37.5, 37.5, 7.5, 0.0, 6.283185307179586)
fill
set_fill rgba(255, 255, 255, 0.3)
begin_path
arc(37.5, 37.5, 7.5, 0.0, 6.283185307179586)
fill
set_fill #333
begin_path
arc(37.5, 37.5, 5.7, 0.0, 6.283185307179586)
fill

# alive pose=wide_u_turn cell=5.0 boost=false mask=none
set_stroke #286eae
set_line_width(7.0)
set_line_cap round
begin_path
move_to(2.5, 12.5)
line_to(102.5, 12.5)
stroke
set_line_width(7.0)
set_line_cap round
begin_path
move_to(102.5, 12.5)
line_to(102.5, 32.5)
stroke
set_line_width(7.0)
set_line_cap round
begin_path
move_to(2.5, 32.5)
line_to(102.5, 32.5)
stroke
set_fill #286eae
begin_path
arc(102.5, 12.5, 3.5, 0.0, 6.283185307179586)
fill
begin_path
arc(102.5, 32.5, 3.5, 0.0, 6.283185307179586)
fill
set_stroke #3c8dde
set_fill #3c8dde
set_line_width(5.0)
set_line_cap round
begin_path
move_to(2.5, 12.5)
line_to(102.5, 12.5)
stroke
set_line_width(5.0)
set_line_cap round
begin_path
move_to(102.5, 12.5)
line_to(102.5, 32.5)
stroke
set_line_width(5.0)
set_line_cap round
begin_path
move_to(2.5, 32.5)
line_to(102.5, 32.5)
stroke
begin_path
arc(102.5, 12.5, 2.5, 0.0, 6.283185307179586)
fill
begin_path
arc(102.5, 32.5, 2.5, 0.0, 6.283185307179586)
fill
set_fill #3c8dde
begin_path
arc(2.5, 32.5, 2.5, 0.0, 6.283185307179586)
fill
set_fill rgba(255, 255, 255, 0.3)
fill_rect(0.0, 10.0, 5.0, 5.0)
set_fill rgba(255, 255, 255, 0.27)
fill_rect(5.0, 10.0, 5.0, 5.0)
set_fill rgba(255, 255, 255, 0.24)
fill_rect(10.0, 10.0, 5.0, 5.0)
set_fill rgba(255, 255, 255, 0.21)
fill_rect(15.0, 10.0, 5.0, 5.0)
set_fill rgba(255, 255, 255, 0.18)
fill_rect(20.0, 10.0, 5.0, 5.0)
set_fill rgba(255, 255, 255, 0.15)
fill_rect(25.0, 10.0, 5.0, 5.0)
set_fill rgba(255, 255, 255, 0.12)
fill_rect(30.0, 10.0, 5.0, 5.0)
set_fill rgba(255, 255, 255, 0.09000000000000001)
fill_rect(35.0, 10.0, 5.0, 5.0)
set_fill rgba(255, 255, 255, 0.059999999999999984)
fill_rect(40.0, 10.0, 5.0, 5.0)
set_fill rgba(255, 255, 255, 0.029999999999999992)
fill_rect(45.0, 10.0, 5.0, 5.0)
set_fill #3c8dde
begin_path
arc(2.5, 12.5, 2.5, 0.0, 6.283185307179586)
fill
set_fill rgba(255, 255, 255, 0.3)
begin_path
arc(2.5, 12.5, 2.5, 0.0, 6.283185307179586)
fill
set_fill #333
begin_path
arc(2.5, 12.5, 1.9, 0.0, 6.283185307179586)
fill

# alive pose=wide_u_turn cell=5.0 boost=false mask=#ffffff
set_fill #ffffff
fill_rect(-1.0, 9.0, 107.0, 7.0)
fill_rect(99.0, 9.0, 7.0, 27.0)
fill_rect(-1.0, 29.0, 107.0, 7.0)
fill_rect(-1.0, 9.0, 7.0, 7.0)
fill_rect(99.0, 9.0, 7.0, 7.0)
fill_rect(99.0, 29.0, 7.0, 7.0)
fill_rect(-1.0, 29.0, 7.0, 7.0)
set_stroke #286eae
set_line_width(7.0)
set_line_cap round
begin_path
move_to(2.5, 12.5)
line_to(102.5, 12.5)
stroke
set_line_width(7.0)
set_line_cap round
begin_path
move_to(102.5, 12.5)
line_to(102.5, 32.5)
stroke
set_line_width(7.0)
set_line_cap round
begin_path
move_to(2.5, 32.5)
line_to(102.5, 32.5)
stroke
set_fill #286eae
begin_path
arc(102.5, 12.5, 3.5, 0.0, 6.283185307179586)
fill
begin_path
arc(102.5, 32.5, 3.5, 0.0, 6.283185307179586)
fill
set_stroke #3c8dde
set_fill #3c8dde
set_line_width(5.0)
set_line_cap round
begin_path
move_to(2.5, 12.5)
line_to(102.5, 12.5)
stroke
set_line_width(5.0)
set_line_cap round
begin_path
move_to(102.5, 12.5)
line_to(102.5, 32.5)
stroke
set_line_width(5.0)
set_line_cap round
begin_path
move_to(2.5, 32.5)
line_to(102.5, 32.5)
stroke
begin_path
arc(102.5, 12.5, 2.5, 0.0, 6.283185307179586)
fill
begin_path
arc(102.5, 32.5, 2.5, 0.0, 6.283185307179586)
fill
set_fill #3c8dde
begin_path
arc(2.5, 32.5, 2.5, 0.0, 6.283185307179586)
fill
set_fill rgba(255, 255, 255, 0.3)
fill_rect(0.0, 10.0, 5.0, 5.0)
set_fill rgba(255, 255, 255, 0.27)
fill_rect(5.0, 10.0, 5.0, 5.0)
set_fill rgba(255, 255, 255, 0.24)
fill_rect(10.0, 10.0, 5.0, 5.0)
set_fill rgba(255, 255, 255, 0.21)
fill_rect(15.0, 10.0, 5.0, 5.0)
set_fill rgba(255, 255, 255, 0.18)
fill_rect(20.0, 10.0, 5.0, 5.0)
set_fill rgba(255, 255, 255, 0.15)
fill_rect(25.0, 10.0, 5.0, 5.0)
set_fill rgba(255, 255, 255, 0.12)
fill_rect(30.0, 10.0, 5.0, 5.0)
set_fill rgba(255, 255, 255, 0.09000000000000001)
fill_rect(35.0, 10.0, 5.0, 5.0)
set_fill rgba(255, 255, 255, 0.059999999999999984)
fill_rect(40.0, 10.0, 5.0, 5.0)
set_fill rgba(255, 255, 255, 0.029999999999999992)
fill_rect(45.0, 10.0, 5.0, 5.0)
set_fill #3c8dde
begin_path
arc(2.5, 12.5, 2.5, 0.0, 6.283185307179586)
fill
set_fill rgba(255, 255, 255, 0.3)
begin_path
arc(2.5, 12.5, 2.5, 0.0, 6.283185307179586)
fill
set_fill #333
begin_path
arc(2.5, 12.5, 1.9, 0.0, 6.283185307179586)
fill

# alive pose=wide_u_turn cell=5.0 boost=true mask=none
set_stroke #fff200
set_line_width(11.0)
set_line_cap round
begin_path
move_to(2.5, 12.5)
line_to(102.5, 12.5)
stroke
set_line_width(11.0)
set_line_cap round
begin_path
move_to(102.5, 12.5)
line_to(102.5, 32.5)
stroke
set_line_width(11.0)
set_line_cap round
begin_path
move_to(2.5, 32.5)
line_to(102.5, 32.5)
stroke
set_fill #fff200
begin_path
arc(102.5, 12.5, 5.5, 0.0, 6.283185307179586)
fill
begin_path
arc(102.5, 32.5, 5.5, 0.0, 6.283185307179586)
fill
set_stroke #286eae
set_line_width(7.0)
set_line_cap round
begin_path
move_to(2.5, 12.5)
line_to(102.5, 12.5)
stroke
set_line_width(7.0)
set_line_cap round
begin_path
move_to(102.5, 12.5)
line_to(102.5, 32.5)
stroke
set_line_width(7.0)
set_line_cap round
begin_path
move_to(2.5, 32.5)
line_to(102.5, 32.5)
stroke
set_fill #286eae
begin_path
arc(102.5, 12.5, 3.5, 0.0, 6.283185307179586)
fill
begin_path
arc(102.5, 32.5, 3.5, 0.0, 6.283185307179586)
fill
set_stroke #3c8dde
set_fill #3c8dde
set_line_width(5.0)
set_line_cap round
begin_path
move_to(2.5, 12.5)
line_to(102.5, 12.5)
stroke
set_line_width(5.0)
set_line_cap round
begin_path
move_to(102.5, 12.5)
line_to(102.5, 32.5)
stroke
set_line_width(5.0)
set_line_cap round
begin_path
move_to(2.5, 32.5)
line_to(102.5, 32.5)
stroke
begin_path
arc(102.5, 12.5, 2.5, 0.0, 6.283185307179586)
fill
begin_path
arc(102.5, 32.5, 2.5, 0.0, 6.283185307179586)
fill
set_fill #3c8dde
begin_path
arc(2.5, 32.5, 2.5, 0.0, 6.283185307179586)
fill
set_fill rgba(255, 255, 255, 0.3)
fill_rect(0.0, 10.0, 5.0, 5.0)
set_fill rgba(255, 255, 255, 0.27)
fill_rect(5.0, 10.0, 5.0, 5.0)
set_fill rgba(255, 255, 255, 0.24)
fill_rect(10.0, 10.0, 5.0, 5.0)
set_fill rgba(255, 255, 255, 0.21)
fill_rect(15.0, 10.0, 5.0, 5.0)
set_fill rgba(255, 255, 255, 0.18)
fill_rect(20.0, 10.0, 5.0, 5.0)
set_fill rgba(255, 255, 255, 0.15)
fill_rect(25.0, 10.0, 5.0, 5.0)
set_fill rgba(255, 255, 255, 0.12)
fill_rect(30.0, 10.0, 5.0, 5.0)
set_fill rgba(255, 255, 255, 0.09000000000000001)
fill_rect(35.0, 10.0, 5.0, 5.0)
set_fill rgba(255, 255, 255, 0.059999999999999984)
fill_rect(40.0, 10.0, 5.0, 5.0)
set_fill rgba(255, 255, 255, 0.029999999999999992)
fill_rect(45.0, 10.0, 5.0, 5.0)
set_fill #3c8dde
begin_path
arc(2.5, 12.5, 2.5, 0.0, 6.283185307179586)
fill
set_fill rgba(255, 255, 255, 0.3)
begin_path
arc(2.5, 12.5, 2.5, 0.0, 6.283185307179586)
fill
set_fill #333
begin_path
arc(2.5, 12.5, 1.9, 0.0, 6.283185307179586)
fill

# alive pose=wide_u_turn cell=5.0 boost=true mask=#ffffff
set_fill #ffffff
fill_rect(-3.0, 7.0, 111.0, 11.0)
fill_rect(97.0, 7.0, 11.0, 31.0)
fill_rect(-3.0, 27.0, 111.0, 11.0)
fill_rect(-3.0, 7.0, 11.0, 11.0)
fill_rect(97.0, 7.0, 11.0, 11.0)
fill_rect(97.0, 27.0, 11.0, 11.0)
fill_rect(-3.0, 27.0, 11.0, 11.0)
set_stroke #fff200
set_line_width(11.0)
set_line_cap round
begin_path
move_to(2.5, 12.5)
line_to(102.5, 12.5)
stroke
set_line_width(11.0)
set_line_cap round
begin_path
move_to(102.5, 12.5)
line_to(102.5, 32.5)
stroke
set_line_width(11.0)
set_line_cap round
begin_path
move_to(2.5, 32.5)
line_to(102.5, 32.5)
stroke
set_fill #fff200
begin_path
arc(102.5, 12.5, 5.5, 0.0, 6.283185307179586)
fill
begin_path
arc(102.5, 32.5, 5.5, 0.0, 6.283185307179586)
fill
set_stroke #286eae
set_line_width(7.0)
set_line_cap round
begin_path
move_to(2.5, 12.5)
line_to(102.5, 12.5)
stroke
set_line_width(7.0)
set_line_cap round
begin_path
move_to(102.5, 12.5)
line_to(102.5, 32.5)
stroke
set_line_width(7.0)
set_line_cap round
begin_path
move_to(2.5, 32.5)
line_to(102.5, 32.5)
stroke
set_fill #286eae
begin_path
arc(102.5, 12.5, 3.5, 0.0, 6.283185307179586)
fill
begin_path
arc(102.5, 32.5, 3.5, 0.0, 6.283185307179586)
fill
set_stroke #3c8dde
set_fill #3c8dde
set_line_width(5.0)
set_line_cap round
begin_path
move_to(2.5, 12.5)
line_to(102.5, 12.5)
stroke
set_line_width(5.0)
set_line_cap round
begin_path
move_to(102.5, 12.5)
line_to(102.5, 32.5)
stroke
set_line_width(5.0)
set_line_cap round
begin_path
move_to(2.5, 32.5)
line_to(102.5, 32.5)
stroke
begin_path
arc(102.5, 12.5, 2.5, 0.0, 6.283185307179586)
fill
begin_path
arc(102.5, 32.5, 2.5, 0.0, 6.283185307179586)
fill
set_fill #3c8dde
begin_path
arc(2.5, 32.5, 2.5, 0.0, 6.283185307179586)
fill
set_fill rgba(255, 255, 255, 0.3)
fill_rect(0.0, 10.0, 5.0, 5.0)
set_fill rgba(255, 255, 255, 0.27)
fill_rect(5.0, 10.0, 5.0, 5.0)
set_fill rgba(255, 255, 255, 0.24)
fill_rect(10.0, 10.0, 5.0, 5.0)
set_fill rgba(255, 255, 255, 0.21)
fill_rect(15.0, 10.0, 5.0, 5.0)
set_fill rgba(255, 255, 255, 0.18)
fill_rect(20.0, 10.0, 5.0, 5.0)
set_fill rgba(255, 255, 255, 0.15)
fill_rect(25.0, 10.0, 5.0, 5.0)
set_fill rgba(255, 255, 255, 0.12)
fill_rect(30.0, 10.0, 5.0, 5.0)
set_fill rgba(255, 255, 255, 0.09000000000000001)
fill_rect(35.0, 10.0, 5.0, 5.0)
set_fill rgba(255, 255, 255, 0.059999999999999984)
fill_rect(40.0, 10.0, 5.0, 5.0)
set_fill rgba(255, 255, 255, 0.029999999999999992)
fill_rect(45.0, 10.0, 5.0, 5.0)
set_fill #3c8dde
begin_path
arc(2.5, 12.5, 2.5, 0.0, 6.283185307179586)
fill
set_fill rgba(255, 255, 255, 0.3)
begin_path
arc(2.5, 12.5, 2.5, 0.0, 6.283185307179586)
fill
set_fill #333
begin_path
arc(2.5, 12.5, 1.9, 0.0, 6.283185307179586)
fill

# alive pose=wide_u_turn cell=10.0 boost=false mask=none
set_stroke #286eae
set_line_width(12.0)
set_line_cap round
begin_path
move_to(5.0, 25.0)
line_to(205.0, 25.0)
stroke
set_line_width(12.0)
set_line_cap round
begin_path
move_to(205.0, 25.0)
line_to(205.0, 65.0)
stroke
set_line_width(12.0)
set_line_cap round
begin_path
move_to(5.0, 65.0)
line_to(205.0, 65.0)
stroke
set_fill #286eae
begin_path
arc(205.0, 25.0, 6.0, 0.0, 6.283185307179586)
fill
begin_path
arc(205.0, 65.0, 6.0, 0.0, 6.283185307179586)
fill
set_stroke #3c8dde
set_fill #3c8dde
set_line_width(10.0)
set_line_cap round
begin_path
move_to(5.0, 25.0)
line_to(205.0, 25.0)
stroke
set_line_width(10.0)
set_line_cap round
begin_path
move_to(205.0, 25.0)
line_to(205.0, 65.0)
stroke
set_line_width(10.0)
set_line_cap round
begin_path
move_to(5.0, 65.0)
line_to(205.0, 65.0)
stroke
begin_path
arc(205.0, 25.0, 5.0, 0.0, 6.283185307179586)
fill
begin_path
arc(205.0, 65.0, 5.0, 0.0, 6.283185307179586)
fill
set_fill #3c8dde
begin_path
arc(5.0, 65.0, 5.0, 0.0, 6.283185307179586)
fill
set_fill rgba(255, 255, 255, 0.3)
fill_rect(0.0, 20.0, 10.0, 10.0)
set_fill rgba(255, 255, 255, 0.27)
fill_rect(10.0, 20.0, 10.0, 10.0)
set_fill rgba(255, 255, 255, 0.24)
fill_rect(20.0, 20.0, 10.0, 10.0)
set_fill rgba(255, 255, 255, 0.21)
fill_rect(30.0, 20.0, 10.0, 10.0)
set_fill rgba(255, 255, 255, 0.18)
fill_rect(40.0, 20.0, 10.0, 10.0)
set_fill rgba(255, 255, 255, 0.15)
fill_rect(50.0, 20.0, 10.0, 10.0)
set_fill rgba(255, 255, 255, 0.12)
fill_rect(60.0, 20.0, 10.0, 10.0)
set_fill rgba(255, 255, 255, 0.09000000000000001)
fill_rect(70.0, 20.0, 10.0, 10.0)
set_fill rgba(255, 255, 255, 0.059999999999999984)
fill_rect(80.0, 20.0, 10.0, 10.0)
set_fill rgba(255, 255, 255, 0.029999999999999992)
fill_rect(90.0, 20.0, 10.0, 10.0)
set_fill #3c8dde
begin_path
arc(5.0, 25.0, 5.0, 0.0, 6.283185307179586)
fill
set_fill rgba(255, 255, 255, 0.3)
begin_path
arc(5.0, 25.0, 5.0, 0.0, 6.283185307179586)
fill
set_fill #333
begin_path
arc(5.0, 25.0, 3.8, 0.0, 6.283185307179586)
fill

# alive pose=wide_u_turn cell=10.0 boost=false mask=#ffffff
set_fill #ffffff
fill_rect(-1.0, 19.0, 212.0, 12.0)
fill_rect(199.0, 19.0, 12.0, 52.0)
fill_rect(-1.0, 59.0, 212.0, 12.0)
fill_rect(-1.0, 19.0, 12.0, 12.0)
fill_rect(199.0, 19.0, 12.0, 12.0)
fill_rect(199.0, 59.0, 12.0, 12.0)
fill_rect(-1.0, 59.0, 12.0, 12.0)
set_stroke #286eae
set_line_width(12.0)
set_line_cap round
begin_path
move_to(5.0, 25.0)
line_to(205.0, 25.0)
stroke
set_line_width(12.0)
set_line_cap round
begin_path
move_to(205.0, 25.0)
line_to(205.0, 65.0)
stroke
set_line_width(12.0)
set_line_cap round
begin_path
move_to(5.0, 65.0)
line_to(205.0, 65.0)
stroke
set_fill #286eae
begin_path
arc(205.0, 25.0, 6.0, 0.0, 6.283185307179586)
fill
begin_path
arc(205.0, 65.0, 6.0, 0.0, 6.283185307179586)
fill
set_stroke #3c8dde
set_fill #3c8dde
set_line_width(10.0)
set_line_cap round
begin_path
move_to(5.0, 25.0)
line_to(205.0, 25.0)
stroke
set_line_width(10.0)
set_line_cap round
begin_path
move_to(205.0, 25.0)
line_to(205.0, 65.0)
stroke
set_line_width(10.0)
set_line_cap round
begin_path
move_to(5.0, 65.0)
line_to(205.0, 65.0)
stroke
begin_path
arc(205.0, 25.0, 5.0, 0.0, 6.283185307179586)
fill
begin_path
arc(205.0, 65.0, 5.0, 0.0, 6.283185307179586)
fill
set_fill #3c8dde
begin_path
arc(5.0, 65.0, 5.0, 0.0, 6.283185307179586)
fill
set_fill rgba(255, 255, 255, 0.3)
fill_rect(0.0, 20.0, 10.0, 10.0)
set_fill rgba(255, 255, 255, 0.27)
fill_rect(10.0, 20.0, 10.0, 10.0)
set_fill rgba(255, 255, 255, 0.24)
fill_rect(20.0, 20.0, 10.0, 10.0)
set_fill rgba(255, 255, 255, 0.21)
fill_rect(30.0, 20.0, 10.0, 10.0)
set_fill rgba(255, 255, 255, 0.18)
fill_rect(40.0, 20.0, 10.0, 10.0)
set_fill rgba(255, 255, 255, 0.15)
fill_rect(50.0, 20.0, 10.0, 10.0)
set_fill rgba(255, 255, 255, 0.12)
fill_rect(60.0, 20.0, 10.0, 10.0)
set_fill rgba(255, 255, 255, 0.09000000000000001)
fill_rect(70.0, 20.0, 10.0, 10.0)
set_fill rgba(255, 255, 255, 0.059999999999999984)
fill_rect(80.0, 20.0, 10.0, 10.0)
set_fill rgba(255, 255, 255, 0.029999999999999992)
fill_rect(90.0, 20.0, 10.0, 10.0)
set_fill #3c8dde
begin_path
arc(5.0, 25.0, 5.0, 0.0, 6.283185307179586)
fill
set_fill rgba(255, 255, 255, 0.3)
begin_path
arc(5.0, 25.0, 5.0, 0.0, 6.283185307179586)
fill
set_fill #333
begin_path
arc(5.0, 25.0, 3.8, 0.0, 6.283185307179586)
fill

# alive pose=wide_u_turn cell=10.0 boost=true mask=none
set_stroke #fff200
set_line_width(16.0)
set_line_cap round
begin_path
move_to(5.0, 25.0)
line_to(205.0, 25.0)
stroke
set_line_width(16.0)
set_line_cap round
begin_path
move_to(205.0, 25.0)
line_to(205.0, 65.0)
stroke
set_line_width(16.0)
set_line_cap round
begin_path
move_to(5.0, 65.0)
line_to(205.0, 65.0)
stroke
set_fill #fff200
begin_path
arc(205.0, 25.0, 8.0, 0.0, 6.283185307179586)
fill
begin_path
arc(205.0, 65.0, 8.0, 0.0, 6.283185307179586)
fill
set_stroke #286eae
set_line_width(12.0)
set_line_cap round
begin_path
move_to(5.0, 25.0)
line_to(205.0, 25.0)
stroke
set_line_width(12.0)
set_line_cap round
begin_path
move_to(205.0, 25.0)
line_to(205.0, 65.0)
stroke
set_line_width(12.0)
set_line_cap round
begin_path
move_to(5.0, 65.0)
line_to(205.0, 65.0)
stroke
set_fill #286eae
begin_path
arc(205.0, 25.0, 6.0, 0.0, 6.283185307179586)
fill
begin_path
arc(205.0, 65.0, 6.0, 0.0, 6.283185307179586)
fill
set_stroke #3c8dde
set_fill #3c8dde
set_line_width(10.0)
set_line_cap round
begin_path
move_to(5.0, 25.0)
line_to(205.0, 25.0)
stroke
set_line_width(10.0)
set_line_cap round
begin_path
move_to(205.0, 25.0)
line_to(205.0, 65.0)
stroke
set_line_width(10.0)
set_line_cap round
begin_path
move_to(5.0, 65.0)
line_to(205.0, 65.0)
stroke
begin_path
arc(205.0, 25.0, 5.0, 0.0, 6.283185307179586)
fill
begin_path
arc(205.0, 65.0, 5.0, 0.0, 6.283185307179586)
fill
set_fill #3c8dde
begin_path
arc(5.0, 65.0, 5.0, 0.0, 6.283185307179586)
fill
set_fill rgba(255, 255, 255, 0.3)
fill_rect(0.0, 20.0, 10.0, 10.0)
set_fill rgba(255, 255, 255, 0.27)
fill_rect(10.0, 20.0, 10.0, 10.0)
set_fill rgba(255, 255, 255, 0.24)
fill_rect(20.0, 20.0, 10.0, 10.0)
set_fill rgba(255, 255, 255, 0.21)
fill_rect(30.0, 20.0, 10.0, 10.0)
set_fill rgba(255, 255, 255, 0.18)
fill_rect(40.0, 20.0, 10.0, 10.0)
set_fill rgba(255, 255, 255, 0.15)
fill_rect(50.0, 20.0, 10.0, 10.0)
set_fill rgba(255, 255, 255, 0.12)
fill_rect(60.0, 20.0, 10.0, 10.0)
set_fill rgba(255, 255, 255, 0.09000000000000001)
fill_rect(70.0, 20.0, 10.0, 10.0)
set_fill rgba(255, 255, 255, 0.059999999999999984)
fill_rect(80.0, 20.0, 10.0, 10.0)
set_fill rgba(255, 255, 255, 0.029999999999999992)
fill_rect(90.0, 20.0, 10.0, 10.0)
set_fill #3c8dde
begin_path
arc(5.0, 25.0, 5.0, 0.0, 6.283185307179586)
fill
set_fill rgba(255, 255, 255, 0.3)
begin_path
arc(5.0, 25.0, 5.0, 0.0, 6.283185307179586)
fill
set_fill #333
begin_path
arc(5.0, 25.0, 3.8, 0.0, 6.283185307179586)
fill

# alive pose=wide_u_turn cell=10.0 boost=true mask=#ffffff
set_fill #ffffff
fill_rect(-3.0, 17.0, 216.0, 16.0)
fill_rect(197.0, 17.0, 16.0, 56.0)
fill_rect(-3.0, 57.0, 216.0, 16.0)
fill_rect(-3.0, 17.0, 16.0, 16.0)
fill_rect(197.0, 17.0, 16.0, 16.0)
fill_rect(197.0, 57.0, 16.0, 16.0)
fill_rect(-3.0, 57.0, 16.0, 16.0)
set_stroke #fff200
set_line_width(16.0)
set_line_cap round
begin_path
move_to(5.0, 25.0)
line_to(205.0, 25.0)
stroke
set_line_width(16.0)
set_line_cap round
begin_path
move_to(205.0, 25.0)
line_to(205.0, 65.0)
stroke
set_line_width(16.0)
set_line_cap round
begin_path
move_to(5.0, 65.0)
line_to(205.0, 65.0)
stroke
set_fill #fff200
begin_path
arc(205.0, 25.0, 8.0, 0.0, 6.283185307179586)
fill
begin_path
arc(205.0, 65.0, 8.0, 0.0, 6.283185307179586)
fill
set_stroke #286eae
set_line_width(12.0)
set_line_cap round
begin_path
move_to(5.0, 25.0)
line_to(205.0, 25.0)
stroke
set_line_width(12.0)
set_line_cap round
begin_path
move_to(205.0, 25.0)
line_to(205.0, 65.0)
stroke
set_line_width(12.0)
set_line_cap round
begin_path
move_to(5.0, 65.0)
line_to(205.0, 65.0)
stroke
set_fill #286eae
begin_path
arc(205.0, 25.0, 6.0, 0.0, 6.283185307179586)
fill
begin_path
arc(205.0, 65.0, 6.0, 0.0, 6.283185307179586)
fill
set_stroke #3c8dde
set_fill #3c8dde
set_line_width(10.0)
set_line_cap round
begin_path
move_to(5.0, 25.0)
line_to(205.0, 25.0)
stroke
set_line_width(10.0)
set_line_cap round
begin_path
move_to(205.0, 25.0)
line_to(205.0, 65.0)
stroke
set_line_width(10.0)
set_line_cap round
begin_path
move_to(5.0, 65.0)
line_to(205.0, 65.0)
stroke
begin_path
arc(205.0, 25.0, 5.0, 0.0, 6.283185307179586)
fill
begin_path
arc(205.0, 65.0, 5.0, 0.0, 6.283185307179586)
fill
set_fill #3c8dde
begin_path
arc(5.0, 65.0, 5.0, 0.0, 6.283185307179586)
fill
set_fill rgba(255, 255, 255, 0.3)
fill_rect(0.0, 20.0, 10.0, 10.0)
set_fill rgba(255, 255, 255, 0.27)
fill_rect(10.0, 20.0, 10.0, 10.0)
set_fill rgba(255, 255, 255, 0.24)
fill_rect(20.0, 20.0, 10.0, 10.0)
set_fill rgba(255, 255, 255, 0.21)
fill_rect(30.0, 20.0, 10.0, 10.0)
set_fill rgba(255, 255, 255, 0.18)
fill_rect(40.0, 20.0, 10.0, 10.0)
set_fill rgba(255, 255, 255, 0.15)
fill_rect(50.0, 20.0, 10.0, 10.0)
set_fill rgba(255, 255, 255, 0.12)
fill_rect(60.0, 20.0, 10.0, 10.0)
set_fill rgba(255, 255, 255, 0.09000000000000001)
fill_rect(70.0, 20.0, 10.0, 10.0)
set_fill rgba(255, 255, 255, 0.059999999999999984)
fill_rect(80.0, 20.0, 10.0, 10.0)
set_fill rgba(255, 255, 255, 0.029999999999999992)
fill_rect(90.0, 20.0, 10.0, 10.0)
set_fill #3c8dde
begin_path
arc(5.0, 25.0, 5.0, 0.0, 6.283185307179586)
fill
set_fill rgba(255, 255, 255, 0.3)
begin_path
arc(5.0, 25.0, 5.0, 0.0, 6.283185307179586)
fill
set_fill #333
begin_path
arc(5.0, 25.0, 3.8, 0.0, 6.283185307179586)
fill

# alive pose=wide_u_turn cell=15.0 boost=false mask=none
set_stroke #286eae
set_line_width(17.0)
set_line_cap round
begin_path
move_to(7.5, 37.5)
line_to(307.5, 37.5)
stroke
set_line_width(17.0)
set_line_cap round
begin_path
move_to(307.5, 37.5)
line_to(307.5, 97.5)
stroke
set_line_width(17.0)
set_line_cap round
begin_path
move_to(7.5, 97.5)
line_to(307.5, 97.5)
stroke
set_fill #286eae
begin_path
arc(307.5, 37.5, 8.5, 0.0, 6.283185307179586)
fill
begin_path
arc(307.5, 97.5, 8.5, 0.0, 6.283185307179586)
fill
set_stroke #3c8dde
set_fill #3c8dde
set_line_width(15.0)
set_line_cap round
begin_path
move_to(7.5, 37.5)
line_to(307.5, 37.5)
stroke
set_line_width(15.0)
set_line_cap round
begin_path
move_to(307.5, 37.5)
line_to(307.5, 97.5)
stroke
set_line_width(15.0)
set_line_cap round
begin_path
move_to(7.5, 97.5)
line_to(307.5, 97.5)
stroke
begin_path
arc(307.5, 37.5, 7.5, 0.0, 6.283185307179586)
fill
begin_path
arc(307.5, 97.5, 7.5, 0.0, 6.283185307179586)
fill
set_fill #3c8dde
begin_path
arc(7.5, 97.5, 7.5, 0.0, 6.283185307179586)
fill
set_fill rgba(255, 255, 255, 0.3)
fill_rect(0.0, 30.0, 15.0, 15.0)
set_fill rgba(255, 255, 255, 0.27)
fill_rect(15.0, 30.0, 15.0, 15.0)
set_fill rgba(255, 255, 255, 0.24)
fill_rect(30.0, 30.0, 15.0, 15.0)
set_fill rgba(255, 255, 255, 0.21)
fill_rect(45.0, 30.0, 15.0, 15.0)
set_fill rgba(255, 255, 255, 0.18)
fill_rect(60.0, 30.0, 15.0, 15.0)
set_fill rgba(255, 255, 255, 0.15)
fill_rect(75.0, 30.0, 15.0, 15.0)
set_fill rgba(255, 255, 255, 0.12)
fill_rect(90.0, 30.0, 15.0, 15.0)
set_fill rgba(255, 255, 255, 0.09000000000000001)
fill_rect(105.0, 30.0, 15.0, 15.0)
set_fill rgba(255, 255, 255, 0.059999999999999984)
fill_rect(120.0, 30.0, 15.0, 15.0)
set_fill rgba(255, 255, 255, 0.029999999999999992)
fill_rect(135.0, 30.0, 15.0, 15.0)
set_fill #3c8dde
begin_path
arc(7.5, 37.5, 7.5, 0.0, 6.283185307179586)
fill
set_fill rgba(255, 255, 255, 0.3)
begin_path
arc(7.5, 37.5, 7.5, 0.0, 6.283185307179586)
fill
set_fill #333
begin_path
arc(7.5, 37.5, 5.7, 0.0, 6.283185307179586)
fill

# alive pose=wide_u_turn cell=15.0 boost=false mask=#ffffff
set_fill #ffffff
fill_rect(-1.0, 29.0, 317.0, 17.0)
fill_rect(299.0, 29.0, 17.0, 77.0)
fill_rect(-1.0, 89.0, 317.0, 17.0)
fill_rect(-1.0, 29.0, 17.0, 17.0)
fill_rect(299.0, 29.0, 17.0, 17.0)
fill_rect(299.0, 89.0, 17.0, 17.0)
fill_rect(-1.0, 89.0, 17.0, 17.0)
set_stroke #286eae
set_line_width(17.0)
set_line_cap round
begin_path
move_to(7.5, 37.5)
line_to(307.5, 37.5)
stroke
set_line_width(17.0)
set_line_cap round
begin_path
move_to(307.5, 37.5)
line_to(307.5, 97.5)
stroke
set_line_width(17.0)
set_line_cap round
begin_path
move_to(7.5, 97.5)
line_to(307.5, 97.5)
stroke
set_fill #286eae
begin_path
arc(307.5, 37.5, 8.5, 0.0, 6.283185307179586)
fill
begin_path
arc(307.5, 97.5, 8.5, 0.0, 6.283185307179586)
fill
set_stroke #3c8dde
set_fill #3c8dde
set_line_width(15.0)
set_line_cap round
begin_path
move_to(7.5, 37.5)
line_to(307.5, 37.5)
stroke
set_line_width(15.0)
set_line_cap round
begin_path
move_to(307.5, 37.5)
line_to(307.5, 97.5)
stroke
set_line_width(15.0)
set_line_cap round
begin_path
move_to(7.5, 97.5)
line_to(307.5, 97.5)
stroke
begin_path
arc(307.5, 37.5, 7.5, 0.0, 6.283185307179586)
fill
begin_path
arc(307.5, 97.5, 7.5, 0.0, 6.283185307179586)
fill
set_fill #3c8dde
begin_path
arc(7.5, 97.5, 7.5, 0.0, 6.283185307179586)
fill
set_fill rgba(255, 255, 255, 0.3)
fill_rect(0.0, 30.0, 15.0, 15.0)
set_fill rgba(255, 255, 255, 0.27)
fill_rect(15.0, 30.0, 15.0, 15.0)
set_fill rgba(255, 255, 255, 0.24)
fill_rect(30.0, 30.0, 15.0, 15.0)
set_fill rgba(255, 255, 255, 0.21)
fill_rect(45.0, 30.0, 15.0, 15.0)
set_fill rgba(255, 255, 255, 0.18)
fill_rect(60.0, 30.0, 15.0, 15.0)
set_fill rgba(255, 255, 255, 0.15)
fill_rect(75.0, 30.0, 15.0, 15.0)
set_fill rgba(255, 255, 255, 0.12)
fill_rect(90.0, 30.0, 15.0, 15.0)
set_fill rgba(255, 255, 255, 0.09000000000000001)
fill_rect(105.0, 30.0, 15.0, 15.0)
set_fill rgba(255, 255, 255, 0.059999999999999984)
fill_rect(120.0, 30.0, 15.0, 15.0)
set_fill rgba(255, 255, 255, 0.029999999999999992)
fill_rect(135.0, 30.0, 15.0, 15.0)
set_fill #3c8dde
begin_path
arc(7.5, 37.5, 7.5, 0.0, 6.283185307179586)
fill
set_fill rgba(255, 255, 255, 0.3)
begin_path
arc(7.5, 37.5, 7.5, 0.0, 6.283185307179586)
fill
set_fill #333
begin_path
arc(7.5, 37.5, 5.7, 0.0, 6.283185307179586)
fill

# alive pose=wide_u_turn cell=15.0 boost=true mask=none
set_stroke #fff200
set_line_width(21.0)
set_line_cap round
begin_path
move_to(7.5, 37.5)
line_to(307.5, 37.5)
stroke
set_line_width(21.0)
set_line_cap round
begin_path
move_to(307.5, 37.5)
line_to(307.5, 97.5)
stroke
set_line_width(21.0)
set_line_cap round
begin_path
move_to(7.5, 97.5)
line_to(307.5, 97.5)
stroke
set_fill #fff200
begin_path
arc(307.5, 37.5, 10.5, 0.0, 6.283185307179586)
fill
begin_path
arc(307.5, 97.5, 10.5, 0.0, 6.283185307179586)
fill
set_stroke #286eae
set_line_width(17.0)
set_line_cap round
begin_path
move_to(7.5, 37.5)
line_to(307.5, 37.5)
stroke
set_line_width(17.0)
set_line_cap round
begin_path
move_to(307.5, 37.5)
line_to(307.5, 97.5)
stroke
set_line_width(17.0)
set_line_cap round
begin_path
move_to(7.5, 97.5)
line_to(307.5, 97.5)
stroke
set_fill #286eae
begin_path
arc(307.5, 37.5, 8.5, 0.0, 6.283185307179586)
fill
begin_path
arc(307.5, 97.5, 8.5, 0.0, 6.283185307179586)
fill
set_stroke #3c8dde
set_fill #3c8dde
set_line_width(15.0)
set_line_cap round
begin_path
move_to(7.5, 37.5)
line_to(307.5, 37.5)
stroke
set_line_width(15.0)
set_line_cap round
begin_path
move_to(307.5, 37.5)
line_to(307.5, 97.5)
stroke
set_line_width(15.0)
set_line_cap round
begin_path
move_to(7.5, 97.5)
line_to(307.5, 97.5)
stroke
begin_path
arc(307.5, 37.5, 7.5, 0.0, 6.283185307179586)
fill
begin_path
arc(307.5, 97.5, 7.5, 0.0, 6.283185307179586)
fill
set_fill #3c8dde
begin_path
arc(7.5, 97.5, 7.5, 0.0, 6.283185307179586)
fill
set_fill rgba(255, 255, 255, 0.3)
fill_rect(0.0, 30.0, 15.0, 15.0)
set_fill rgba(255, 255, 255, 0.27)
fill_rect(15.0, 30.0, 15.0, 15.0)
set_fill rgba(255, 255, 255, 0.24)
fill_rect(30.0, 30.0, 15.0, 15.0)
set_fill rgba(255, 255, 255, 0.21)
fill_rect(45.0, 30.0, 15.0, 15.0)
set_fill rgba(255, 255, 255, 0.18)
fill_rect(60.0, 30.0, 15.0, 15.0)
set_fill rgba(255, 255, 255, 0.15)
fill_rect(75.0, 30.0, 15.0, 15.0)
set_fill rgba(255, 255, 255, 0.12)
fill_rect(90.0, 30.0, 15.0, 15.0)
set_fill rgba(255, 255, 255, 0.09000000000000001)
fill_rect(105.0, 30.0, 15.0, 15.0)
set_fill rgba(255, 255, 255, 0.059999999999999984)
fill_rect(120.0, 30.0, 15.0, 15.0)
set_fill rgba(255, 255, 255, 0.029999999999999992)
fill_rect(135.0, 30.0, 15.0, 15.0)
set_fill #3c8dde
begin_path
arc(7.5, 37.5, 7.5, 0.0, 6.283185307179586)
fill
set_fill rgba(255, 255, 255, 0.3)
begin_path
arc(7.5, 37.5, 7.5, 0.0, 6.283185307179586)
fill
set_fill #333
begin_path
arc(7.5, 37.5, 5.7, 0.0, 6.283185307179586)
fill

# alive pose=wide_u_turn cell=15.0 boost=true mask=#ffffff
set_fill #ffffff
fill_rect(-3.0, 27.0, 321.0, 21.0)
fill_rect(297.0, 27.0, 21.0, 81.0)
fill_rect(-3.0, 87.0, 321.0, 21.0)
fill_rect(-3.0, 27.0, 21.0, 21.0)
fill_rect(297.0, 27.0, 21.0, 21.0)
fill_rect(297.0, 87.0, 21.0, 21.0)
fill_rect(-3.0, 87.0, 21.0, 21.0)
set_stroke #fff200
set_line_width(21.0)
set_line_cap round
begin_path
move_to(7.5, 37.5)
line_to(307.5, 37.5)
stroke
set_line_width(21.0)
set_line_cap round
begin_path
move_to(307.5, 37.5)
line_to(307.5, 97.5)
stroke
set_line_width(21.0)
set_line_cap round
begin_path
move_to(7.5, 97.5)
line_to(307.5, 97.5)
stroke
set_fill #fff200
begin_path
arc(307.5, 37.5, 10.5, 0.0, 6.283185307179586)
fill
begin_path
arc(307.5, 97.5, 10.5, 0.0, 6.283185307179586)
fill
set_stroke #286eae
set_line_width(17.0)
set_line_cap round
begin_path
move_to(7.5, 37.5)
line_to(307.5, 37.5)
stroke
set_line_width(17.0)
set_line_cap round
begin_path
move_to(307.5, 37.5)
line_to(307.5, 97.5)
stroke
set_line_width(17.0)
set_line_cap round
begin_path
move_to(7.5, 97.5)
line_to(307.5, 97.5)
stroke
set_fill #286eae
begin_path
arc(307.5, 37.5, 8.5, 0.0, 6.283185307179586)
fill
begin_path
arc(307.5, 97.5, 8.5, 0.0, 6.283185307179586)
fill
set_stroke #3c8dde
set_fill #3c8dde
set_line_width(15.0)
set_line_cap round
begin_path
move_to(7.5, 37.5)
line_to(307.5, 37.5)
stroke
set_line_width(15.0)
set_line_cap round
begin_path
move_to(307.5, 37.5)
line_to(307.5, 97.5)
stroke
set_line_width(15.0)
set_line_cap round
begin_path
move_to(7.5, 97.5)
line_to(307.5, 97.5)
stroke
begin_path
arc(307.5, 37.5, 7.5, 0.0, 6.283185307179586)
fill
begin_path
arc(307.5, 97.5, 7.5, 0.0, 6.283185307179586)
fill
set_fill #3c8dde
begin_path
arc(7.5, 97.5, 7.5, 0.0, 6.283185307179586)
fill
set_fill rgba(255, 255, 255, 0.3)
fill_rect(0.0, 30.0, 15.0, 15.0)
set_fill rgba(255, 255, 255, 0.27)
fill_rect(15.0, 30.0, 15.0, 15.0)
set_fill rgba(255, 255, 255, 0.24)
fill_rect(30.0, 30.0, 15.0, 15.0)
set_fill rgba(255, 255, 255, 0.21)
fill_rect(45.0, 30.0, 15.0, 15.0)
set_fill rgba(255, 255, 255, 0.18)
fill_rect(60.0, 30.0, 15.0, 15.0)
set_fill rgba(255, 255, 255, 0.15)
fill_rect(75.0, 30.0, 15.0, 15.0)
set_fill rgba(255, 255, 255, 0.12)
fill_rect(90.0, 30.0, 15.0, 15.0)
set_fill rgba(255, 255, 255, 0.09000000000000001)
fill_rect(105.0, 30.0, 15.0, 15.0)
set_fill rgba(255, 255, 255, 0.059999999999999984)
fill_rect(120.0, 30.0, 15.0, 15.0)
set_fill rgba(255, 255, 255, 0.029999999999999992)
fill_rect(135.0, 30.0, 15.0, 15.0)
set_fill #3c8dde
begin_path
arc(7.5, 37.5, 7.5, 0.0, 6.283185307179586)
fill
set_fill rgba(255, 255, 255, 0.3)
begin_path
arc(7.5, 37.5, 7.5, 0.0, 6.283185307179586)
fill
set_fill #333
begin_path
arc(7.5, 37.5, 5.7, 0.0, 6.283185307179586)
fill

## dead

# dead body=single_cell rotation=0 cell=5.0
set_fill #f0f0f0
set_fill #d0d0d0
begin_path
arc(27.5, 27.5, 3.5, 0.0, 6.283185307179586)
fill
set_fill #f0f0f0
begin_path
arc(27.5, 27.5, 2.5, 0.0, 6.283185307179586)
fill
set_stroke #666
set_line_width(2.0)
begin_path
move_to(26.0, 26.0)
line_to(29.0, 29.0)
stroke
begin_path
move_to(26.0, 29.0)
line_to(29.0, 26.0)
stroke

# dead body=single_cell rotation=0 cell=10.0
set_fill #f0f0f0
set_fill #d0d0d0
begin_path
arc(55.0, 55.0, 6.0, 0.0, 6.283185307179586)
fill
set_fill #f0f0f0
begin_path
arc(55.0, 55.0, 5.0, 0.0, 6.283185307179586)
fill
set_stroke #666
set_line_width(2.0)
begin_path
move_to(52.0, 52.0)
line_to(58.0, 58.0)
stroke
begin_path
move_to(52.0, 58.0)
line_to(58.0, 52.0)
stroke

# dead body=single_cell rotation=0 cell=15.0
set_fill #f0f0f0
set_fill #d0d0d0
begin_path
arc(82.5, 82.5, 8.5, 0.0, 6.283185307179586)
fill
set_fill #f0f0f0
begin_path
arc(82.5, 82.5, 7.5, 0.0, 6.283185307179586)
fill
set_stroke #666
set_line_width(2.0)
begin_path
move_to(78.0, 78.0)
line_to(87.0, 87.0)
stroke
begin_path
move_to(78.0, 87.0)
line_to(87.0, 78.0)
stroke

# dead body=single_cell rotation=90 cell=5.0
set_fill #f0f0f0
set_fill #d0d0d0
begin_path
arc(92.5, 27.5, 3.5, 0.0, 6.283185307179586)
fill
set_fill #f0f0f0
begin_path
arc(92.5, 27.5, 2.5, 0.0, 6.283185307179586)
fill
set_stroke #666
set_line_width(2.0)
begin_path
move_to(91.0, 26.0)
line_to(94.0, 29.0)
stroke
begin_path
move_to(91.0, 29.0)
line_to(94.0, 26.0)
stroke

# dead body=single_cell rotation=90 cell=10.0
set_fill #f0f0f0
set_fill #d0d0d0
begin_path
arc(185.0, 55.0, 6.0, 0.0, 6.283185307179586)
fill
set_fill #f0f0f0
begin_path
arc(185.0, 55.0, 5.0, 0.0, 6.283185307179586)
fill
set_stroke #666
set_line_width(2.0)
begin_path
move_to(182.0, 52.0)
line_to(188.0, 58.0)
stroke
begin_path
move_to(182.0, 58.0)
line_to(188.0, 52.0)
stroke

# dead body=single_cell rotation=90 cell=15.0
set_fill #f0f0f0
set_fill #d0d0d0
begin_path
arc(277.5, 82.5, 8.5, 0.0, 6.283185307179586)
fill
set_fill #f0f0f0
begin_path
arc(277.5, 82.5, 7.5, 0.0, 6.283185307179586)
fill
set_stroke #666
set_line_width(2.0)
begin_path
move_to(273.0, 78.0)
line_to(282.0, 87.0)
stroke
begin_path
move_to(273.0, 87.0)
line_to(282.0, 78.0)
stroke

# dead body=single_cell rotation=180 cell=5.0
set_fill #f0f0f0
set_fill #d0d0d0
begin_path
arc(172.5, 92.5, 3.5, 0.0, 6.283185307179586)
fill
set_fill #f0f0f0
begin_path
arc(172.5, 92.5, 2.5, 0.0, 6.283185307179586)
fill
set_stroke #666
set_line_width(2.0)
begin_path
move_to(171.0, 91.0)
line_to(174.0, 94.0)
stroke
begin_path
move_to(171.0, 94.0)
line_to(174.0, 91.0)
stroke

# dead body=single_cell rotation=180 cell=10.0
set_fill #f0f0f0
set_fill #d0d0d0
begin_path
arc(345.0, 185.0, 6.0, 0.0, 6.283185307179586)
fill
set_fill #f0f0f0
begin_path
arc(345.0, 185.0, 5.0, 0.0, 6.283185307179586)
fill
set_stroke #666
set_line_width(2.0)
begin_path
move_to(342.0, 182.0)
line_to(348.0, 188.0)
stroke
begin_path
move_to(342.0, 188.0)
line_to(348.0, 182.0)
stroke

# dead body=single_cell rotation=180 cell=15.0
set_fill #f0f0f0
set_fill #d0d0d0
begin_path
arc(517.5, 277.5, 8.5, 0.0, 6.283185307179586)
fill
set_fill #f0f0f0
begin_path
arc(517.5, 277.5, 7.5, 0.0, 6.283185307179586)
fill
set_stroke #666
set_line_width(2.0)
begin_path
move_to(513.0, 273.0)
line_to(522.0, 282.0)
stroke
begin_path
move_to(513.0, 282.0)
line_to(522.0, 273.0)
stroke

# dead body=single_cell rotation=270 cell=5.0
set_fill #f0f0f0
set_fill #d0d0d0
begin_path
arc(27.5, 172.5, 3.5, 0.0, 6.283185307179586)
fill
set_fill #f0f0f0
begin_path
arc(27.5, 172.5, 2.5, 0.0, 6.283185307179586)
fill
set_stroke #666
set_line_width(2.0)
begin_path
move_to(26.0, 171.0)
line_to(29.0, 174.0)
stroke
begin_path
move_to(26.0, 174.0)
line_to(29.0, 171.0)
stroke

# dead body=single_cell rotation=270 cell=10.0
set_fill #f0f0f0
set_fill #d0d0d0
begin_path
arc(55.0, 345.0, 6.0, 0.0, 6.283185307179586)
fill
set_fill #f0f0f0
begin_path
arc(55.0, 345.0, 5.0, 0.0, 6.283185307179586)
fill
set_stroke #666
set_line_width(2.0)
begin_path
move_to(52.0, 342.0)
line_to(58.0, 348.0)
stroke
begin_path
move_to(52.0, 348.0)
line_to(58.0, 342.0)
stroke

# dead body=single_cell rotation=270 cell=15.0
set_fill #f0f0f0
set_fill #d0d0d0
begin_path
arc(82.5, 517.5, 8.5, 0.0, 6.283185307179586)
fill
set_fill #f0f0f0
begin_path
arc(82.5, 517.5, 7.5, 0.0, 6.283185307179586)
fill
set_stroke #666
set_line_width(2.0)
begin_path
move_to(78.0, 513.0)
line_to(87.0, 522.0)
stroke
begin_path
move_to(78.0, 522.0)
line_to(87.0, 513.0)
stroke

# dead body=straight rotation=0 cell=5.0
set_fill #f0f0f0
set_fill #ffffff
fill_rect(29.0, 24.0, 37.0, 7.0)
fill_rect(59.0, 24.0, 7.0, 7.0)
fill_rect(29.0, 24.0, 7.0, 7.0)
set_stroke #d0d0d0
set_line_width(7.0)
set_line_cap round
begin_path
move_to(32.5, 27.5)
line_to(62.5, 27.5)
stroke
set_fill #d0d0d0
set_stroke #f0f0f0
set_fill #f0f0f0
set_line_width(5.0)
set_line_cap round
begin_path
move_to(32.5, 27.5)
line_to(62.5, 27.5)
stroke
set_fill #f0f0f0
begin_path
arc(32.5, 27.5, 2.5, 0.0, 6.283185307179586)
fill
begin_path
arc(62.5, 27.5, 2.5, 0.0, 6.283185307179586)
fill
set_stroke #666
set_line_width(2.0)
begin_path
move_to(61.0, 26.0)
line_to(64.0, 29.0)
stroke
begin_path
move_to(61.0, 29.0)
line_to(64.0, 26.0)
stroke

# dead body=straight rotation=0 cell=10.0
set_fill #f0f0f0
set_fill #ffffff
fill_rect(59.0, 49.0, 72.0, 12.0)
fill_rect(119.0, 49.0, 12.0, 12.0)
fill_rect(59.0, 49.0, 12.0, 12.0)
set_stroke #d0d0d0
set_line_width(12.0)
set_line_cap round
begin_path
move_to(65.0, 55.0)
line_to(125.0, 55.0)
stroke
set_fill #d0d0d0
set_stroke #f0f0f0
set_fill #f0f0f0
set_line_width(10.0)
set_line_cap round
begin_path
move_to(65.0, 55.0)
line_to(125.0, 55.0)
stroke
set_fill #f0f0f0
begin_path
arc(65.0, 55.0, 5.0, 0.0, 6.283185307179586)
fill
begin_path
arc(125.0, 55.0, 5.0, 0.0, 6.283185307179586)
fill
set_stroke #666
set_line_width(2.0)
begin_path
move_to(122.0, 52.0)
line_to(128.0, 58.0)
stroke
begin_path
move_to(122.0, 58.0)
line_to(128.0, 52.0)
stroke

# dead body=straight rotation=0 cell=15.0
set_fill #f0f0f0
set_fill #ffffff
fill_rect(89.0, 74.0, 107.0, 17.0)
fill_rect(179.0, 74.0, 17.0, 17.0)
fill_rect(89.0, 74.0, 17.0, 17.0)
set_stroke #d0d0d0
set_line_width(17.0)
set_line_cap round
begin_path
move_to(97.5, 82.5)
line_to(187.5, 82.5)
stroke
set_fill #d0d0d0
set_stroke #f0f0f0
set_fill #f0f0f0
set_line_width(15.0)
set_line_cap round
begin_path
move_to(97.5, 82.5)
line_to(187.5, 82.5)
stroke
set_fill #f0f0f0
begin_path
arc(97.5, 82.5, 7.5, 0.0, 6.283185307179586)
fill
begin_path
arc(187.5, 82.5, 7.5, 0.0, 6.283185307179586)
fill
set_stroke #666
set_line_width(2.0)
begin_path
move_to(183.0, 78.0)
line_to(192.0, 87.0)
stroke
begin_path
move_to(183.0, 87.0)
line_to(192.0, 78.0)
stroke

# dead body=straight rotation=90 cell=5.0
set_fill #f0f0f0
set_fill #ffffff
fill_rect(89.0, 29.0, 7.0, 37.0)
fill_rect(89.0, 59.0, 7.0, 7.0)
fill_rect(89.0, 29.0, 7.0, 7.0)
set_stroke #d0d0d0
set_line_width(7.0)
set_line_cap round
begin_path
move_to(92.5, 32.5)
line_to(92.5, 62.5)
stroke
set_fill #d0d0d0
set_stroke #f0f0f0
set_fill #f0f0f0
set_line_width(5.0)
set_line_cap round
begin_path
move_to(92.5, 32.5)
line_to(92.5, 62.5)
stroke
set_fill #f0f0f0
begin_path
arc(92.5, 32.5, 2.5, 0.0, 6.283185307179586)
fill
begin_path
arc(92.5, 62.5, 2.5, 0.0, 6.283185307179586)
fill
set_stroke #666
set_line_width(2.0)
begin_path
move_to(91.0, 61.0)
line_to(94.0, 64.0)
stroke
begin_path
move_to(91.0, 64.0)
line_to(94.0, 61.0)
stroke

# dead body=straight rotation=90 cell=10.0
set_fill #f0f0f0
set_fill #ffffff
fill_rect(179.0, 59.0, 12.0, 72.0)
fill_rect(179.0, 119.0, 12.0, 12.0)
fill_rect(179.0, 59.0, 12.0, 12.0)
set_stroke #d0d0d0
set_line_width(12.0)
set_line_cap round
begin_path
move_to(185.0, 65.0)
line_to(185.0, 125.0)
stroke
set_fill #d0d0d0
set_stroke #f0f0f0
set_fill #f0f0f0
set_line_width(10.0)
set_line_cap round
begin_path
move_to(185.0, 65.0)
line_to(185.0, 125.0)
stroke
set_fill #f0f0f0
begin_path
arc(185.0, 65.0, 5.0, 0.0, 6.283185307179586)
fill
begin_path
arc(185.0, 125.0, 5.0, 0.0, 6.283185307179586)
fill
set_stroke #666
set_line_width(2.0)
begin_path
move_to(182.0, 122.0)
line_to(188.0, 128.0)
stroke
begin_path
move_to(182.0, 128.0)
line_to(188.0, 122.0)
stroke

# dead body=straight rotation=90 cell=15.0
set_fill #f0f0f0
set_fill #ffffff
fill_rect(269.0, 89.0, 17.0, 107.0)
fill_rect(269.0, 179.0, 17.0, 17.0)
fill_rect(269.0, 89.0, 17.0, 17.0)
set_stroke #d0d0d0
set_line_width(17.0)
set_line_cap round
begin_path
move_to(277.5, 97.5)
line_to(277.5, 187.5)
stroke
set_fill #d0d0d0
set_stroke #f0f0f0
set_fill #f0f0f0
set_line_width(15.0)
set_line_cap round
begin_path
move_to(277.5, 97.5)
line_to(277.5, 187.5)
stroke
set_fill #f0f0f0
begin_path
arc(277.5, 97.5, 7.5, 0.0, 6.283185307179586)
fill
begin_path
arc(277.5, 187.5, 7.5, 0.0, 6.283185307179586)
fill
set_stroke #666
set_line_width(2.0)
begin_path
move_to(273.0, 183.0)
line_to(282.0, 192.0)
stroke
begin_path
move_to(273.0, 192.0)
line_to(282.0, 183.0)
stroke

# dead body=straight rotation=180 cell=5.0
set_fill #f0f0f0
set_fill #ffffff
fill_rect(134.0, 89.0, 37.0, 7.0)
fill_rect(134.0, 89.0, 7.0, 7.0)
fill_rect(164.0, 89.0, 7.0, 7.0)
set_stroke #d0d0d0
set_line_width(7.0)
set_line_cap round
begin_path
move_to(137.5, 92.5)
line_to(167.5, 92.5)
stroke
set_fill #d0d0d0
set_stroke #f0f0f0
set_fill #f0f0f0
set_line_width(5.0)
set_line_cap round
begin_path
move_to(137.5, 92.5)
line_to(167.5, 92.5)
stroke
set_fill #f0f0f0
begin_path
arc(167.5, 92.5, 2.5, 0.0, 6.283185307179586)
fill
begin_path
arc(137.5, 92.5, 2.5, 0.0, 6.283185307179586)
fill
set_stroke #666
set_line_width(2.0)
begin_path
move_to(136.0, 91.0)
line_to(139.0, 94.0)
stroke
begin_path
move_to(136.0, 94.0)
line_to(139.0, 91.0)
stroke

# dead body=straight rotation=180 cell=10.0
set_fill #f0f0f0
set_fill #ffffff
fill_rect(269.0, 179.0, 72.0, 12.0)
fill_rect(269.0, 179.0, 12.0, 12.0)
fill_rect(329.0, 179.0, 12.0, 12.0)
set_stroke #d0d0d0
set_line_width(12.0)
set_line_cap round
begin_path
move_to(275.0, 185.0)
line_to(335.0, 185.0)
stroke
set_fill #d0d0d0
set_stroke #f0f0f0
set_fill #f0f0f0
set_line_width(10.0)
set_line_cap round
begin_path
move_to(275.0, 185.0)
line_to(335.0, 185.0)
stroke
set_fill #f0f0f0
begin_path
arc(335.0, 185.0, 5.0, 0.0, 6.283185307179586)
fill
begin_path
arc(275.0, 185.0, 5.0, 0.0, 6.283185307179586)
fill
set_stroke #666
set_line_width(2.0)
begin_path
move_to(272.0, 182.0)
line_to(278.0, 188.0)
stroke
begin_path
move_to(272.0, 188.0)
line_to(278.0, 182.0)
stroke

# dead body=straight rotation=180 cell=15.0
set_fill #f0f0f0
set_fill #ffffff
fill_rect(404.0, 269.0, 107.0, 17.0)
fill_rect(404.0, 269.0, 17.0, 17.0)
fill_rect(494.0, 269.0, 17.0, 17.0)
set_stroke #d0d0d0
set_line_width(17.0)
set_line_cap round
begin_path
move_to(412.5, 277.5)
line_to(502.5, 277.5)
stroke
set_fill #d0d0d0
set_stroke #f0f0f0
set_fill #f0f0f0
set_line_width(15.0)
set_line_cap round
begin_path
move_to(412.5, 277.5)
line_to(502.5, 277.5)
stroke
set_fill #f0f0f0
begin_path
arc(502.5, 277.5, 7.5, 0.0, 6.283185307179586)
fill
begin_path
arc(412.5, 277.5, 7.5, 0.0, 6.283185307179586)
fill
set_stroke #666
set_line_width(2.0)
begin_path
move_to(408.0, 273.0)
line_to(417.0, 282.0)
stroke
begin_path
move_to(408.0, 282.0)
line_to(417.0, 273.0)
stroke

# dead body=straight rotation=270 cell=5.0
set_fill #f0f0f0
set_fill #ffffff
fill_rect(24.0, 134.0, 7.0, 37.0)
fill_rect(24.0, 134.0, 7.0, 7.0)
fill_rect(24.0, 164.0, 7.0, 7.0)
set_stroke #d0d0d0
set_line_width(7.0)
set_line_cap round
begin_path
move_to(27.5, 137.5)
line_to(27.5, 167.5)
stroke
set_fill #d0d0d0
set_stroke #f0f0f0
set_fill #f0f0f0
set_line_width(5.0)
set_line_cap round
begin_path
move_to(27.5, 137.5)
line_to(27.5, 167.5)
stroke
set_fill #f0f0f0
begin_path
arc(27.5, 167.5, 2.5, 0.0, 6.283185307179586)
fill
begin_path
arc(27.5, 137.5, 2.5, 0.0, 6.283185307179586)
fill
set_stroke #666
set_line_width(2.0)
begin_path
move_to(26.0, 136.0)
line_to(29.0, 139.0)
stroke
begin_path
move_to(26.0, 139.0)
line_to(29.0, 136.0)
stroke

# dead body=straight rotation=270 cell=10.0
set_fill #f0f0f0
set_fill #ffffff
fill_rect(49.0, 269.0, 12.0, 72.0)
fill_rect(49.0, 269.0, 12.0, 12.0)
fill_rect(49.0, 329.0, 12.0, 12.0)
set_stroke #d0d0d0
set_line_width(12.0)
set_line_cap round
begin_path
move_to(55.0, 275.0)
line_to(55.0, 335.0)
stroke
set_fill #d0d0d0
set_stroke #f0f0f0
set_fill #f0f0f0
set_line_width(10.0)
set_line_cap round
begin_path
move_to(55.0, 275.0)
line_to(55.0, 335.0)
stroke
set_fill #f0f0f0
begin_path
arc(55.0, 335.0, 5.0, 0.0, 6.283185307179586)
fill
begin_path
arc(55.0, 275.0, 5.0, 0.0, 6.283185307179586)
fill
set_stroke #666
set_line_width(2.0)
begin_path
move_to(52.0, 272.0)
line_to(58.0, 278.0)
stroke
begin_path
move_to(52.0, 278.0)
line_to(58.0, 272.0)
stroke

# dead body=straight rotation=270 cell=15.0
set_fill #f0f0f0
set_fill #ffffff
fill_rect(74.0, 404.0, 17.0, 107.0)
fill_rect(74.0, 404.0, 17.0, 17.0)
fill_rect(74.0, 494.0, 17.0, 17.0)
set_stroke #d0d0d0
set_line_width(17.0)
set_line_cap round
begin_path
move_to(82.5, 412.5)
line_to(82.5, 502.5)
stroke
set_fill #d0d0d0
set_stroke #f0f0f0
set_fill #f0f0f0
set_line_width(15.0)
set_line_cap round
begin_path
move_to(82.5, 412.5)
line_to(82.5, 502.5)
stroke
set_fill #f0f0f0
begin_path
arc(82.5, 502.5, 7.5, 0.0, 6.283185307179586)
fill
begin_path
arc(82.5, 412.5, 7.5, 0.0, 6.283185307179586)
fill
set_stroke #666
set_line_width(2.0)
begin_path
move_to(78.0, 408.0)
line_to(87.0, 417.0)
stroke
begin_path
move_to(78.0, 417.0)
line_to(87.0, 408.0)
stroke

# dead body=cornered rotation=0 cell=5.0
set_fill #f0f0f0
set_fill #ffffff
fill_rect(29.0, 24.0, 37.0, 7.0)
fill_rect(29.0, 24.0, 7.0, 37.0)
fill_rect(59.0, 24.0, 7.0, 7.0)
fill_rect(29.0, 24.0, 7.0, 7.0)
fill_rect(29.0, 54.0, 7.0, 7.0)
set_stroke #d0d0d0
set_line_width(7.0)
set_line_cap round
begin_path
move_to(32.5, 27.5)
line_to(62.5, 27.5)
stroke
set_line_width(7.0)
set_line_cap round
begin_path
move_to(32.5, 27.5)
line_to(32.5, 57.5)
stroke
set_fill #d0d0d0
begin_path
arc(32.5, 27.5, 3.5, 0.0, 6.283185307179586)
fill
set_stroke #f0f0f0
set_fill #f0f0f0
set_line_width(5.0)
set_line_cap round
begin_path
move_to(32.5, 27.5)
line_to(62.5, 27.5)
stroke
set_line_width(5.0)
set_line_cap round
begin_path
move_to(32.5, 27.5)
line_to(32.5, 57.5)
stroke
begin_path
arc(32.5, 27.5, 2.5, 0.0, 6.283185307179586)
fill
set_fill #f0f0f0
begin_path
arc(32.5, 57.5, 2.5, 0.0, 6.283185307179586)
fill
begin_path
arc(62.5, 27.5, 2.5, 0.0, 6.283185307179586)
fill
set_stroke #666
set_line_width(2.0)
begin_path
move_to(61.0, 26.0)
line_to(64.0, 29.0)
stroke
begin_path
move_to(61.0, 29.0)
line_to(64.0, 26.0)
stroke

# dead body=cornered rotation=0 cell=10.0
set_fill #f0f0f0
set_fill #ffffff
fill_rect(59.0, 49.0, 72.0, 12.0)
fill_rect(59.0, 49.0, 12.0, 72.0)
fill_rect(119.0, 49.0, 12.0, 12.0)
fill_rect(59.0, 49.0, 12.0, 12.0)
fill_rect(59.0, 109.0, 12.0, 12.0)
set_stroke #d0d0d0
set_line_width(12.0)
set_line_cap round
begin_path
move_to(65.0, 55.0)
line_to(125.0, 55.0)
stroke
set_line_width(12.0)
set_line_cap round
begin_path
move_to(65.0, 55.0)
line_to(65.0, 115.0)
stroke
set_fill #d0d0d0
begin_path
arc(65.0, 55.0, 6.0, 0.0, 6.283185307179586)
fill
set_stroke #f0f0f0
set_fill #f0f0f0
set_line_width(10.0)
set_line_cap round
begin_path
move_to(65.0, 55.0)
line_to(125.0, 55.0)
stroke
set_line_width(10.0)
set_line_cap round
begin_path
move_to(65.0, 55.0)
line_to(65.0, 115.0)
stroke
begin_path
arc(65.0, 55.0, 5.0, 0.0, 6.283185307179586)
fill
set_fill #f0f0f0
begin_path
arc(65.0, 115.0, 5.0, 0.0, 6.283185307179586)
fill
begin_path
arc(125.0, 55.0, 5.0, 0.0, 6.283185307179586)
fill
set_stroke #666
set_line_width(2.0)
begin_path
move_to(122.0, 52.0)
line_to(128.0, 58.0)
stroke
begin_path
move_to(122.0, 58.0)
line_to(128.0, 52.0)
stroke

# dead body=cornered rotation=0 cell=15.0
set_fill #f0f0f0
set_fill #ffffff
fill_rect(89.0, 74.0, 107.0, 17.0)
fill_rect(89.0, 74.0, 17.0, 107.0)
fill_rect(179.0, 74.0, 17.0, 17.0)
fill_rect(89.0, 74.0, 17.0, 17.0)
fill_rect(89.0, 164.0, 17.0, 17.0)
set_stroke #d0d0d0
set_line_width(17.0)
set_line_cap round
begin_path
move_to(97.5, 82.5)
line_to(187.5, 82.5)
stroke
set_line_width(17.0)
set_line_cap round
begin_path
move_to(97.5, 82.5)
line_to(97.5, 172.5)
stroke
set_fill #d0d0d0
begin_path
arc(97.5, 82.5, 8.5, 0.0, 6.283185307179586)
fill
set_stroke #f0f0f0
set_fill #f0f0f0
set_line_width(15.0)
set_line_cap round
begin_path
move_to(97.5, 82.5)
line_to(187.5, 82.5)
stroke
set_line_width(15.0)
set_line_cap round
begin_path
move_to(97.5, 82.5)
line_to(97.5, 172.5)
stroke
begin_path
arc(97.5, 82.5, 7.5, 0.0, 6.283185307179586)
fill
set_fill #f0f0f0
begin_path
arc(97.5, 172.5, 7.5, 0.0, 6.283185307179586)
fill
begin_path
arc(187.5, 82.5, 7.5, 0.0, 6.283185307179586)
fill
set_stroke #666
set_line_width(2.0)
begin_path
move_to(183.0, 78.0)
line_to(192.0, 87.0)
stroke
begin_path
move_to(183.0, 87.0)
line_to(192.0, 78.0)
stroke

# dead body=cornered rotation=90 cell=5.0
set_fill #f0f0f0
set_fill #ffffff
fill_rect(89.0, 29.0, 7.0, 37.0)
fill_rect(59.0, 29.0, 37.0, 7.0)
fill_rect(89.0, 59.0, 7.0, 7.0)
fill_rect(89.0, 29.0, 7.0, 7.0)
fill_rect(59.0, 29.0, 7.0, 7.0)
set_stroke #d0d0d0
set_line_width(7.0)
set_line_cap round
begin_path
move_to(92.5, 32.5)
line_to(92.5, 62.5)
stroke
set_line_width(7.0)
set_line_cap round
begin_path
move_to(62.5, 32.5)
line_to(92.5, 32.5)
stroke
set_fill #d0d0d0
begin_path
arc(92.5, 32.5, 3.5, 0.0, 6.283185307179586)
fill
set_stroke #f0f0f0
set_fill #f0f0f0
set_line_width(5.0)
set_line_cap round
begin_path
move_to(92.5, 32.5)
line_to(92.5, 62.5)
stroke
set_line_width(5.0)
set_line_cap round
begin_path
move_to(62.5, 32.5)
line_to(92.5, 32.5)
stroke
begin_path
arc(92.5, 32.5, 2.5, 0.0, 6.283185307179586)
fill
set_fill #f0f0f0
begin_path
arc(62.5, 32.5, 2.5, 0.0, 6.283185307179586)
fill
begin_path
arc(92.5, 62.5, 2.5, 0.0, 6.283185307179586)
fill
set_stroke #666
set_line_width(2.0)
begin_path
move_to(91.0, 61.0)
line_to(94.0, 64.0)
stroke
begin_path
move_to(91.0, 64.0)
line_to(94.0, 61.0)
stroke

# dead body=cornered rotation=90 cell=10.0
set_fill #f0f0f0
set_fill #ffffff
fill_rect(179.0, 59.0, 12.0, 72.0)
fill_rect(119.0, 59.0, 72.0, 12.0)
fill_rect(179.0, 119.0, 12.0, 12.0)
fill_rect(179.0, 59.0, 12.0, 12.0)
fill_rect(119.0, 59.0, 12.0, 12.0)
set_stroke #d0d0d0
set_line_width(12.0)
set_line_cap round
begin_path
move_to(185.0, 65.0)
line_to(185.0, 125.0)
stroke
set_line_width(12.0)
set_line_cap round
begin_path
move_to(125.0, 65.0)
line_to(185.0, 65.0)
stroke
set_fill #d0d0d0
begin_path
arc(185.0, 65.0, 6.0, 0.0, 6.283185307179586)
fill
set_stroke #f0f0f0
set_fill #f0f0f0
set_line_width(10.0)
set_line_cap round
begin_path
move_to(185.0, 65.0)
line_to(185.0, 125.0)
stroke
set_line_width(10.0)
set_line_cap round
begin_path
move_to(125.0, 65.0)
line_to(185.0, 65.0)
stroke
begin_path
arc(185.0, 65.0, 5.0, 0.0, 6.283185307179586)
fill
set_fill #f0f0f0
begin_path
arc(125.0, 65.0, 5.0, 0.0, 6.283185307179586)
fill
begin_path
arc(185.0, 125.0, 5.0, 0.0, 6.283185307179586)
fill
set_stroke #666
set_line_width(2.0)
begin_path
move_to(182.0, 122.0)
line_to(188.0, 128.0)
stroke
begin_path
move_to(182.0, 128.0)
line_to(188.0, 122.0)
stroke

# dead body=cornered rotation=90 cell=15.0
set_fill #f0f0f0
set_fill #ffffff
fill_rect(269.0, 89.0, 17.0, 107.0)
fill_rect(179.0, 89.0, 107.0, 17.0)
fill_rect(269.0, 179.0, 17.0, 17.0)
fill_rect(269.0, 89.0, 17.0, 17.0)
fill_rect(179.0, 89.0, 17.0, 17.0)
set_stroke #d0d0d0
set_line_width(17.0)
set_line_cap round
begin_path
move_to(277.5, 97.5)
line_to(277.5, 187.5)
stroke
set_line_width(17.0)
set_line_cap round
begin_path
move_to(187.5, 97.5)
line_to(277.5, 97.5)
stroke
set_fill #d0d0d0
begin_path
arc(277.5, 97.5, 8.5, 0.0, 6.283185307179586)
fill
set_stroke #f0f0f0
set_fill #f0f0f0
set_line_width(15.0)
set_line_cap round
begin_path
move_to(277.5, 97.5)
line_to(277.5, 187.5)
stroke
set_line_width(15.0)
set_line_cap round
begin_path
move_to(187.5, 97.5)
line_to(277.5, 97.5)
stroke
begin_path
arc(277.5, 97.5, 7.5, 0.0, 6.283185307179586)
fill
set_fill #f0f0f0
begin_path
arc(187.5, 97.5, 7.5, 0.0, 6.283185307179586)
fill
begin_path
arc(277.5, 187.5, 7.5, 0.0, 6.283185307179586)
fill
set_stroke #666
set_line_width(2.0)
begin_path
move_to(273.0, 183.0)
line_to(282.0, 192.0)
stroke
begin_path
move_to(273.0, 192.0)
line_to(282.0, 183.0)
stroke

# dead body=cornered rotation=180 cell=5.0
set_fill #f0f0f0
set_fill #ffffff
fill_rect(134.0, 89.0, 37.0, 7.0)
fill_rect(164.0, 59.0, 7.0, 37.0)
fill_rect(134.0, 89.0, 7.0, 7.0)
fill_rect(164.0, 89.0, 7.0, 7.0)
fill_rect(164.0, 59.0, 7.0, 7.0)
set_stroke #d0d0d0
set_line_width(7.0)
set_line_cap round
begin_path
move_to(137.5, 92.5)
line_to(167.5, 92.5)
stroke
set_line_width(7.0)
set_line_cap round
begin_path
move_to(167.5, 62.5)
line_to(167.5, 92.5)
stroke
set_fill #d0d0d0
begin_path
arc(167.5, 92.5, 3.5, 0.0, 6.283185307179586)
fill
set_stroke #f0f0f0
set_fill #f0f0f0
set_line_width(5.0)
set_line_cap round
begin_path
move_to(137.5, 92.5)
line_to(167.5, 92.5)
stroke
set_line_width(5.0)
set_line_cap round
begin_path
move_to(167.5, 62.5)
line_to(167.5, 92.5)
stroke
begin_path
arc(167.5, 92.5, 2.5, 0.0, 6.283185307179586)
fill
set_fill #f0f0f0
begin_path
arc(167.5, 62.5, 2.5, 0.0, 6.283185307179586)
fill
begin_path
arc(137.5, 92.5, 2.5, 0.0, 6.283185307179586)
fill
set_stroke #666
set_line_width(2.0)
begin_path
move_to(136.0, 91.0)
line_to(139.0, 94.0)
stroke
begin_path
move_to(136.0, 94.0)
line_to(139.0, 91.0)
stroke

# dead body=cornered rotation=180 cell=10.0
set_fill #f0f0f0
set_fill #ffffff
fill_rect(269.0, 179.0, 72.0, 12.0)
fill_rect(329.0, 119.0, 12.0, 72.0)
fill_rect(269.0, 179.0, 12.0, 12.0)
fill_rect(329.0, 179.0, 12.0, 12.0)
fill_rect(329.0, 119.0, 12.0, 12.0)
set_stroke #d0d0d0
set_line_width(12.0)
set_line_cap round
begin_path
move_to(275.0, 185.0)
line_to(335.0, 185.0)
stroke
set_line_width(12.0)
set_line_cap round
begin_path
move_to(335.0, 125.0)
line_to(335.0, 185.0)
stroke
set_fill #d0d0d0
begin_path
arc(335.0, 185.0, 6.0, 0.0, 6.283185307179586)
fill
set_stroke #f0f0f0
set_fill #f0f0f0
set_line_width(10.0)
set_line_cap round
begin_path
move_to(275.0, 185.0)
line_to(335.0, 185.0)
stroke
set_line_width(10.0)
set_line_cap round
begin_path
move_to(335.0, 125.0)
line_to(335.0, 185.0)
stroke
begin_path
arc(335.0, 185.0, 5.0, 0.0, 6.283185307179586)
fill
set_fill #f0f0f0
begin_path
arc(335.0, 125.0, 5.0, 0.0, 6.283185307179586)
fill
begin_path
arc(275.0, 185.0, 5.0, 0.0, 6.283185307179586)
fill
set_stroke #666
set_line_width(2.0)
begin_path
move_to(272.0, 182.0)
line_to(278.0, 188.0)
stroke
begin_path
move_to(272.0, 188.0)
line_to(278.0, 182.0)
stroke

# dead body=cornered rotation=180 cell=15.0
set_fill #f0f0f0
set_fill #ffffff
fill_rect(404.0, 269.0, 107.0, 17.0)
fill_rect(494.0, 179.0, 17.0, 107.0)
fill_rect(404.0, 269.0, 17.0, 17.0)
fill_rect(494.0, 269.0, 17.0, 17.0)
fill_rect(494.0, 179.0, 17.0, 17.0)
set_stroke #d0d0d0
set_line_width(17.0)
set_line_cap round
begin_path
move_to(412.5, 277.5)
line_to(502.5, 277.5)
stroke
set_line_width(17.0)
set_line_cap round
begin_path
move_to(502.5, 187.5)
line_to(502.5, 277.5)
stroke
set_fill #d0d0d0
begin_path
arc(502.5, 277.5, 8.5, 0.0, 6.283185307179586)
fill
set_stroke #f0f0f0
set_fill #f0f0f0
set_line_width(15.0)
set_line_cap round
begin_path
move_to(412.5, 277.5)
line_to(502.5, 277.5)
stroke
set_line_width(15.0)
set_line_cap round
begin_path
move_to(502.5, 187.5)
line_to(502.5, 277.5)
stroke
begin_path
arc(502.5, 277.5, 7.5, 0.0, 6.283185307179586)
fill
set_fill #f0f0f0
begin_path
arc(502.5, 187.5, 7.5, 0.0, 6.283185307179586)
fill
begin_path
arc(412.5, 277.5, 7.5, 0.0, 6.283185307179586)
fill
set_stroke #666
set_line_width(2.0)
begin_path
move_to(408.0, 273.0)
line_to(417.0, 282.0)
stroke
begin_path
move_to(408.0, 282.0)
line_to(417.0, 273.0)
stroke

# dead body=cornered rotation=270 cell=5.0
set_fill #f0f0f0
set_fill #ffffff
fill_rect(24.0, 134.0, 7.0, 37.0)
fill_rect(24.0, 164.0, 37.0, 7.0)
fill_rect(24.0, 134.0, 7.0, 7.0)
fill_rect(24.0, 164.0, 7.0, 7.0)
fill_rect(54.0, 164.0, 7.0, 7.0)
set_stroke #d0d0d0
set_line_width(7.0)
set_line_cap round
begin_path
move_to(27.5, 137.5)
line_to(27.5, 167.5)
stroke
set_line_width(7.0)
set_line_cap round
begin_path
move_to(27.5, 167.5)
line_to(57.5, 167.5)
stroke
set_fill #d0d0d0
begin_path
arc(27.5, 167.5, 3.5, 0.0, 6.283185307179586)
fill
set_stroke #f0f0f0
set_fill #f0f0f0
set_line_width(5.0)
set_line_cap round
begin_path
move_to(27.5, 137.5)
line_to(27.5, 167.5)
stroke
set_line_width(5.0)
set_line_cap round
begin_path
move_to(27.5, 167.5)
line_to(57.5, 167.5)
stroke
begin_path
arc(27.5, 167.5, 2.5, 0.0, 6.283185307179586)
fill
set_fill #f0f0f0
begin_path
arc(57.5, 167.5, 2.5, 0.0, 6.283185307179586)
fill
begin_path
arc(27.5, 137.5, 2.5, 0.0, 6.283185307179586)
fill
set_stroke #666
set_line_width(2.0)
begin_path
move_to(26.0, 136.0)
line_to(29.0, 139.0)
stroke
begin_path
move_to(26.0, 139.0)
line_to(29.0, 136.0)
stroke

# dead body=cornered rotation=270 cell=10.0
set_fill #f0f0f0
set_fill #ffffff
fill_rect(49.0, 269.0, 12.0, 72.0)
fill_rect(49.0, 329.0, 72.0, 12.0)
fill_rect(49.0, 269.0, 12.0, 12.0)
fill_rect(49.0, 329.0, 12.0, 12.0)
fill_rect(109.0, 329.0, 12.0, 12.0)
set_stroke #d0d0d0
set_line_width(12.0)
set_line_cap round
begin_path
move_to(55.0, 275.0)
line_to(55.0, 335.0)
stroke
set_line_width(12.0)
set_line_cap round
begin_path
move_to(55.0, 335.0)
line_to(115.0, 335.0)
stroke
set_fill #d0d0d0
begin_path
arc(55.0, 335.0, 6.0, 0.0, 6.283185307179586)
fill
set_stroke #f0f0f0
set_fill #f0f0f0
set_line_width(10.0)
set_line_cap round
begin_path
move_to(55.0, 275.0)
line_to(55.0, 335.0)
stroke
set_line_width(10.0)
set_line_cap round
begin_path
move_to(55.0, 335.0)
line_to(115.0, 335.0)
stroke
begin_path
arc(55.0, 335.0, 5.0, 0.0, 6.283185307179586)
fill
set_fill #f0f0f0
begin_path
arc(115.0, 335.0, 5.0, 0.0, 6.283185307179586)
fill
begin_path
arc(55.0, 275.0, 5.0, 0.0, 6.283185307179586)
fill
set_stroke #666
set_line_width(2.0)
begin_path
move_to(52.0, 272.0)
line_to(58.0, 278.0)
stroke
begin_path
move_to(52.0, 278.0)
line_to(58.0, 272.0)
stroke

# dead body=cornered rotation=270 cell=15.0
set_fill #f0f0f0
set_fill #ffffff
fill_rect(74.0, 404.0, 17.0, 107.0)
fill_rect(74.0, 494.0, 107.0, 17.0)
fill_rect(74.0, 404.0, 17.0, 17.0)
fill_rect(74.0, 494.0, 17.0, 17.0)
fill_rect(164.0, 494.0, 17.0, 17.0)
set_stroke #d0d0d0
set_line_width(17.0)
set_line_cap round
begin_path
move_to(82.5, 412.5)
line_to(82.5, 502.5)
stroke
set_line_width(17.0)
set_line_cap round
begin_path
move_to(82.5, 502.5)
line_to(172.5, 502.5)
stroke
set_fill #d0d0d0
begin_path
arc(82.5, 502.5, 8.5, 0.0, 6.283185307179586)
fill
set_stroke #f0f0f0
set_fill #f0f0f0
set_line_width(15.0)
set_line_cap round
begin_path
move_to(82.5, 412.5)
line_to(82.5, 502.5)
stroke
set_line_width(15.0)
set_line_cap round
begin_path
move_to(82.5, 502.5)
line_to(172.5, 502.5)
stroke
begin_path
arc(82.5, 502.5, 7.5, 0.0, 6.283185307179586)
fill
set_fill #f0f0f0
begin_path
arc(172.5, 502.5, 7.5, 0.0, 6.283185307179586)
fill
begin_path
arc(82.5, 412.5, 7.5, 0.0, 6.283185307179586)
fill
set_stroke #666
set_line_width(2.0)
begin_path
move_to(78.0, 408.0)
line_to(87.0, 417.0)
stroke
begin_path
move_to(78.0, 417.0)
line_to(87.0, 408.0)
stroke

## roster
roster w=124.0 h=19.0 boost=false facing=Right cells=[(6.0, 0.0), (0.0, 0.0)]
roster w=124.0 h=19.0 boost=false facing=Left cells=[(0.0, 0.0), (6.0, 0.0)]

# roster glyph w=124.0 h=19.0 boost=false
set_stroke #b84444
set_line_width(19.0)
set_line_cap round
begin_path
move_to(8.5, 8.5)
line_to(110.5, 8.5)
stroke
set_fill #b84444
set_stroke #ff6b6b
set_fill #ff6b6b
set_line_width(17.0)
set_line_cap round
begin_path
move_to(8.5, 8.5)
line_to(110.5, 8.5)
stroke
set_fill #ff6b6b
begin_path
arc(8.5, 8.5, 8.5, 0.0, 6.283185307179586)
fill
set_fill rgba(255, 255, 255, 0.3)
fill_rect(102.0, 0.0, 17.0, 17.0)
set_fill rgba(255, 255, 255, 0.27)
fill_rect(85.0, 0.0, 17.0, 17.0)
set_fill rgba(255, 255, 255, 0.24)
fill_rect(68.0, 0.0, 17.0, 17.0)
set_fill rgba(255, 255, 255, 0.21)
fill_rect(51.0, 0.0, 17.0, 17.0)
set_fill rgba(255, 255, 255, 0.18)
fill_rect(34.0, 0.0, 17.0, 17.0)
set_fill rgba(255, 255, 255, 0.15)
fill_rect(17.0, 0.0, 17.0, 17.0)
set_fill rgba(255, 255, 255, 0.12)
fill_rect(0.0, 0.0, 17.0, 17.0)
set_fill #ff6b6b
begin_path
arc(110.5, 8.5, 8.5, 0.0, 6.283185307179586)
fill
set_fill rgba(255, 255, 255, 0.3)
begin_path
arc(110.5, 8.5, 8.5, 0.0, 6.283185307179586)
fill
set_fill #333
begin_path
arc(110.5, 8.5, 6.46, 0.0, 6.283185307179586)
fill
roster w=124.0 h=19.0 boost=true facing=Right cells=[(8.0, 0.0), (0.0, 0.0)]
roster w=124.0 h=19.0 boost=true facing=Left cells=[(0.0, 0.0), (8.0, 0.0)]

# roster glyph w=124.0 h=19.0 boost=true
set_stroke #fff200
set_line_width(19.0)
set_line_cap round
begin_path
move_to(6.5, 6.5)
line_to(110.5, 6.5)
stroke
set_fill #fff200
set_stroke #b84444
set_line_width(15.0)
set_line_cap round
begin_path
move_to(6.5, 6.5)
line_to(110.5, 6.5)
stroke
set_fill #b84444
set_stroke #ff6b6b
set_fill #ff6b6b
set_line_width(13.0)
set_line_cap round
begin_path
move_to(6.5, 6.5)
line_to(110.5, 6.5)
stroke
set_fill #ff6b6b
begin_path
arc(6.5, 6.5, 6.5, 0.0, 6.283185307179586)
fill
set_fill rgba(255, 255, 255, 0.3)
fill_rect(104.0, 0.0, 13.0, 13.0)
set_fill rgba(255, 255, 255, 0.27)
fill_rect(91.0, 0.0, 13.0, 13.0)
set_fill rgba(255, 255, 255, 0.24)
fill_rect(78.0, 0.0, 13.0, 13.0)
set_fill rgba(255, 255, 255, 0.21)
fill_rect(65.0, 0.0, 13.0, 13.0)
set_fill rgba(255, 255, 255, 0.18)
fill_rect(52.0, 0.0, 13.0, 13.0)
set_fill rgba(255, 255, 255, 0.15)
fill_rect(39.0, 0.0, 13.0, 13.0)
set_fill rgba(255, 255, 255, 0.12)
fill_rect(26.0, 0.0, 13.0, 13.0)
set_fill rgba(255, 255, 255, 0.09000000000000001)
fill_rect(13.0, 0.0, 13.0, 13.0)
set_fill rgba(255, 255, 255, 0.059999999999999984)
fill_rect(0.0, 0.0, 13.0, 13.0)
set_fill #ff6b6b
begin_path
arc(110.5, 6.5, 6.5, 0.0, 6.283185307179586)
fill
set_fill rgba(255, 255, 255, 0.3)
begin_path
arc(110.5, 6.5, 6.5, 0.0, 6.283185307179586)
fill
set_fill #333
begin_path
arc(110.5, 6.5, 4.94, 0.0, 6.283185307179586)
fill
roster w=96.0 h=14.0 boost=false facing=Right cells=[(7.0, 0.0), (0.0, 0.0)]
roster w=96.0 h=14.0 boost=false facing=Left cells=[(0.0, 0.0), (7.0, 0.0)]

# roster glyph w=96.0 h=14.0 boost=false
set_stroke #b84444
set_line_width(13.75)
set_line_cap round
begin_path
move_to(5.875, 5.875)
line_to(88.125, 5.875)
stroke
set_fill #b84444
set_stroke #ff6b6b
set_fill #ff6b6b
set_line_width(11.75)
set_line_cap round
begin_path
move_to(5.875, 5.875)
line_to(88.125, 5.875)
stroke
set_fill #ff6b6b
begin_path
arc(5.875, 5.875, 5.875, 0.0, 6.283185307179586)
fill
set_fill rgba(255, 255, 255, 0.3)
fill_rect(82.25, 0.0, 11.75, 11.75)
set_fill rgba(255, 255, 255, 0.27)
fill_rect(70.5, 0.0, 11.75, 11.75)
set_fill rgba(255, 255, 255, 0.24)
fill_rect(58.75, 0.0, 11.75, 11.75)
set_fill rgba(255, 255, 255, 0.21)
fill_rect(47.0, 0.0, 11.75, 11.75)
set_fill rgba(255, 255, 255, 0.18)
fill_rect(35.25, 0.0, 11.75, 11.75)
set_fill rgba(255, 255, 255, 0.15)
fill_rect(23.5, 0.0, 11.75, 11.75)
set_fill rgba(255, 255, 255, 0.12)
fill_rect(11.75, 0.0, 11.75, 11.75)
set_fill rgba(255, 255, 255, 0.09000000000000001)
fill_rect(0.0, 0.0, 11.75, 11.75)
set_fill #ff6b6b
begin_path
arc(88.125, 5.875, 5.875, 0.0, 6.283185307179586)
fill
set_fill rgba(255, 255, 255, 0.3)
begin_path
arc(88.125, 5.875, 5.875, 0.0, 6.283185307179586)
fill
set_fill #333
begin_path
arc(88.125, 5.875, 4.465, 0.0, 6.283185307179586)
fill
roster w=96.0 h=14.0 boost=true facing=Right cells=[(10.0, 0.0), (0.0, 0.0)]
roster w=96.0 h=14.0 boost=true facing=Left cells=[(0.0, 0.0), (10.0, 0.0)]

# roster glyph w=96.0 h=14.0 boost=true
set_stroke #fff200
set_line_width(14.0)
set_line_cap round
begin_path
move_to(4.0, 4.0)
line_to(84.0, 4.0)
stroke
set_fill #fff200
set_stroke #b84444
set_line_width(10.0)
set_line_cap round
begin_path
move_to(4.0, 4.0)
line_to(84.0, 4.0)
stroke
set_fill #b84444
set_stroke #ff6b6b
set_fill #ff6b6b
set_line_width(8.0)
set_line_cap round
begin_path
move_to(4.0, 4.0)
line_to(84.0, 4.0)
stroke
set_fill #ff6b6b
begin_path
arc(4.0, 4.0, 4.0, 0.0, 6.283185307179586)
fill
set_fill rgba(255, 255, 255, 0.3)
fill_rect(80.0, 0.0, 8.0, 8.0)
set_fill rgba(255, 255, 255, 0.27)
fill_rect(72.0, 0.0, 8.0, 8.0)
set_fill rgba(255, 255, 255, 0.24)
fill_rect(64.0, 0.0, 8.0, 8.0)
set_fill rgba(255, 255, 255, 0.21)
fill_rect(56.0, 0.0, 8.0, 8.0)
set_fill rgba(255, 255, 255, 0.18)
fill_rect(48.0, 0.0, 8.0, 8.0)
set_fill rgba(255, 255, 255, 0.15)
fill_rect(40.0, 0.0, 8.0, 8.0)
set_fill rgba(255, 255, 255, 0.12)
fill_rect(32.0, 0.0, 8.0, 8.0)
set_fill rgba(255, 255, 255, 0.09000000000000001)
fill_rect(24.0, 0.0, 8.0, 8.0)
set_fill rgba(255, 255, 255, 0.059999999999999984)
fill_rect(16.0, 0.0, 8.0, 8.0)
set_fill rgba(255, 255, 255, 0.029999999999999992)
fill_rect(8.0, 0.0, 8.0, 8.0)
set_fill #ff6b6b
begin_path
arc(84.0, 4.0, 4.0, 0.0, 6.283185307179586)
fill
set_fill rgba(255, 255, 255, 0.3)
begin_path
arc(84.0, 4.0, 4.0, 0.0, 6.283185307179586)
fill
set_fill #333
begin_path
arc(84.0, 4.0, 3.04, 0.0, 6.283185307179586)
fill
roster w=200.0 h=32.0 boost=false facing=Right cells=[(6.0, 0.0), (0.0, 0.0)]
roster w=200.0 h=32.0 boost=false facing=Left cells=[(0.0, 0.0), (6.0, 0.0)]

# roster glyph w=200.0 h=32.0 boost=false
set_stroke #b84444
set_line_width(30.285714285714285)
set_line_cap round
begin_path
move_to(14.142857142857142, 14.142857142857142)
line_to(183.85714285714286, 14.142857142857142)
stroke
set_fill #b84444
set_stroke #ff6b6b
set_fill #ff6b6b
set_line_width(28.285714285714285)
set_line_cap round
begin_path
move_to(14.142857142857142, 14.142857142857142)
line_to(183.85714285714286, 14.142857142857142)
stroke
set_fill #ff6b6b
begin_path
arc(14.142857142857142, 14.142857142857142, 14.142857142857142, 0.0, 6.283185307179586)
fill
set_fill rgba(255, 255, 255, 0.3)
fill_rect(169.71428571428572, 0.0, 28.285714285714285, 28.285714285714285)
set_fill rgba(255, 255, 255, 0.27)
fill_rect(141.42857142857142, 0.0, 28.285714285714285, 28.285714285714285)
set_fill rgba(255, 255, 255, 0.24)
fill_rect(113.14285714285714, 0.0, 28.285714285714285, 28.285714285714285)
set_fill rgba(255, 255, 255, 0.21)
fill_rect(84.85714285714286, 0.0, 28.285714285714285, 28.285714285714285)
set_fill rgba(255, 255, 255, 0.18)
fill_rect(56.57142857142857, 0.0, 28.285714285714285, 28.285714285714285)
set_fill rgba(255, 255, 255, 0.15)
fill_rect(28.285714285714285, 0.0, 28.285714285714285, 28.285714285714285)
set_fill rgba(255, 255, 255, 0.12)
fill_rect(0.0, 0.0, 28.285714285714285, 28.285714285714285)
set_fill #ff6b6b
begin_path
arc(183.85714285714286, 14.142857142857142, 14.142857142857142, 0.0, 6.283185307179586)
fill
set_fill rgba(255, 255, 255, 0.3)
begin_path
arc(183.85714285714286, 14.142857142857142, 14.142857142857142, 0.0, 6.283185307179586)
fill
set_fill #333
begin_path
arc(183.85714285714286, 14.142857142857142, 10.748571428571429, 0.0, 6.283185307179586)
fill
roster w=200.0 h=32.0 boost=true facing=Right cells=[(6.0, 0.0), (0.0, 0.0)]
roster w=200.0 h=32.0 boost=true facing=Left cells=[(0.0, 0.0), (6.0, 0.0)]

# roster glyph w=200.0 h=32.0 boost=true
set_stroke #fff200
set_line_width(32.0)
set_line_cap round
begin_path
move_to(13.0, 13.0)
line_to(169.0, 13.0)
stroke
set_fill #fff200
set_stroke #b84444
set_line_width(28.0)
set_line_cap round
begin_path
move_to(13.0, 13.0)
line_to(169.0, 13.0)
stroke
set_fill #b84444
set_stroke #ff6b6b
set_fill #ff6b6b
set_line_width(26.0)
set_line_cap round
begin_path
move_to(13.0, 13.0)
line_to(169.0, 13.0)
stroke
set_fill #ff6b6b
begin_path
arc(13.0, 13.0, 13.0, 0.0, 6.283185307179586)
fill
set_fill rgba(255, 255, 255, 0.3)
fill_rect(156.0, 0.0, 26.0, 26.0)
set_fill rgba(255, 255, 255, 0.27)
fill_rect(130.0, 0.0, 26.0, 26.0)
set_fill rgba(255, 255, 255, 0.24)
fill_rect(104.0, 0.0, 26.0, 26.0)
set_fill rgba(255, 255, 255, 0.21)
fill_rect(78.0, 0.0, 26.0, 26.0)
set_fill rgba(255, 255, 255, 0.18)
fill_rect(52.0, 0.0, 26.0, 26.0)
set_fill rgba(255, 255, 255, 0.15)
fill_rect(26.0, 0.0, 26.0, 26.0)
set_fill rgba(255, 255, 255, 0.12)
fill_rect(0.0, 0.0, 26.0, 26.0)
set_fill #ff6b6b
begin_path
arc(169.0, 13.0, 13.0, 0.0, 6.283185307179586)
fill
set_fill rgba(255, 255, 255, 0.3)
begin_path
arc(169.0, 13.0, 13.0, 0.0, 6.283185307179586)
fill
set_fill #333
begin_path
arc(169.0, 13.0, 9.88, 0.0, 6.283185307179586)
fill

## base_theme
local_team=None zones=#e6f4fa/#ffe6e6 walls=#7aa8c1/#c18888 text=#c0d8e4/#e4c0c0
local_team=Some(0) zones=#e6f4fa/#ffe6e6 walls=#7aa8c1/#c18888 text=#c0d8e4/#e4c0c0
local_team=Some(1) zones=#ffe6e6/#e6f4fa walls=#c18888/#7aa8c1 text=#e4c0c0/#c0d8e4

## celebration_theme
effect=goal-impact-wave accents=#5299bb/#d45454 readouts=#2b6f8c/#a83232

## label_ink
#70bfe3 -> #0f172a
#3c8dde -> #0f172a
#ff6b6b -> #0f172a
#e34e5b -> #0f172a
#556270 -> #ffffff
#f7b731 -> #0f172a
